app	version	sdk_min	sdk_trg	method	fromLine	toLine	apis	alternative	ruleCheck	warning	message	confidence
a2dp.Vol	2.13.0.1	23	28	a2dp.Vol.Connector.connectBluetoothA2dp(Ljava/lang/String;)V	-1	-1	android.os.AsyncTask.execute([Ljava/lang/Object;)Landroid/os/AsyncTask;	android.os.AsyncTask.executeOnExecutor(Ljava/util/concurrent/Executor;[Ljava/lang/Object;)Landroid/os/AsyncTask;	SDK_INT <= -1	ForwardImprovement	"[Info] You should use alternative APIs, since you do not support old Android versions (SDK_INT <= -1). Please, use: android.os.AsyncTask.executeOnExecutor(Ljava/util/concurrent/Executor;[Ljava/lang/Object;)Landroid/os/AsyncTask;."	0.0
a2dp.Vol	2.13.0.1	23	28	a2dp.Vol.ManageData$2.onClick(Landroid/view/View;)V	-1	-1	android.os.AsyncTask.execute([Ljava/lang/Object;)Landroid/os/AsyncTask;	android.os.AsyncTask.executeOnExecutor(Ljava/util/concurrent/Executor;[Ljava/lang/Object;)Landroid/os/AsyncTask;	SDK_INT <= -1	ForwardImprovement	"[Info] You should use alternative APIs, since you do not support old Android versions (SDK_INT <= -1). Please, use: android.os.AsyncTask.executeOnExecutor(Ljava/util/concurrent/Executor;[Ljava/lang/Object;)Landroid/os/AsyncTask;."	0.0
a2dp.Vol	2.13.0.1	23	28	a2dp.Vol.ManageData$3.onClick(Landroid/view/View;)V	-1	-1	android.os.AsyncTask.execute([Ljava/lang/Object;)Landroid/os/AsyncTask;	android.os.AsyncTask.executeOnExecutor(Ljava/util/concurrent/Executor;[Ljava/lang/Object;)Landroid/os/AsyncTask;	SDK_INT <= -1	ForwardImprovement	"[Info] You should use alternative APIs, since you do not support old Android versions (SDK_INT <= -1). Please, use: android.os.AsyncTask.executeOnExecutor(Ljava/util/concurrent/Executor;[Ljava/lang/Object;)Landroid/os/AsyncTask;."	0.0
a2dp.Vol	2.13.0.1	23	28	a2dp.Vol.ManageData$4.onClick(Landroid/view/View;)V	-1	-1	android.os.AsyncTask.execute([Ljava/lang/Object;)Landroid/os/AsyncTask;	android.os.AsyncTask.executeOnExecutor(Ljava/util/concurrent/Executor;[Ljava/lang/Object;)Landroid/os/AsyncTask;	SDK_INT <= -1	ForwardImprovement	"[Info] You should use alternative APIs, since you do not support old Android versions (SDK_INT <= -1). Please, use: android.os.AsyncTask.executeOnExecutor(Ljava/util/concurrent/Executor;[Ljava/lang/Object;)Landroid/os/AsyncTask;."	0.0
a2dp.Vol	2.13.0.1	23	28	a2dp.Vol.ManageData$5.onClick(Landroid/view/View;)V	-1	-1	android.os.AsyncTask.execute([Ljava/lang/Object;)Landroid/os/AsyncTask;	android.os.AsyncTask.executeOnExecutor(Ljava/util/concurrent/Executor;[Ljava/lang/Object;)Landroid/os/AsyncTask;	SDK_INT <= -1	ForwardImprovement	"[Info] You should use alternative APIs, since you do not support old Android versions (SDK_INT <= -1). Please, use: android.os.AsyncTask.executeOnExecutor(Ljava/util/concurrent/Executor;[Ljava/lang/Object;)Landroid/os/AsyncTask;."	0.0
a2dp.Vol	2.13.0.1	23	28	a2dp.Vol.ManageData.onCreate(Landroid/os/Bundle;)V	-1	-1	android.os.AsyncTask.execute([Ljava/lang/Object;)Landroid/os/AsyncTask;	android.os.AsyncTask.executeOnExecutor(Ljava/util/concurrent/Executor;[Ljava/lang/Object;)Landroid/os/AsyncTask;	SDK_INT <= -1	ForwardImprovement	"[Info] You should use alternative APIs, since you do not support old Android versions (SDK_INT <= -1). Please, use: android.os.AsyncTask.executeOnExecutor(Ljava/util/concurrent/Executor;[Ljava/lang/Object;)Landroid/os/AsyncTask;."	0.0
a2dp.Vol	2.13.0.1	23	28	a2dp.Vol.NotificationCatcher.onNotificationPosted(Landroid/service/notification/StatusBarNotification;)V	-1	-1	android.os.AsyncTask.execute([Ljava/lang/Object;)Landroid/os/AsyncTask;	android.os.AsyncTask.executeOnExecutor(Ljava/util/concurrent/Executor;[Ljava/lang/Object;)Landroid/os/AsyncTask;	SDK_INT <= -1	ForwardImprovement	"[Info] You should use alternative APIs, since you do not support old Android versions (SDK_INT <= -1). Please, use: android.os.AsyncTask.executeOnExecutor(Ljava/util/concurrent/Executor;[Ljava/lang/Object;)Landroid/os/AsyncTask;."	0.0
a2dp.Vol	2.13.0.1	23	28	a2dp.Vol.service.TextReader(Ljava/lang/String;)V	-1	-1	android.util.Log.i(Ljava/lang/String;Ljava/lang/String;)I	android.util.Log.w(Ljava/lang/String;Ljava/lang/String;)I&android.content.pm.PackageManager.getPackageInfo(Ljava/lang/String;I)Landroid/content/pm/PackageInfo;&android.content.Context.getPackageName()Ljava/lang/String;&android.content.Context.getPackageManager()Landroid/content/pm/PackageManager;&android.util.Log.e(Ljava/lang/String;Ljava/lang/String;Ljava/lang/Throwable;)I	SDK_INT <= 22	ForwardImprovement	"[Info] You should use alternative APIs, since you do not support old Android versions (SDK_INT <= 22). Please, use: android.util.Log.w(Ljava/lang/String;Ljava/lang/String;)I --- android.content.pm.PackageManager.getPackageInfo(Ljava/lang/String;I)Landroid/content/pm/PackageInfo; --- android.content.Context.getPackageName()Ljava/lang/String; --- android.content.Context.getPackageManager()Landroid/content/pm/PackageManager; --- android.util.Log.e(Ljava/lang/String;Ljava/lang/String;Ljava/lang/Throwable;)I."	0.0
a2dp.Vol	2.13.0.1	23	28	a2dp.Vol.service.TextReader(Ljava/lang/String;)V	-1	-1	android.util.Log.i(Ljava/lang/String;Ljava/lang/String;)I	android.webkit.WebView.addJavascriptInterface(Ljava/lang/Object;Ljava/lang/String;)V	SDK_INT <= 16	ForwardImprovement	"[Info] You should use alternative APIs, since you do not support old Android versions (SDK_INT <= 16). Please, use: android.webkit.WebView.addJavascriptInterface(Ljava/lang/Object;Ljava/lang/String;)V."	0.0
