app	version	sdk_min	sdk_trg	method	fromLine	toLine	apis	alternative	ruleCheck	warning	message	confidence
li.klass.fhempremium	null	14	26	com.a.a.a.a(Landroid/content/Context;Lcom/a/a/a$a;)V	-1	-1	android.os.AsyncTask.execute([Ljava/lang/Object;)Landroid/os/AsyncTask;	android.os.AsyncTask.executeOnExecutor(Ljava/util/concurrent/Executor;[Ljava/lang/Object;)Landroid/os/AsyncTask;	SDK_INT <= -1	ForwardImprovement	"[Info] You should use alternative APIs, since you do not support old Android versions (SDK_INT <= -1). Please, use: android.os.AsyncTask.executeOnExecutor(Ljava/util/concurrent/Executor;[Ljava/lang/Object;)Landroid/os/AsyncTask;."	0.0
li.klass.fhempremium	null	14	26	li.klass.fhem.service.intent.ExternalApiService$IncomingHandler.handleMessage(Landroid/os/Message;)V	-1	-1	android.os.AsyncTask.execute([Ljava/lang/Object;)Landroid/os/AsyncTask;	android.os.AsyncTask.executeOnExecutor(Ljava/util/concurrent/Executor;[Ljava/lang/Object;)Landroid/os/AsyncTask;	SDK_INT <= -1	ForwardImprovement	"[Info] You should use alternative APIs, since you do not support old Android versions (SDK_INT <= -1). Please, use: android.os.AsyncTask.executeOnExecutor(Ljava/util/concurrent/Executor;[Ljava/lang/Object;)Landroid/os/AsyncTask;."	0.0
li.klass.fhempremium	null	14	26	li.klass.fhem.util.ImageUtil.loadImageFrom(Ljava/lang/String;Lli/klass/fhem/util/ImageUtil$ImageLoadedListener;)V	-1	-1	android.os.AsyncTask.execute([Ljava/lang/Object;)Landroid/os/AsyncTask;	android.os.AsyncTask.executeOnExecutor(Ljava/util/concurrent/Executor;[Ljava/lang/Object;)Landroid/os/AsyncTask;	SDK_INT <= -1	ForwardImprovement	"[Info] You should use alternative APIs, since you do not support old Android versions (SDK_INT <= -1). Please, use: android.os.AsyncTask.executeOnExecutor(Ljava/util/concurrent/Executor;[Ljava/lang/Object;)Landroid/os/AsyncTask;."	0.0
li.klass.fhempremium	null	14	26	com.bumptech.glide.e.a(Landroid/view/View;)Lcom/bumptech/glide/i;	-1	-1	android.view.View.getContext()Landroid/content/Context;		SDK_INT <= 13	ForwardImprovement	"[Info] You should not use these APIs, which are commonly used in old Android versions which you do not support (SDK_INT <= 13)."	0.0
li.klass.fhempremium	null	14	26	com.github.mikephil.charting.listener.BarLineChartTouchListener.onTouch(Landroid/view/View;Landroid/view/MotionEvent;)Z	-1	-1	android.view.MotionEvent.getActionMasked()I	android.view.MotionEvent.getAction()I	SDK_INT <= 7	BackwardImprovement	"If you want to support older versions (<= 7), add a check and handle using these APIs: android.view.MotionEvent.getAction()I"	0.0
