app	version	sdk_min	sdk_trg	method	fromLine	toLine	apis	alternative	ruleCheck	warning	message	confidence
org.sufficientlysecure.keychain	3.2.3	19	22	org.sufficientlysecure.keychain.ui.ViewKeyActivity.onLoadFinished(Landroid/support/v4/content/Loader;Landroid/database/Cursor;)V	-1	-1	android.widget.ImageView.setAlpha(I)V	android.widget.ImageView.setImageAlpha(I)V	SDK_INT <= -1	ForwardBadSmell	"[Warning] You should use this APIs differently in newer Android versions (SDK_INT > -1). For new versions, consider using these APIs: android.widget.ImageView.setImageAlpha(I)V."	0.0
org.sufficientlysecure.keychain	3.2.3	19	22	com.nispok.snackbar.SnackbarHelperChildViewJB.<init>(Landroid/content/Context;)V	-1	-1	android.view.View.setVisibility(I)V	android.view.animation.AlphaAnimation.<init>(FF)V&android.view.animation.Animation.setRepeatCount(I)V&android.view.View.startAnimation(Landroid/view/animation/Animation;)V&android.view.animation.Animation.setFillAfter(Z)V&android.view.animation.Animation.setDuration(J)V	SDK_INT <= 10	ForwardImprovement	"[Info] You should use alternative APIs, since you do not support old Android versions (SDK_INT <= 10). Please, use: android.view.animation.AlphaAnimation.<init>(FF)V --- android.view.animation.Animation.setRepeatCount(I)V --- android.view.View.startAnimation(Landroid/view/animation/Animation;)V --- android.view.animation.Animation.setFillAfter(Z)V --- android.view.animation.Animation.setDuration(J)V."	0.0
org.sufficientlysecure.keychain	3.2.3	19	22	com.nispok.snackbar.SnackbarHelperChildViewJB.<init>(Landroid/content/Context;)V	-1	-1	android.view.View.setVisibility(I)V	android.view.View.setAlpha(F)V	SDK_INT <= 10	ForwardImprovement	"[Info] You should use alternative APIs, since you do not support old Android versions (SDK_INT <= 10). Please, use: android.view.View.setAlpha(F)V."	0.0
org.sufficientlysecure.keychain	3.2.3	19	22	edu.cmu.cylab.starslinger.exchange.ExchangeActivity$5.onClick(Landroid/content/DialogInterface;I)V	-1	-1	android.os.AsyncTask.execute([Ljava/lang/Object;)Landroid/os/AsyncTask;	android.os.AsyncTask.executeOnExecutor(Ljava/util/concurrent/Executor;[Ljava/lang/Object;)Landroid/os/AsyncTask;	SDK_INT <= -1	ForwardImprovement	"[Info] You should use alternative APIs, since you do not support old Android versions (SDK_INT <= -1). Please, use: android.os.AsyncTask.executeOnExecutor(Ljava/util/concurrent/Executor;[Ljava/lang/Object;)Landroid/os/AsyncTask;."	0.0
org.sufficientlysecure.keychain	3.2.3	19	22	edu.cmu.cylab.starslinger.exchange.ExchangeActivity$SyncGoodSigsTask.onPostExecute(Ljava/lang/String;)V	-1	-1	android.os.AsyncTask.execute([Ljava/lang/Object;)Landroid/os/AsyncTask;	android.os.AsyncTask.executeOnExecutor(Ljava/util/concurrent/Executor;[Ljava/lang/Object;)Landroid/os/AsyncTask;	SDK_INT <= -1	ForwardImprovement	"[Info] You should use alternative APIs, since you do not support old Android versions (SDK_INT <= -1). Please, use: android.os.AsyncTask.executeOnExecutor(Ljava/util/concurrent/Executor;[Ljava/lang/Object;)Landroid/os/AsyncTask;."	0.0
org.sufficientlysecure.keychain	3.2.3	19	22	edu.cmu.cylab.starslinger.exchange.ExchangeActivity.handleGroupingActivity(ILandroid/content/Intent;)V	-1	-1	android.os.AsyncTask.execute([Ljava/lang/Object;)Landroid/os/AsyncTask;	android.os.AsyncTask.executeOnExecutor(Ljava/util/concurrent/Executor;[Ljava/lang/Object;)Landroid/os/AsyncTask;	SDK_INT <= -1	ForwardImprovement	"[Info] You should use alternative APIs, since you do not support old Android versions (SDK_INT <= -1). Please, use: android.os.AsyncTask.executeOnExecutor(Ljava/util/concurrent/Executor;[Ljava/lang/Object;)Landroid/os/AsyncTask;."	0.0
org.sufficientlysecure.keychain	3.2.3	19	22	edu.cmu.cylab.starslinger.exchange.ExchangeActivity.handleVerifyActivity(I)V	-1	-1	android.os.AsyncTask.execute([Ljava/lang/Object;)Landroid/os/AsyncTask;	android.os.AsyncTask.executeOnExecutor(Ljava/util/concurrent/Executor;[Ljava/lang/Object;)Landroid/os/AsyncTask;	SDK_INT <= -1	ForwardImprovement	"[Info] You should use alternative APIs, since you do not support old Android versions (SDK_INT <= -1). Please, use: android.os.AsyncTask.executeOnExecutor(Ljava/util/concurrent/Executor;[Ljava/lang/Object;)Landroid/os/AsyncTask;."	0.0
org.sufficientlysecure.keychain	3.2.3	19	22	edu.cmu.cylab.starslinger.exchange.ExchangeActivity.handleVerifyActivity(I)V	-1	-1	android.os.AsyncTask.execute([Ljava/lang/Object;)Landroid/os/AsyncTask;	android.os.AsyncTask.executeOnExecutor(Ljava/util/concurrent/Executor;[Ljava/lang/Object;)Landroid/os/AsyncTask;	SDK_INT <= -1	ForwardImprovement	"[Info] You should use alternative APIs, since you do not support old Android versions (SDK_INT <= -1). Please, use: android.os.AsyncTask.executeOnExecutor(Ljava/util/concurrent/Executor;[Ljava/lang/Object;)Landroid/os/AsyncTask;."	0.0
org.sufficientlysecure.keychain	3.2.3	19	22	edu.cmu.cylab.starslinger.exchange.ExchangeActivity.handleVerifyActivity(I)V	-1	-1	android.os.AsyncTask.execute([Ljava/lang/Object;)Landroid/os/AsyncTask;	android.os.AsyncTask.executeOnExecutor(Ljava/util/concurrent/Executor;[Ljava/lang/Object;)Landroid/os/AsyncTask;	SDK_INT <= -1	ForwardImprovement	"[Info] You should use alternative APIs, since you do not support old Android versions (SDK_INT <= -1). Please, use: android.os.AsyncTask.executeOnExecutor(Ljava/util/concurrent/Executor;[Ljava/lang/Object;)Landroid/os/AsyncTask;."	0.0
org.sufficientlysecure.keychain	3.2.3	19	22	edu.cmu.cylab.starslinger.exchange.ExchangeActivity.onActivityResult(IILandroid/content/Intent;)V	-1	-1	android.os.AsyncTask.execute([Ljava/lang/Object;)Landroid/os/AsyncTask;	android.os.AsyncTask.executeOnExecutor(Ljava/util/concurrent/Executor;[Ljava/lang/Object;)Landroid/os/AsyncTask;	SDK_INT <= -1	ForwardImprovement	"[Info] You should use alternative APIs, since you do not support old Android versions (SDK_INT <= -1). Please, use: android.os.AsyncTask.executeOnExecutor(Ljava/util/concurrent/Executor;[Ljava/lang/Object;)Landroid/os/AsyncTask;."	0.0
org.sufficientlysecure.keychain	3.2.3	19	22	edu.cmu.cylab.starslinger.exchange.ExchangeActivity.onCreate(Landroid/os/Bundle;)V	-1	-1	android.os.AsyncTask.execute([Ljava/lang/Object;)Landroid/os/AsyncTask;	android.os.AsyncTask.executeOnExecutor(Ljava/util/concurrent/Executor;[Ljava/lang/Object;)Landroid/os/AsyncTask;	SDK_INT <= -1	ForwardImprovement	"[Info] You should use alternative APIs, since you do not support old Android versions (SDK_INT <= -1). Please, use: android.os.AsyncTask.executeOnExecutor(Ljava/util/concurrent/Executor;[Ljava/lang/Object;)Landroid/os/AsyncTask;."	0.0
org.sufficientlysecure.keychain	3.2.3	19	22	org.sufficientlysecure.htmltextview.UrlImageGetter.getDrawable(Ljava/lang/String;)Landroid/graphics/drawable/Drawable;	-1	-1	android.os.AsyncTask.execute([Ljava/lang/Object;)Landroid/os/AsyncTask;	android.os.AsyncTask.executeOnExecutor(Ljava/util/concurrent/Executor;[Ljava/lang/Object;)Landroid/os/AsyncTask;	SDK_INT <= -1	ForwardImprovement	"[Info] You should use alternative APIs, since you do not support old Android versions (SDK_INT <= -1). Please, use: android.os.AsyncTask.executeOnExecutor(Ljava/util/concurrent/Executor;[Ljava/lang/Object;)Landroid/os/AsyncTask;."	0.0
org.sufficientlysecure.keychain	3.2.3	19	22	org.sufficientlysecure.keychain.ui.EncryptDecryptOverviewFragment.onResume()V	-1	-1	android.os.AsyncTask.execute([Ljava/lang/Object;)Landroid/os/AsyncTask;	android.os.AsyncTask.executeOnExecutor(Ljava/util/concurrent/Executor;[Ljava/lang/Object;)Landroid/os/AsyncTask;	SDK_INT <= -1	ForwardImprovement	"[Info] You should use alternative APIs, since you do not support old Android versions (SDK_INT <= -1). Please, use: android.os.AsyncTask.executeOnExecutor(Ljava/util/concurrent/Executor;[Ljava/lang/Object;)Landroid/os/AsyncTask;."	0.0
org.sufficientlysecure.keychain	3.2.3	19	22	org.sufficientlysecure.keychain.ui.PassphraseDialogActivity$PassphraseDialogFragment$4.onClick(Landroid/view/View;)V	-1	-1	android.os.AsyncTask.execute([Ljava/lang/Object;)Landroid/os/AsyncTask;	android.os.AsyncTask.executeOnExecutor(Ljava/util/concurrent/Executor;[Ljava/lang/Object;)Landroid/os/AsyncTask;	SDK_INT <= -1	ForwardImprovement	"[Info] You should use alternative APIs, since you do not support old Android versions (SDK_INT <= -1). Please, use: android.os.AsyncTask.executeOnExecutor(Ljava/util/concurrent/Executor;[Ljava/lang/Object;)Landroid/os/AsyncTask;."	0.0
org.sufficientlysecure.keychain	3.2.3	19	22	org.sufficientlysecure.keychain.ui.PassphraseWizardActivity.showAlertDialog(Ljava/lang/String;Z)V	-1	-1	android.app.AlertDialog$Builder.<init>(Landroid/content/Context;)V	android.app.AlertDialog$Builder.<init>(Landroid/content/Context;I)V	SDK_INT <= 10	ForwardImprovement	"[Info] You should use alternative APIs, since you do not support old Android versions (SDK_INT <= 10). Please, use: android.app.AlertDialog$Builder.<init>(Landroid/content/Context;I)V."	0.0
org.sufficientlysecure.keychain	3.2.3	19	22	org.sufficientlysecure.keychain.ui.ViewKeyActivity.loadQrCode(Ljava/lang/String;)V	-1	-1	android.os.AsyncTask.execute([Ljava/lang/Object;)Landroid/os/AsyncTask;	android.os.AsyncTask.executeOnExecutor(Ljava/util/concurrent/Executor;[Ljava/lang/Object;)Landroid/os/AsyncTask;	SDK_INT <= -1	ForwardImprovement	"[Info] You should use alternative APIs, since you do not support old Android versions (SDK_INT <= -1). Please, use: android.os.AsyncTask.executeOnExecutor(Ljava/util/concurrent/Executor;[Ljava/lang/Object;)Landroid/os/AsyncTask;."	0.0
org.sufficientlysecure.keychain	3.2.3	19	22	org.sufficientlysecure.keychain.ui.ViewKeyActivity.onLoadFinished(Landroid/support/v4/content/Loader;Landroid/database/Cursor;)V	-1	-1	android.os.AsyncTask.execute([Ljava/lang/Object;)Landroid/os/AsyncTask;	android.os.AsyncTask.executeOnExecutor(Ljava/util/concurrent/Executor;[Ljava/lang/Object;)Landroid/os/AsyncTask;	SDK_INT <= -1	ForwardImprovement	"[Info] You should use alternative APIs, since you do not support old Android versions (SDK_INT <= -1). Please, use: android.os.AsyncTask.executeOnExecutor(Ljava/util/concurrent/Executor;[Ljava/lang/Object;)Landroid/os/AsyncTask;."	0.0
org.sufficientlysecure.keychain	3.2.3	19	22	org.sufficientlysecure.keychain.ui.ViewKeyActivity.onLoadFinished(Landroid/support/v4/content/Loader;Landroid/database/Cursor;)V	-1	-1	android.os.AsyncTask.execute([Ljava/lang/Object;)Landroid/os/AsyncTask;	android.os.AsyncTask.executeOnExecutor(Ljava/util/concurrent/Executor;[Ljava/lang/Object;)Landroid/os/AsyncTask;	SDK_INT <= -1	ForwardImprovement	"[Info] You should use alternative APIs, since you do not support old Android versions (SDK_INT <= -1). Please, use: android.os.AsyncTask.executeOnExecutor(Ljava/util/concurrent/Executor;[Ljava/lang/Object;)Landroid/os/AsyncTask;."	0.0
org.sufficientlysecure.keychain	3.2.3	19	22	org.sufficientlysecure.keychain.ui.ViewKeyAdvShareFragment.loadQrCode(Ljava/lang/String;)V	-1	-1	android.os.AsyncTask.execute([Ljava/lang/Object;)Landroid/os/AsyncTask;	android.os.AsyncTask.executeOnExecutor(Ljava/util/concurrent/Executor;[Ljava/lang/Object;)Landroid/os/AsyncTask;	SDK_INT <= -1	ForwardImprovement	"[Info] You should use alternative APIs, since you do not support old Android versions (SDK_INT <= -1). Please, use: android.os.AsyncTask.executeOnExecutor(Ljava/util/concurrent/Executor;[Ljava/lang/Object;)Landroid/os/AsyncTask;."	0.0
org.sufficientlysecure.keychain	3.2.3	19	22	org.sufficientlysecure.keychain.ui.ViewKeyTrustFragment$1.onClick(Landroid/view/View;)V	-1	-1	android.os.AsyncTask.execute([Ljava/lang/Object;)Landroid/os/AsyncTask;	android.os.AsyncTask.executeOnExecutor(Ljava/util/concurrent/Executor;[Ljava/lang/Object;)Landroid/os/AsyncTask;	SDK_INT <= -1	ForwardImprovement	"[Info] You should use alternative APIs, since you do not support old Android versions (SDK_INT <= -1). Please, use: android.os.AsyncTask.executeOnExecutor(Ljava/util/concurrent/Executor;[Ljava/lang/Object;)Landroid/os/AsyncTask;."	0.0
org.sufficientlysecure.keychain	3.2.3	19	22	org.sufficientlysecure.keychain.ui.dialog.AddKeyserverDialogFragment.verifyConnection(Ljava/lang/String;)V	-1	-1	android.os.AsyncTask.execute([Ljava/lang/Object;)Landroid/os/AsyncTask;	android.os.AsyncTask.executeOnExecutor(Ljava/util/concurrent/Executor;[Ljava/lang/Object;)Landroid/os/AsyncTask;	SDK_INT <= -1	ForwardImprovement	"[Info] You should use alternative APIs, since you do not support old Android versions (SDK_INT <= -1). Please, use: android.os.AsyncTask.executeOnExecutor(Ljava/util/concurrent/Executor;[Ljava/lang/Object;)Landroid/os/AsyncTask;."	0.0
org.sufficientlysecure.keychain	3.2.3	19	22	com.getbase.floatingactionbutton.FloatingActionsMenu.onLayout(ZIIII)V	-1	-1	android.view.View.setAlpha(F)V	android.view.View.setVisibility(I)V	SDK_INT <= 10	BackwardImprovement	"If you want to support older versions (<= 10), add a check and handle using these APIs: android.view.View.setVisibility(I)V"	0.0
org.sufficientlysecure.keychain	3.2.3	19	22	com.getbase.floatingactionbutton.FloatingActionsMenu.onLayout(ZIIII)V	-1	-1	android.view.View.setAlpha(F)V	android.view.View.setVisibility(I)V	SDK_INT <= 10	BackwardImprovement	"If you want to support older versions (<= 10), add a check and handle using these APIs: android.view.View.setVisibility(I)V"	0.0
org.sufficientlysecure.keychain	3.2.3	19	22	com.getbase.floatingactionbutton.FloatingActionsMenu.onLayout(ZIIII)V	-1	-1	android.view.View.setAlpha(F)V	android.view.View.setVisibility(I)V	SDK_INT <= 10	BackwardImprovement	"If you want to support older versions (<= 10), add a check and handle using these APIs: android.view.View.setVisibility(I)V"	0.0
org.sufficientlysecure.keychain	3.2.3	19	22	com.nispok.snackbar.listeners.SwipeDismissTouchListener.onTouch(Landroid/view/View;Landroid/view/MotionEvent;)Z	-1	-1	android.view.View.setAlpha(F)V	android.view.View.setVisibility(I)V	SDK_INT <= 10	BackwardImprovement	"If you want to support older versions (<= 10), add a check and handle using these APIs: android.view.View.setVisibility(I)V"	0.0
org.sufficientlysecure.keychain	3.2.3	19	22	com.nispok.snackbar.listeners.SwipeDismissTouchListener.onTouch(Landroid/view/View;Landroid/view/MotionEvent;)Z	-1	-1	android.view.MotionEvent.getActionMasked()I	android.view.MotionEvent.getAction()I	SDK_INT <= 7	BackwardImprovement	"If you want to support older versions (<= 7), add a check and handle using these APIs: android.view.MotionEvent.getAction()I"	0.0
org.sufficientlysecure.keychain	3.2.3	19	22	com.tokenautocomplete.TokenCompleteTextView.onTouchEvent(Landroid/view/MotionEvent;)Z	-1	-1	android.view.MotionEvent.getActionMasked()I	android.view.MotionEvent.getAction()I	SDK_INT <= 7	BackwardImprovement	"If you want to support older versions (<= 7), add a check and handle using these APIs: android.view.MotionEvent.getAction()I"	0.0
