app	version	sdk_min	sdk_trg	method	fromLine	toLine	apis	alternative	ruleCheck	warning	message	confidence
com.zzzmode.appopsx	1.2.5	21	28	com.h6ah4i.android.widget.advrecyclerview.touchguard.RecyclerViewTouchActionGuardManager.onInterceptTouchEvent(Landroid/support/v7/widget/RecyclerView;Landroid/view/MotionEvent;)Z	-1	-1	android.view.MotionEvent.getActionMasked()I	android.view.MotionEvent.getAction()I	SDK_INT <= 7	BackwardImprovement	"If you want to support older versions (<= 7), add a check and handle using these APIs: android.view.MotionEvent.getAction()I"	0.0
com.zzzmode.appopsx	1.2.5	21	28	com.h6ah4i.android.widget.advrecyclerview.touchguard.RecyclerViewTouchActionGuardManager.onTouchEvent(Landroid/support/v7/widget/RecyclerView;Landroid/view/MotionEvent;)V	-1	-1	android.view.MotionEvent.getActionMasked()I	android.view.MotionEvent.getAction()I	SDK_INT <= 7	BackwardImprovement	"If you want to support older versions (<= 7), add a check and handle using these APIs: android.view.MotionEvent.getAction()I"	0.0
com.zzzmode.appopsx	1.2.5	21	28	com.h6ah4i.android.widget.advrecyclerview.draggable.BaseDraggableItemDecorator.resetDraggingItemViewEffects(Landroid/view/View;F)V	-1	-1	android.view.View.setAlpha(F)V	android.view.View.setVisibility(I)V	SDK_INT <= 10	BackwardImprovement	"If you want to support older versions (<= 10), add a check and handle using these APIs: android.view.View.setVisibility(I)V"	0.0
com.zzzmode.appopsx	1.2.5	21	28	com.h6ah4i.android.widget.advrecyclerview.draggable.BaseDraggableItemDecorator.resetDraggingItemViewEffects(Landroid/view/View;F)V	-1	-1	android.view.View.setScaleY(F)V		SDK_INT <= 10	BackwardImprovement	"If you want to support older versions (<= 10), add a check and handle using these APIs: "	0.0
com.zzzmode.appopsx	1.2.5	21	28	com.h6ah4i.android.widget.advrecyclerview.draggable.BaseDraggableItemDecorator.moveToDefaultPosition(Landroid/view/View;FFFFZ)V	-1	-1	android.view.View.setScaleY(F)V		SDK_INT <= 10	BackwardImprovement	"If you want to support older versions (<= 10), add a check and handle using these APIs: "	0.0
com.zzzmode.appopsx	1.2.5	21	28	com.h6ah4i.android.widget.advrecyclerview.draggable.BaseDraggableItemDecorator.moveToDefaultPosition(Landroid/view/View;FFFFZ)V	-1	-1	android.view.View.setAlpha(F)V	android.view.View.setVisibility(I)V	SDK_INT <= 10	BackwardImprovement	"If you want to support older versions (<= 10), add a check and handle using these APIs: android.view.View.setVisibility(I)V"	0.0
com.zzzmode.appopsx	1.2.5	21	28	com.h6ah4i.android.widget.advrecyclerview.draggable.RecyclerViewDragDropManager.onInterceptTouchEvent(Landroid/support/v7/widget/RecyclerView;Landroid/view/MotionEvent;)Z	-1	-1	android.view.MotionEvent.getActionMasked()I	android.view.MotionEvent.getAction()I	SDK_INT <= 7	BackwardImprovement	"If you want to support older versions (<= 7), add a check and handle using these APIs: android.view.MotionEvent.getAction()I"	0.0
com.zzzmode.appopsx	1.2.5	21	28	com.h6ah4i.android.widget.advrecyclerview.draggable.RecyclerViewDragDropManager.onTouchEvent(Landroid/support/v7/widget/RecyclerView;Landroid/view/MotionEvent;)V	-1	-1	android.view.MotionEvent.getActionMasked()I	android.view.MotionEvent.getAction()I	SDK_INT <= 7	BackwardImprovement	"If you want to support older versions (<= 7), add a check and handle using these APIs: android.view.MotionEvent.getAction()I"	0.0
com.zzzmode.appopsx	1.2.5	21	28	com.h6ah4i.android.widget.advrecyclerview.expandable.RecyclerViewExpandableItemManager.handleActionUpOrCancel(Landroid/support/v7/widget/RecyclerView;Landroid/view/MotionEvent;)Z	-1	-1	android.view.MotionEvent.getActionMasked()I	android.view.MotionEvent.getAction()I	SDK_INT <= 7	BackwardImprovement	"If you want to support older versions (<= 7), add a check and handle using these APIs: android.view.MotionEvent.getAction()I"	0.0
com.zzzmode.appopsx	1.2.5	21	28	com.h6ah4i.android.widget.advrecyclerview.expandable.RecyclerViewExpandableItemManager.onInterceptTouchEvent(Landroid/support/v7/widget/RecyclerView;Landroid/view/MotionEvent;)Z	-1	-1	android.view.MotionEvent.getActionMasked()I	android.view.MotionEvent.getAction()I	SDK_INT <= 7	BackwardImprovement	"If you want to support older versions (<= 7), add a check and handle using these APIs: android.view.MotionEvent.getAction()I"	0.0
com.zzzmode.appopsx	1.2.5	21	28	com.h6ah4i.android.widget.advrecyclerview.swipeable.RecyclerViewSwipeManager.handleActionUpOrCancel(Landroid/view/MotionEvent;Z)Z	-1	-1	android.view.MotionEvent.getActionMasked()I	android.view.MotionEvent.getAction()I	SDK_INT <= 7	BackwardImprovement	"If you want to support older versions (<= 7), add a check and handle using these APIs: android.view.MotionEvent.getAction()I"	0.0
com.zzzmode.appopsx	1.2.5	21	28	com.h6ah4i.android.widget.advrecyclerview.swipeable.RecyclerViewSwipeManager.onInterceptTouchEvent(Landroid/support/v7/widget/RecyclerView;Landroid/view/MotionEvent;)Z	-1	-1	android.view.MotionEvent.getActionMasked()I	android.view.MotionEvent.getAction()I	SDK_INT <= 7	BackwardImprovement	"If you want to support older versions (<= 7), add a check and handle using these APIs: android.view.MotionEvent.getAction()I"	0.0
com.zzzmode.appopsx	1.2.5	21	28	com.h6ah4i.android.widget.advrecyclerview.swipeable.RecyclerViewSwipeManager.onTouchEvent(Landroid/support/v7/widget/RecyclerView;Landroid/view/MotionEvent;)V	-1	-1	android.view.MotionEvent.getActionMasked()I	android.view.MotionEvent.getAction()I	SDK_INT <= 7	BackwardImprovement	"If you want to support older versions (<= 7), add a check and handle using these APIs: android.view.MotionEvent.getAction()I"	0.0
com.zzzmode.appopsx	1.2.5	21	28	com.h6ah4i.android.widget.advrecyclerview.animator.RefactoredDefaultItemAnimator$DefaultItemAddAnimationManager.addPendingAnimation(Landroid/support/v7/widget/RecyclerView$ViewHolder;)Z	-1	-1	android.view.View.setAlpha(F)V	android.view.View.setVisibility(I)V	SDK_INT <= 10	BackwardImprovement	"If you want to support older versions (<= 10), add a check and handle using these APIs: android.view.View.setVisibility(I)V"	0.0
com.zzzmode.appopsx	1.2.5	21	28	com.h6ah4i.android.widget.advrecyclerview.animator.RefactoredDefaultItemAnimator$DefaultItemAddAnimationManager.onAnimationCancel(Lcom/h6ah4i/android/widget/advrecyclerview/animator/impl/AddAnimationInfo;Landroid/support/v7/widget/RecyclerView$ViewHolder;)V	-1	-1	android.view.View.setAlpha(F)V	android.view.View.setVisibility(I)V	SDK_INT <= 10	BackwardImprovement	"If you want to support older versions (<= 10), add a check and handle using these APIs: android.view.View.setVisibility(I)V"	0.0
com.zzzmode.appopsx	1.2.5	21	28	com.h6ah4i.android.widget.advrecyclerview.animator.RefactoredDefaultItemAnimator$DefaultItemAddAnimationManager.onAnimationEndedBeforeStarted(Lcom/h6ah4i/android/widget/advrecyclerview/animator/impl/AddAnimationInfo;Landroid/support/v7/widget/RecyclerView$ViewHolder;)V	-1	-1	android.view.View.setAlpha(F)V	android.view.View.setVisibility(I)V	SDK_INT <= 10	BackwardImprovement	"If you want to support older versions (<= 10), add a check and handle using these APIs: android.view.View.setVisibility(I)V"	0.0
com.zzzmode.appopsx	1.2.5	21	28	com.h6ah4i.android.widget.advrecyclerview.animator.RefactoredDefaultItemAnimator$DefaultItemChangeAnimationManager.addPendingAnimation(Landroid/support/v7/widget/RecyclerView$ViewHolder;Landroid/support/v7/widget/RecyclerView$ViewHolder;IIII)Z	-1	-1	android.view.View.setAlpha(F)V	android.view.View.setVisibility(I)V	SDK_INT <= 10	BackwardImprovement	"If you want to support older versions (<= 10), add a check and handle using these APIs: android.view.View.setVisibility(I)V"	0.0
com.zzzmode.appopsx	1.2.5	21	28	com.h6ah4i.android.widget.advrecyclerview.animator.RefactoredDefaultItemAnimator$DefaultItemChangeAnimationManager.addPendingAnimation(Landroid/support/v7/widget/RecyclerView$ViewHolder;Landroid/support/v7/widget/RecyclerView$ViewHolder;IIII)Z	-1	-1	android.view.View.setAlpha(F)V	android.view.View.setVisibility(I)V	SDK_INT <= 10	BackwardImprovement	"If you want to support older versions (<= 10), add a check and handle using these APIs: android.view.View.setVisibility(I)V"	0.0
com.zzzmode.appopsx	1.2.5	21	28	com.h6ah4i.android.widget.advrecyclerview.animator.RefactoredDefaultItemAnimator$DefaultItemChangeAnimationManager.onAnimationEndedBeforeStarted(Lcom/h6ah4i/android/widget/advrecyclerview/animator/impl/ChangeAnimationInfo;Landroid/support/v7/widget/RecyclerView$ViewHolder;)V	-1	-1	android.view.View.setAlpha(F)V	android.view.View.setVisibility(I)V	SDK_INT <= 10	BackwardImprovement	"If you want to support older versions (<= 10), add a check and handle using these APIs: android.view.View.setVisibility(I)V"	0.0
com.zzzmode.appopsx	1.2.5	21	28	com.h6ah4i.android.widget.advrecyclerview.animator.RefactoredDefaultItemAnimator$DefaultItemChangeAnimationManager.onAnimationEndedSuccessfully(Lcom/h6ah4i/android/widget/advrecyclerview/animator/impl/ChangeAnimationInfo;Landroid/support/v7/widget/RecyclerView$ViewHolder;)V	-1	-1	android.view.View.setAlpha(F)V	android.view.View.setVisibility(I)V	SDK_INT <= 10	BackwardImprovement	"If you want to support older versions (<= 10), add a check and handle using these APIs: android.view.View.setVisibility(I)V"	0.0
com.zzzmode.appopsx	1.2.5	21	28	com.h6ah4i.android.widget.advrecyclerview.animator.RefactoredDefaultItemAnimator$DefaultItemRemoveAnimationManager.onAnimationEndedBeforeStarted(Lcom/h6ah4i/android/widget/advrecyclerview/animator/impl/RemoveAnimationInfo;Landroid/support/v7/widget/RecyclerView$ViewHolder;)V	-1	-1	android.view.View.setAlpha(F)V	android.view.View.setVisibility(I)V	SDK_INT <= 10	BackwardImprovement	"If you want to support older versions (<= 10), add a check and handle using these APIs: android.view.View.setVisibility(I)V"	0.0
com.zzzmode.appopsx	1.2.5	21	28	com.h6ah4i.android.widget.advrecyclerview.animator.RefactoredDefaultItemAnimator$DefaultItemRemoveAnimationManager.onAnimationEndedSuccessfully(Lcom/h6ah4i/android/widget/advrecyclerview/animator/impl/RemoveAnimationInfo;Landroid/support/v7/widget/RecyclerView$ViewHolder;)V	-1	-1	android.view.View.setAlpha(F)V	android.view.View.setVisibility(I)V	SDK_INT <= 10	BackwardImprovement	"If you want to support older versions (<= 10), add a check and handle using these APIs: android.view.View.setVisibility(I)V"	0.0
com.zzzmode.appopsx	1.2.5	21	28	com.h6ah4i.android.widget.advrecyclerview.animator.SwipeDismissItemAnimator$SwipeDismissItemRemoveAnimationManager.onAnimationEndedBeforeStarted(Lcom/h6ah4i/android/widget/advrecyclerview/animator/impl/RemoveAnimationInfo;Landroid/support/v7/widget/RecyclerView$ViewHolder;)V	-1	-1	android.view.View.setAlpha(F)V	android.view.View.setVisibility(I)V	SDK_INT <= 10	BackwardImprovement	"If you want to support older versions (<= 10), add a check and handle using these APIs: android.view.View.setVisibility(I)V"	0.0
com.zzzmode.appopsx	1.2.5	21	28	com.h6ah4i.android.widget.advrecyclerview.animator.SwipeDismissItemAnimator$SwipeDismissItemRemoveAnimationManager.onAnimationEndedSuccessfully(Lcom/h6ah4i/android/widget/advrecyclerview/animator/impl/RemoveAnimationInfo;Landroid/support/v7/widget/RecyclerView$ViewHolder;)V	-1	-1	android.view.View.setAlpha(F)V	android.view.View.setVisibility(I)V	SDK_INT <= 10	BackwardImprovement	"If you want to support older versions (<= 10), add a check and handle using these APIs: android.view.View.setVisibility(I)V"	0.0
com.zzzmode.appopsx	1.2.5	21	28	com.zzzmode.appopsx.ui.core.LangHelper.updateLanguage(Landroid/content/Context;)V	-1	-1	android.content.res.Configuration.setLocale(Ljava/util/Locale;)V		SDK_INT <= 16	BackwardImprovement	"If you want to support older versions (<= 16), add a check and handle using these APIs: "	0.0
com.zzzmode.appopsx	1.2.5	21	28	com.zzzmode.appopsx.ui.core.LocalImageLoader$1.sizeOf(Ljava/lang/String;Landroid/graphics/drawable/Drawable;)I	-1	-1	android.graphics.Bitmap.getAllocationByteCount()I	android.graphics.Bitmap.getByteCount()I&android.graphics.Bitmap.getRowBytes()I&android.graphics.Bitmap.getHeight()I	SDK_INT <= 18	BackwardImprovement	"If you want to support older versions (<= 18), add a check and handle using these APIs: android.graphics.Bitmap.getByteCount()I --- android.graphics.Bitmap.getRowBytes()I --- android.graphics.Bitmap.getHeight()I"	0.0
