app	version	sdk_min	sdk_trg	method	fromLine	toLine	apis	alternative	ruleCheck	warning	message	confidence
org.secuso.privacyfriendlyboardgameclock	2.2.2	21	27	org.secuso.privacyfriendlyboardgameclock.activities.AboutActivity.onCreate(Landroid/os/Bundle;)V	-1	-1	android.view.View.setAlpha(F)V	android.view.View.setVisibility(I)V	SDK_INT <= 10	BackwardImprovement	"If you want to support older versions (<= 10), add a check and handle using these APIs: android.view.View.setVisibility(I)V"	0.0
org.secuso.privacyfriendlyboardgameclock	2.2.2	21	27	org.secuso.privacyfriendlyboardgameclock.activities.BaseActivity.onPostCreate(Landroid/os/Bundle;)V	-1	-1	android.view.View.setAlpha(F)V	android.view.View.setVisibility(I)V	SDK_INT <= 10	BackwardImprovement	"If you want to support older versions (<= 10), add a check and handle using these APIs: android.view.View.setVisibility(I)V"	0.0
org.secuso.privacyfriendlyboardgameclock	2.2.2	21	27	org.secuso.privacyfriendlyboardgameclock.activities.MainActivity.onCreate(Landroid/os/Bundle;)V	-1	-1	android.view.View.setBackground(Landroid/graphics/drawable/Drawable;)V	android.view.View.setBackgroundDrawable(Landroid/graphics/drawable/Drawable;)V	SDK_INT <= 15	BackwardImprovement	"If you want to support older versions (<= 15), add a check and handle using these APIs: android.view.View.setBackgroundDrawable(Landroid/graphics/drawable/Drawable;)V"	0.0
org.secuso.privacyfriendlyboardgameclock	2.2.2	21	27	org.secuso.privacyfriendlyboardgameclock.activities.MainActivity.onCreate(Landroid/os/Bundle;)V	-1	-1	android.view.View.setBackground(Landroid/graphics/drawable/Drawable;)V	android.view.View.setBackgroundDrawable(Landroid/graphics/drawable/Drawable;)V	SDK_INT <= 15	BackwardImprovement	"If you want to support older versions (<= 15), add a check and handle using these APIs: android.view.View.setBackgroundDrawable(Landroid/graphics/drawable/Drawable;)V"	0.0
