app	version	sdk_min	sdk_trg	method	fromLine	toLine	apis	alternative	ruleCheck	warning	message	confidence
es.usc.citius.servando.calendula	2.5.9	18	26	es.usc.citius.servando.calendula.util.PermissionUtils.hasPermission(Landroid/app/Activity;Ljava/lang/String;)Z	-1	-1	android.content.ContextWrapper.checkSelfPermission(Ljava/lang/String;)I		SDK_INT <= 22	BackwardCriticalBug	"[Critical] The APIs you are using must be used only in new Android versions (SDK_INT <= 22). Check the Android version before using them. "	0.0
es.usc.citius.servando.calendula	2.5.9	18	26	es.usc.citius.servando.calendula.util.PermissionUtils.requestPermissions(Landroid/app/Activity;[Ljava/lang/String;I)V	-1	-1	android.app.Activity.requestPermissions([Ljava/lang/String;I)V		SDK_INT <= 22	BackwardCriticalBug	"[Critical] The APIs you are using must be used only in new Android versions (SDK_INT <= 22). Check the Android version before using them. "	0.0
es.usc.citius.servando.calendula	2.5.9	18	26	es.usc.citius.servando.calendula.util.PermissionUtils.shouldShowRational(Landroid/app/Activity;Ljava/lang/String;)Z	-1	-1	android.app.Activity.shouldShowRequestPermissionRationale(Ljava/lang/String;)Z		SDK_INT <= 22	BackwardCriticalBug	"[Critical] The APIs you are using must be used only in new Android versions (SDK_INT <= 22). Check the Android version before using them. "	0.0
es.usc.citius.servando.calendula	2.5.9	18	26	com.github.javiersantos.materialstyleddialogs.MaterialStyledDialog.initStyle(Lcom/github/javiersantos/materialstyleddialogs/MaterialStyledDialog$Builder;)Landroid/view/View;	-1	-1	android.view.View.setVisibility(I)V	android.view.View.setAlpha(F)V	SDK_INT <= 10	ForwardImprovement	"[Info] You should use alternative APIs, since you do not support old Android versions (SDK_INT <= 10). Please, use: android.view.View.setAlpha(F)V."	0.0
es.usc.citius.servando.calendula	2.5.9	18	26	com.github.javiersantos.materialstyleddialogs.MaterialStyledDialog.initStyle(Lcom/github/javiersantos/materialstyleddialogs/MaterialStyledDialog$Builder;)Landroid/view/View;	-1	-1	android.view.View.setVisibility(I)V	android.view.animation.AlphaAnimation.<init>(FF)V&android.view.animation.Animation.setRepeatCount(I)V&android.view.View.startAnimation(Landroid/view/animation/Animation;)V&android.view.animation.Animation.setFillAfter(Z)V&android.view.animation.Animation.setDuration(J)V	SDK_INT <= 10	ForwardImprovement	"[Info] You should use alternative APIs, since you do not support old Android versions (SDK_INT <= 10). Please, use: android.view.animation.AlphaAnimation.<init>(FF)V --- android.view.animation.Animation.setRepeatCount(I)V --- android.view.View.startAnimation(Landroid/view/animation/Animation;)V --- android.view.animation.Animation.setFillAfter(Z)V --- android.view.animation.Animation.setDuration(J)V."	0.0
es.usc.citius.servando.calendula	2.5.9	18	26	com.github.javiersantos.materialstyleddialogs.MaterialStyledDialog.initStyle(Lcom/github/javiersantos/materialstyleddialogs/MaterialStyledDialog$Builder;)Landroid/view/View;	-1	-1	android.view.View.setVisibility(I)V	android.view.View.setAlpha(F)V	SDK_INT <= 10	ForwardImprovement	"[Info] You should use alternative APIs, since you do not support old Android versions (SDK_INT <= 10). Please, use: android.view.View.setAlpha(F)V."	0.0
es.usc.citius.servando.calendula	2.5.9	18	26	com.github.javiersantos.materialstyleddialogs.MaterialStyledDialog.initStyle(Lcom/github/javiersantos/materialstyleddialogs/MaterialStyledDialog$Builder;)Landroid/view/View;	-1	-1	android.view.View.setVisibility(I)V	android.view.animation.AlphaAnimation.<init>(FF)V&android.view.animation.Animation.setRepeatCount(I)V&android.view.View.startAnimation(Landroid/view/animation/Animation;)V&android.view.animation.Animation.setFillAfter(Z)V&android.view.animation.Animation.setDuration(J)V	SDK_INT <= 10	ForwardImprovement	"[Info] You should use alternative APIs, since you do not support old Android versions (SDK_INT <= 10). Please, use: android.view.animation.AlphaAnimation.<init>(FF)V --- android.view.animation.Animation.setRepeatCount(I)V --- android.view.View.startAnimation(Landroid/view/animation/Animation;)V --- android.view.animation.Animation.setFillAfter(Z)V --- android.view.animation.Animation.setDuration(J)V."	0.0
es.usc.citius.servando.calendula	2.5.9	18	26	com.github.javiersantos.materialstyleddialogs.MaterialStyledDialog.initStyle(Lcom/github/javiersantos/materialstyleddialogs/MaterialStyledDialog$Builder;)Landroid/view/View;	-1	-1	android.view.View.setVisibility(I)V	android.view.View.setAlpha(F)V	SDK_INT <= 10	ForwardImprovement	"[Info] You should use alternative APIs, since you do not support old Android versions (SDK_INT <= 10). Please, use: android.view.View.setAlpha(F)V."	0.0
es.usc.citius.servando.calendula	2.5.9	18	26	com.github.javiersantos.materialstyleddialogs.MaterialStyledDialog.initStyle(Lcom/github/javiersantos/materialstyleddialogs/MaterialStyledDialog$Builder;)Landroid/view/View;	-1	-1	android.view.View.setVisibility(I)V	android.view.animation.AlphaAnimation.<init>(FF)V&android.view.animation.Animation.setRepeatCount(I)V&android.view.View.startAnimation(Landroid/view/animation/Animation;)V&android.view.animation.Animation.setFillAfter(Z)V&android.view.animation.Animation.setDuration(J)V	SDK_INT <= 10	ForwardImprovement	"[Info] You should use alternative APIs, since you do not support old Android versions (SDK_INT <= 10). Please, use: android.view.animation.AlphaAnimation.<init>(FF)V --- android.view.animation.Animation.setRepeatCount(I)V --- android.view.View.startAnimation(Landroid/view/animation/Animation;)V --- android.view.animation.Animation.setFillAfter(Z)V --- android.view.animation.Animation.setDuration(J)V."	0.0
es.usc.citius.servando.calendula	2.5.9	18	26	es.usc.citius.servando.calendula.drugdb.download.DownloadDatabaseHelper.downloadDatabase(Landroid/content/Context;Ljava/lang/String;Les/usc/citius/servando/calendula/drugdb/download/DBInstallType;)V	-1	-1	android.os.AsyncTask.execute([Ljava/lang/Object;)Landroid/os/AsyncTask;	android.os.AsyncTask.executeOnExecutor(Ljava/util/concurrent/Executor;[Ljava/lang/Object;)Landroid/os/AsyncTask;	SDK_INT <= -1	ForwardImprovement	"[Info] You should use alternative APIs, since you do not support old Android versions (SDK_INT <= -1). Please, use: android.os.AsyncTask.executeOnExecutor(Ljava/util/concurrent/Executor;[Ljava/lang/Object;)Landroid/os/AsyncTask;."	0.0
es.usc.citius.servando.calendula	2.5.9	18	26	es.usc.citius.servando.calendula.activities.AllergiesActivity$5.onClick(Lcom/afollestad/materialdialogs/MaterialDialog;Lcom/afollestad/materialdialogs/DialogAction;)V	-1	-1	android.os.AsyncTask.execute([Ljava/lang/Object;)Landroid/os/AsyncTask;	android.os.AsyncTask.executeOnExecutor(Ljava/util/concurrent/Executor;[Ljava/lang/Object;)Landroid/os/AsyncTask;	SDK_INT <= -1	ForwardImprovement	"[Info] You should use alternative APIs, since you do not support old Android versions (SDK_INT <= -1). Please, use: android.os.AsyncTask.executeOnExecutor(Ljava/util/concurrent/Executor;[Ljava/lang/Object;)Landroid/os/AsyncTask;."	0.0
es.usc.citius.servando.calendula	2.5.9	18	26	es.usc.citius.servando.calendula.activities.AllergiesActivity$7.onClick(Lcom/afollestad/materialdialogs/MaterialDialog;Lcom/afollestad/materialdialogs/DialogAction;)V	-1	-1	android.os.AsyncTask.execute([Ljava/lang/Object;)Landroid/os/AsyncTask;	android.os.AsyncTask.executeOnExecutor(Ljava/util/concurrent/Executor;[Ljava/lang/Object;)Landroid/os/AsyncTask;	SDK_INT <= -1	ForwardImprovement	"[Info] You should use alternative APIs, since you do not support old Android versions (SDK_INT <= -1). Please, use: android.os.AsyncTask.executeOnExecutor(Ljava/util/concurrent/Executor;[Ljava/lang/Object;)Landroid/os/AsyncTask;."	0.0
es.usc.citius.servando.calendula	2.5.9	18	26	es.usc.citius.servando.calendula.fragments.MedicineCreateOrEditFragment.setDefaultStock()V	-1	-1	android.os.AsyncTask.execute([Ljava/lang/Object;)Landroid/os/AsyncTask;	android.os.AsyncTask.executeOnExecutor(Ljava/util/concurrent/Executor;[Ljava/lang/Object;)Landroid/os/AsyncTask;	SDK_INT <= -1	ForwardImprovement	"[Info] You should use alternative APIs, since you do not support old Android versions (SDK_INT <= -1). Please, use: android.os.AsyncTask.executeOnExecutor(Ljava/util/concurrent/Executor;[Ljava/lang/Object;)Landroid/os/AsyncTask;."	0.0
es.usc.citius.servando.calendula	2.5.9	18	26	es.usc.citius.servando.calendula.fragments.MedicineCreateOrEditFragment.onDialogNumberSet(ILjava/math/BigInteger;DZLjava/math/BigDecimal;)V	-1	-1	android.os.AsyncTask.execute([Ljava/lang/Object;)Landroid/os/AsyncTask;	android.os.AsyncTask.executeOnExecutor(Ljava/util/concurrent/Executor;[Ljava/lang/Object;)Landroid/os/AsyncTask;	SDK_INT <= -1	ForwardImprovement	"[Info] You should use alternative APIs, since you do not support old Android versions (SDK_INT <= -1). Please, use: android.os.AsyncTask.executeOnExecutor(Ljava/util/concurrent/Executor;[Ljava/lang/Object;)Landroid/os/AsyncTask;."	0.0
es.usc.citius.servando.calendula	2.5.9	18	26	es.usc.citius.servando.calendula.fragments.MedicineCreateOrEditFragment.setMedicne(Les/usc/citius/servando/calendula/persistence/Medicine;)V	-1	-1	android.os.AsyncTask.execute([Ljava/lang/Object;)Landroid/os/AsyncTask;	android.os.AsyncTask.executeOnExecutor(Ljava/util/concurrent/Executor;[Ljava/lang/Object;)Landroid/os/AsyncTask;	SDK_INT <= -1	ForwardImprovement	"[Info] You should use alternative APIs, since you do not support old Android versions (SDK_INT <= -1). Please, use: android.os.AsyncTask.executeOnExecutor(Ljava/util/concurrent/Executor;[Ljava/lang/Object;)Landroid/os/AsyncTask;."	0.0
es.usc.citius.servando.calendula	2.5.9	18	26	es.usc.citius.servando.calendula.settings.database.DatabasePrefsPresenter.checkDatabaseUpdate(Landroid/content/Context;)V	-1	-1	android.os.AsyncTask.execute([Ljava/lang/Object;)Landroid/os/AsyncTask;	android.os.AsyncTask.executeOnExecutor(Ljava/util/concurrent/Executor;[Ljava/lang/Object;)Landroid/os/AsyncTask;	SDK_INT <= -1	ForwardImprovement	"[Info] You should use alternative APIs, since you do not support old Android versions (SDK_INT <= -1). Please, use: android.os.AsyncTask.executeOnExecutor(Ljava/util/concurrent/Executor;[Ljava/lang/Object;)Landroid/os/AsyncTask;."	0.0
es.usc.citius.servando.calendula	2.5.9	18	26	es.usc.citius.servando.calendula.activities.AllergiesActivity.onActivityResult(IILandroid/content/Intent;)V	-1	-1	android.os.AsyncTask.execute([Ljava/lang/Object;)Landroid/os/AsyncTask;	android.os.AsyncTask.executeOnExecutor(Ljava/util/concurrent/Executor;[Ljava/lang/Object;)Landroid/os/AsyncTask;	SDK_INT <= -1	ForwardImprovement	"[Info] You should use alternative APIs, since you do not support old Android versions (SDK_INT <= -1). Please, use: android.os.AsyncTask.executeOnExecutor(Ljava/util/concurrent/Executor;[Ljava/lang/Object;)Landroid/os/AsyncTask;."	0.0
es.usc.citius.servando.calendula	2.5.9	18	26	es.usc.citius.servando.calendula.activities.AllergiesActivity.onCreate(Landroid/os/Bundle;)V	-1	-1	android.os.AsyncTask.execute([Ljava/lang/Object;)Landroid/os/AsyncTask;	android.os.AsyncTask.executeOnExecutor(Ljava/util/concurrent/Executor;[Ljava/lang/Object;)Landroid/os/AsyncTask;	SDK_INT <= -1	ForwardImprovement	"[Info] You should use alternative APIs, since you do not support old Android versions (SDK_INT <= -1). Please, use: android.os.AsyncTask.executeOnExecutor(Ljava/util/concurrent/Executor;[Ljava/lang/Object;)Landroid/os/AsyncTask;."	0.0
es.usc.citius.servando.calendula	2.5.9	18	26	es.usc.citius.servando.calendula.activities.AllergiesSearchActivity.doSearch()V	-1	-1	android.os.AsyncTask.execute([Ljava/lang/Object;)Landroid/os/AsyncTask;	android.os.AsyncTask.executeOnExecutor(Ljava/util/concurrent/Executor;[Ljava/lang/Object;)Landroid/os/AsyncTask;	SDK_INT <= -1	ForwardImprovement	"[Info] You should use alternative APIs, since you do not support old Android versions (SDK_INT <= -1). Please, use: android.os.AsyncTask.executeOnExecutor(Ljava/util/concurrent/Executor;[Ljava/lang/Object;)Landroid/os/AsyncTask;."	0.0
es.usc.citius.servando.calendula	2.5.9	18	26	es.usc.citius.servando.calendula.activities.CalendarActivity.onPatientUpdate()V	-1	-1	android.os.AsyncTask.execute([Ljava/lang/Object;)Landroid/os/AsyncTask;	android.os.AsyncTask.executeOnExecutor(Ljava/util/concurrent/Executor;[Ljava/lang/Object;)Landroid/os/AsyncTask;	SDK_INT <= -1	ForwardImprovement	"[Info] You should use alternative APIs, since you do not support old Android versions (SDK_INT <= -1). Please, use: android.os.AsyncTask.executeOnExecutor(Ljava/util/concurrent/Executor;[Ljava/lang/Object;)Landroid/os/AsyncTask;."	0.0
es.usc.citius.servando.calendula	2.5.9	18	26	es.usc.citius.servando.calendula.activities.ConfirmSchedulesActivity.saveSchedules()V	-1	-1	android.os.AsyncTask.execute([Ljava/lang/Object;)Landroid/os/AsyncTask;	android.os.AsyncTask.executeOnExecutor(Ljava/util/concurrent/Executor;[Ljava/lang/Object;)Landroid/os/AsyncTask;	SDK_INT <= -1	ForwardImprovement	"[Info] You should use alternative APIs, since you do not support old Android versions (SDK_INT <= -1). Please, use: android.os.AsyncTask.executeOnExecutor(Ljava/util/concurrent/Executor;[Ljava/lang/Object;)Landroid/os/AsyncTask;."	0.0
es.usc.citius.servando.calendula	2.5.9	18	26	es.usc.citius.servando.calendula.activities.ConfirmSchedulesActivity.onCreate(Landroid/os/Bundle;)V	-1	-1	android.os.AsyncTask.execute([Ljava/lang/Object;)Landroid/os/AsyncTask;	android.os.AsyncTask.executeOnExecutor(Ljava/util/concurrent/Executor;[Ljava/lang/Object;)Landroid/os/AsyncTask;	SDK_INT <= -1	ForwardImprovement	"[Info] You should use alternative APIs, since you do not support old Android versions (SDK_INT <= -1). Please, use: android.os.AsyncTask.executeOnExecutor(Ljava/util/concurrent/Executor;[Ljava/lang/Object;)Landroid/os/AsyncTask;."	0.0
es.usc.citius.servando.calendula	2.5.9	18	26	pl.droidsonroids.gif.GifTextureView.init(Landroid/util/AttributeSet;II)V	-1	-1	android.view.View.getContext()Landroid/content/Context;		SDK_INT <= 13	ForwardImprovement	"[Info] You should not use these APIs, which are commonly used in old Android versions which you do not support (SDK_INT <= 13)."	0.0
es.usc.citius.servando.calendula	2.5.9	18	26	es.usc.citius.servando.calendula.fragments.MedicinesListFragment.notifyDataChange()V	-1	-1	android.os.AsyncTask.execute([Ljava/lang/Object;)Landroid/os/AsyncTask;	android.os.AsyncTask.executeOnExecutor(Ljava/util/concurrent/Executor;[Ljava/lang/Object;)Landroid/os/AsyncTask;	SDK_INT <= -1	ForwardImprovement	"[Info] You should use alternative APIs, since you do not support old Android versions (SDK_INT <= -1). Please, use: android.os.AsyncTask.executeOnExecutor(Ljava/util/concurrent/Executor;[Ljava/lang/Object;)Landroid/os/AsyncTask;."	0.0
es.usc.citius.servando.calendula	2.5.9	18	26	es.usc.citius.servando.calendula.fragments.RoutinesListFragment.notifyDataChange()V	-1	-1	android.os.AsyncTask.execute([Ljava/lang/Object;)Landroid/os/AsyncTask;	android.os.AsyncTask.executeOnExecutor(Ljava/util/concurrent/Executor;[Ljava/lang/Object;)Landroid/os/AsyncTask;	SDK_INT <= -1	ForwardImprovement	"[Info] You should use alternative APIs, since you do not support old Android versions (SDK_INT <= -1). Please, use: android.os.AsyncTask.executeOnExecutor(Ljava/util/concurrent/Executor;[Ljava/lang/Object;)Landroid/os/AsyncTask;."	0.0
es.usc.citius.servando.calendula	2.5.9	18	26	es.usc.citius.servando.calendula.fragments.RoutinesListFragment.onCreateView(Landroid/view/LayoutInflater;Landroid/view/ViewGroup;Landroid/os/Bundle;)Landroid/view/View;	-1	-1	android.os.AsyncTask.execute([Ljava/lang/Object;)Landroid/os/AsyncTask;	android.os.AsyncTask.executeOnExecutor(Ljava/util/concurrent/Executor;[Ljava/lang/Object;)Landroid/os/AsyncTask;	SDK_INT <= -1	ForwardImprovement	"[Info] You should use alternative APIs, since you do not support old Android versions (SDK_INT <= -1). Please, use: android.os.AsyncTask.executeOnExecutor(Ljava/util/concurrent/Executor;[Ljava/lang/Object;)Landroid/os/AsyncTask;."	0.0
es.usc.citius.servando.calendula	2.5.9	18	26	es.usc.citius.servando.calendula.fragments.ScheduleListFragment.notifyDataChange()V	-1	-1	android.os.AsyncTask.execute([Ljava/lang/Object;)Landroid/os/AsyncTask;	android.os.AsyncTask.executeOnExecutor(Ljava/util/concurrent/Executor;[Ljava/lang/Object;)Landroid/os/AsyncTask;	SDK_INT <= -1	ForwardImprovement	"[Info] You should use alternative APIs, since you do not support old Android versions (SDK_INT <= -1). Please, use: android.os.AsyncTask.executeOnExecutor(Ljava/util/concurrent/Executor;[Ljava/lang/Object;)Landroid/os/AsyncTask;."	0.0
es.usc.citius.servando.calendula	2.5.9	18	26	com.mikepenz.aboutlibraries.util.RippleForegroundListener.onTouch(Landroid/view/View;Landroid/view/MotionEvent;)Z	-1	-1	android.view.MotionEvent.getActionMasked()I	android.view.MotionEvent.getAction()I	SDK_INT <= 7	BackwardImprovement	"If you want to support older versions (<= 7), add a check and handle using these APIs: android.view.MotionEvent.getAction()I"	0.0
es.usc.citius.servando.calendula	2.5.9	18	26	com.nineoldandroids.view.ViewHelper$Honeycomb.setAlpha(Landroid/view/View;F)V	-1	-1	android.view.View.setAlpha(F)V	android.view.View.setVisibility(I)V	SDK_INT <= 10	BackwardImprovement	"If you want to support older versions (<= 10), add a check and handle using these APIs: android.view.View.setVisibility(I)V"	0.0
es.usc.citius.servando.calendula	2.5.9	18	26	com.nineoldandroids.view.ViewHelper$Honeycomb.setScaleY(Landroid/view/View;F)V	-1	-1	android.view.View.setScaleY(F)V		SDK_INT <= 10	BackwardImprovement	"If you want to support older versions (<= 10), add a check and handle using these APIs: "	0.0
es.usc.citius.servando.calendula	2.5.9	18	26	es.usc.citius.servando.calendula.activities.WebViewActivity$1.run()V	-1	-1	android.view.View.setAlpha(F)V	android.view.View.setVisibility(I)V	SDK_INT <= 10	BackwardImprovement	"If you want to support older versions (<= 10), add a check and handle using these APIs: android.view.View.setVisibility(I)V"	0.0
es.usc.citius.servando.calendula	2.5.9	18	26	es.usc.citius.servando.calendula.activities.WebViewActivity$1.run()V	-1	-1	android.view.View.setAlpha(F)V	android.view.View.setVisibility(I)V	SDK_INT <= 10	BackwardImprovement	"If you want to support older versions (<= 10), add a check and handle using these APIs: android.view.View.setVisibility(I)V"	0.0
es.usc.citius.servando.calendula	2.5.9	18	26	es.usc.citius.servando.calendula.fragments.HomeProfileMgr$4.run()V	-1	-1	android.view.View.setAlpha(F)V	android.view.View.setVisibility(I)V	SDK_INT <= 10	BackwardImprovement	"If you want to support older versions (<= 10), add a check and handle using these APIs: android.view.View.setVisibility(I)V"	0.0
es.usc.citius.servando.calendula	2.5.9	18	26	com.nineoldandroids.view.ViewPropertyAnimatorHC.setValue(IF)V	-1	-1	android.view.View.setScaleY(F)V		SDK_INT <= 10	BackwardImprovement	"If you want to support older versions (<= 10), add a check and handle using these APIs: "	0.0
es.usc.citius.servando.calendula	2.5.9	18	26	com.nineoldandroids.view.ViewPropertyAnimatorHC.setValue(IF)V	-1	-1	android.view.View.setAlpha(F)V	android.view.View.setVisibility(I)V	SDK_INT <= 10	BackwardImprovement	"If you want to support older versions (<= 10), add a check and handle using these APIs: android.view.View.setVisibility(I)V"	0.0
es.usc.citius.servando.calendula	2.5.9	18	26	es.usc.citius.servando.calendula.fragments.MedInfoFragment.setupView()V	-1	-1	android.view.View.setAlpha(F)V	android.view.View.setVisibility(I)V	SDK_INT <= 10	BackwardImprovement	"If you want to support older versions (<= 10), add a check and handle using these APIs: android.view.View.setVisibility(I)V"	0.0
es.usc.citius.servando.calendula	2.5.9	18	26	es.usc.citius.servando.calendula.fragments.MedInfoFragment.setupView()V	-1	-1	android.view.View.setAlpha(F)V	android.view.View.setVisibility(I)V	SDK_INT <= 10	BackwardImprovement	"If you want to support older versions (<= 10), add a check and handle using these APIs: android.view.View.setVisibility(I)V"	0.0
es.usc.citius.servando.calendula	2.5.9	18	26	es.usc.citius.servando.calendula.fragments.MedInfoFragment.setupView()V	-1	-1	android.view.View.setAlpha(F)V	android.view.View.setVisibility(I)V	SDK_INT <= 10	BackwardImprovement	"If you want to support older versions (<= 10), add a check and handle using these APIs: android.view.View.setVisibility(I)V"	0.0
es.usc.citius.servando.calendula	2.5.9	18	26	es.usc.citius.servando.calendula.fragments.MedInfoFragment.setupView()V	-1	-1	android.view.View.setAlpha(F)V	android.view.View.setVisibility(I)V	SDK_INT <= 10	BackwardImprovement	"If you want to support older versions (<= 10), add a check and handle using these APIs: android.view.View.setVisibility(I)V"	0.0
es.usc.citius.servando.calendula	2.5.9	18	26	com.heinrichreimersoftware.materialintro.app.IntroActivity.updateBackgroundFade()V	-1	-1	android.view.View.setAlpha(F)V	android.view.View.setVisibility(I)V	SDK_INT <= 10	BackwardImprovement	"If you want to support older versions (<= 10), add a check and handle using these APIs: android.view.View.setVisibility(I)V"	0.0
es.usc.citius.servando.calendula	2.5.9	18	26	com.heinrichreimersoftware.materialintro.app.IntroActivity.updateBackgroundFade()V	-1	-1	android.view.View.setAlpha(F)V	android.view.View.setVisibility(I)V	SDK_INT <= 10	BackwardImprovement	"If you want to support older versions (<= 10), add a check and handle using these APIs: android.view.View.setVisibility(I)V"	0.0
es.usc.citius.servando.calendula	2.5.9	18	26	com.heinrichreimersoftware.materialintro.app.IntroActivity.updateButtonCta()V	-1	-1	android.view.View.setAlpha(F)V	android.view.View.setVisibility(I)V	SDK_INT <= 10	BackwardImprovement	"If you want to support older versions (<= 10), add a check and handle using these APIs: android.view.View.setVisibility(I)V"	0.0
es.usc.citius.servando.calendula	2.5.9	18	26	com.heinrichreimersoftware.materialintro.app.IntroActivity.updateButtonCta()V	-1	-1	android.view.View.setScaleY(F)V		SDK_INT <= 10	BackwardImprovement	"If you want to support older versions (<= 10), add a check and handle using these APIs: "	0.0
es.usc.citius.servando.calendula	2.5.9	18	26	com.heinrichreimersoftware.materialintro.app.IntroActivity.updateButtonCta()V	-1	-1	android.view.View.setAlpha(F)V	android.view.View.setVisibility(I)V	SDK_INT <= 10	BackwardImprovement	"If you want to support older versions (<= 10), add a check and handle using these APIs: android.view.View.setVisibility(I)V"	0.0
es.usc.citius.servando.calendula	2.5.9	18	26	com.heinrichreimersoftware.materialintro.app.IntroActivity.updateButtonCta()V	-1	-1	android.view.View.setScaleY(F)V		SDK_INT <= 10	BackwardImprovement	"If you want to support older versions (<= 10), add a check and handle using these APIs: "	0.0
es.usc.citius.servando.calendula	2.5.9	18	26	es.usc.citius.servando.calendula.activities.CalendarActivity.showPickupsInfo(Lorg/joda/time/LocalDate;)Z	-1	-1	android.view.View.setAlpha(F)V	android.view.View.setVisibility(I)V	SDK_INT <= 10	BackwardImprovement	"If you want to support older versions (<= 10), add a check and handle using these APIs: android.view.View.setVisibility(I)V"	0.0
es.usc.citius.servando.calendula	2.5.9	18	26	es.usc.citius.servando.calendula.activities.CalendarActivity.showPickupsInfo(Lorg/joda/time/LocalDate;)Z	-1	-1	android.view.View.setAlpha(F)V	android.view.View.setVisibility(I)V	SDK_INT <= 10	BackwardImprovement	"If you want to support older versions (<= 10), add a check and handle using these APIs: android.view.View.setVisibility(I)V"	0.0
es.usc.citius.servando.calendula	2.5.9	18	26	es.usc.citius.servando.calendula.activities.CalendarActivity.showPickupsInfo(Lorg/joda/time/LocalDate;)Z	-1	-1	android.view.View.setAlpha(F)V	android.view.View.setVisibility(I)V	SDK_INT <= 10	BackwardImprovement	"If you want to support older versions (<= 10), add a check and handle using these APIs: android.view.View.setVisibility(I)V"	0.0
es.usc.citius.servando.calendula	2.5.9	18	26	es.usc.citius.servando.calendula.activities.ConfirmSchedulesActivity.onClickScheduleTypeButton(I)V	-1	-1	android.view.View.setAlpha(F)V	android.view.View.setVisibility(I)V	SDK_INT <= 10	BackwardImprovement	"If you want to support older versions (<= 10), add a check and handle using these APIs: android.view.View.setVisibility(I)V"	0.0
es.usc.citius.servando.calendula	2.5.9	18	26	es.usc.citius.servando.calendula.activities.ConfirmSchedulesActivity.onClickScheduleTypeButton(I)V	-1	-1	android.view.View.setAlpha(F)V	android.view.View.setVisibility(I)V	SDK_INT <= 10	BackwardImprovement	"If you want to support older versions (<= 10), add a check and handle using these APIs: android.view.View.setVisibility(I)V"	0.0
es.usc.citius.servando.calendula	2.5.9	18	26	es.usc.citius.servando.calendula.activities.ConfirmSchedulesActivity.onClickScheduleTypeButton(I)V	-1	-1	android.view.View.setAlpha(F)V	android.view.View.setVisibility(I)V	SDK_INT <= 10	BackwardImprovement	"If you want to support older versions (<= 10), add a check and handle using these APIs: android.view.View.setVisibility(I)V"	0.0
es.usc.citius.servando.calendula	2.5.9	18	26	es.usc.citius.servando.calendula.activities.ConfirmSchedulesActivity.onClickScheduleTypeButton(I)V	-1	-1	android.view.View.setAlpha(F)V	android.view.View.setVisibility(I)V	SDK_INT <= 10	BackwardImprovement	"If you want to support older versions (<= 10), add a check and handle using these APIs: android.view.View.setVisibility(I)V"	0.0
es.usc.citius.servando.calendula	2.5.9	18	26	es.usc.citius.servando.calendula.activities.ConfirmSchedulesActivity.onClickScheduleTypeButton(I)V	-1	-1	android.view.View.setAlpha(F)V	android.view.View.setVisibility(I)V	SDK_INT <= 10	BackwardImprovement	"If you want to support older versions (<= 10), add a check and handle using these APIs: android.view.View.setVisibility(I)V"	0.0
es.usc.citius.servando.calendula	2.5.9	18	26	es.usc.citius.servando.calendula.activities.ConfirmSchedulesActivity.onClickScheduleTypeButton(I)V	-1	-1	android.view.View.setAlpha(F)V	android.view.View.setVisibility(I)V	SDK_INT <= 10	BackwardImprovement	"If you want to support older versions (<= 10), add a check and handle using these APIs: android.view.View.setVisibility(I)V"	0.0
es.usc.citius.servando.calendula	2.5.9	18	26	es.usc.citius.servando.calendula.activities.ConfirmSchedulesActivity.updateScheduleTypeSelector(I)V	-1	-1	android.view.View.setAlpha(F)V	android.view.View.setVisibility(I)V	SDK_INT <= 10	BackwardImprovement	"If you want to support older versions (<= 10), add a check and handle using these APIs: android.view.View.setVisibility(I)V"	0.0
es.usc.citius.servando.calendula	2.5.9	18	26	es.usc.citius.servando.calendula.activities.ConfirmSchedulesActivity.updateScheduleTypeSelector(I)V	-1	-1	android.view.View.setAlpha(F)V	android.view.View.setVisibility(I)V	SDK_INT <= 10	BackwardImprovement	"If you want to support older versions (<= 10), add a check and handle using these APIs: android.view.View.setVisibility(I)V"	0.0
es.usc.citius.servando.calendula	2.5.9	18	26	es.usc.citius.servando.calendula.activities.ConfirmSchedulesActivity.updateScheduleTypeSelector(I)V	-1	-1	android.view.View.setAlpha(F)V	android.view.View.setVisibility(I)V	SDK_INT <= 10	BackwardImprovement	"If you want to support older versions (<= 10), add a check and handle using these APIs: android.view.View.setVisibility(I)V"	0.0
es.usc.citius.servando.calendula	2.5.9	18	26	es.usc.citius.servando.calendula.activities.ConfirmSchedulesActivity.updateScheduleTypeSelector(I)V	-1	-1	android.view.View.setAlpha(F)V	android.view.View.setVisibility(I)V	SDK_INT <= 10	BackwardImprovement	"If you want to support older versions (<= 10), add a check and handle using these APIs: android.view.View.setVisibility(I)V"	0.0
es.usc.citius.servando.calendula	2.5.9	18	26	es.usc.citius.servando.calendula.activities.ConfirmSchedulesActivity.updateScheduleTypeSelector(I)V	-1	-1	android.view.View.setAlpha(F)V	android.view.View.setVisibility(I)V	SDK_INT <= 10	BackwardImprovement	"If you want to support older versions (<= 10), add a check and handle using these APIs: android.view.View.setVisibility(I)V"	0.0
es.usc.citius.servando.calendula	2.5.9	18	26	es.usc.citius.servando.calendula.activities.ConfirmSchedulesActivity.updateScheduleTypeSelector(I)V	-1	-1	android.view.View.setAlpha(F)V	android.view.View.setVisibility(I)V	SDK_INT <= 10	BackwardImprovement	"If you want to support older versions (<= 10), add a check and handle using these APIs: android.view.View.setVisibility(I)V"	0.0
