app	version	sdk_min	sdk_trg	method	fromLine	toLine	apis	alternative	ruleCheck	warning	message	confidence
com.jmstudios.chibe	1.2.1	14	24	com.jmstudios.chibe.timing.VibrationAlarmReceiver.isDndEnabled(Landroid/content/Context;)Z	-1	-1	android.util.Log.i(Ljava/lang/String;Ljava/lang/String;)I	android.webkit.WebView.addJavascriptInterface(Ljava/lang/Object;Ljava/lang/String;)V	SDK_INT <= 16	ForwardImprovement	"[Info] You should use these APIs differently in newer Android releases (SDK_INT > 16). Add a check and handle with: android.webkit.WebView.addJavascriptInterface(Ljava/lang/Object;Ljava/lang/String;)V."	0.0
com.jmstudios.chibe	1.2.1	14	24	com.jmstudios.chibe.timing.VibrationAlarmReceiver.isDndEnabled(Landroid/content/Context;)Z	-1	-1	android.util.Log.i(Ljava/lang/String;Ljava/lang/String;)I	android.util.Log.w(Ljava/lang/String;Ljava/lang/String;)I&android.content.pm.PackageManager.getPackageInfo(Ljava/lang/String;I)Landroid/content/pm/PackageInfo;&android.content.Context.getPackageName()Ljava/lang/String;&android.content.Context.getPackageManager()Landroid/content/pm/PackageManager;&android.util.Log.e(Ljava/lang/String;Ljava/lang/String;Ljava/lang/Throwable;)I	SDK_INT <= 22	ForwardImprovement	"[Info] You should use these APIs differently in newer Android releases (SDK_INT > 22). Add a check and handle with: android.util.Log.w(Ljava/lang/String;Ljava/lang/String;)I --- android.content.pm.PackageManager.getPackageInfo(Ljava/lang/String;I)Landroid/content/pm/PackageInfo; --- android.content.Context.getPackageName()Ljava/lang/String; --- android.content.Context.getPackageManager()Landroid/content/pm/PackageManager; --- android.util.Log.e(Ljava/lang/String;Ljava/lang/String;Ljava/lang/Throwable;)I."	0.0
com.jmstudios.chibe	1.2.1	14	24	com.jmstudios.chibe.timing.VibrationAlarmReceiver.isDndEnabled(Landroid/content/Context;)Z	-1	-1	android.util.Log.i(Ljava/lang/String;Ljava/lang/String;)I	android.webkit.WebView.addJavascriptInterface(Ljava/lang/Object;Ljava/lang/String;)V	SDK_INT <= 16	ForwardImprovement	"[Info] You should use these APIs differently in newer Android releases (SDK_INT > 16). Add a check and handle with: android.webkit.WebView.addJavascriptInterface(Ljava/lang/Object;Ljava/lang/String;)V."	0.0
com.jmstudios.chibe	1.2.1	14	24	com.jmstudios.chibe.timing.VibrationAlarmReceiver.isDndEnabled(Landroid/content/Context;)Z	-1	-1	android.util.Log.i(Ljava/lang/String;Ljava/lang/String;)I	android.util.Log.w(Ljava/lang/String;Ljava/lang/String;)I&android.content.pm.PackageManager.getPackageInfo(Ljava/lang/String;I)Landroid/content/pm/PackageInfo;&android.content.Context.getPackageName()Ljava/lang/String;&android.content.Context.getPackageManager()Landroid/content/pm/PackageManager;&android.util.Log.e(Ljava/lang/String;Ljava/lang/String;Ljava/lang/Throwable;)I	SDK_INT <= 22	ForwardImprovement	"[Info] You should use these APIs differently in newer Android releases (SDK_INT > 22). Add a check and handle with: android.util.Log.w(Ljava/lang/String;Ljava/lang/String;)I --- android.content.pm.PackageManager.getPackageInfo(Ljava/lang/String;I)Landroid/content/pm/PackageInfo; --- android.content.Context.getPackageName()Ljava/lang/String; --- android.content.Context.getPackageManager()Landroid/content/pm/PackageManager; --- android.util.Log.e(Ljava/lang/String;Ljava/lang/String;Ljava/lang/Throwable;)I."	0.0
com.jmstudios.chibe	1.2.1	14	24	com.github.paolorotolo.appintro.FadePageTransformer.transformPage(Landroid/view/View;F)V	-1	-1	android.view.View.setAlpha(F)V	android.view.View.setVisibility(I)V	SDK_INT <= 10	BackwardImprovement	"If you want to support older versions (<= 10), add a check and handle using these APIs: android.view.View.setVisibility(I)V"	0.0
com.jmstudios.chibe	1.2.1	14	24	com.github.paolorotolo.appintro.FadePageTransformer.transformPage(Landroid/view/View;F)V	-1	-1	android.view.View.setAlpha(F)V	android.view.View.setVisibility(I)V	SDK_INT <= 10	BackwardImprovement	"If you want to support older versions (<= 10), add a check and handle using these APIs: android.view.View.setVisibility(I)V"	0.0
com.jmstudios.chibe	1.2.1	14	24	com.github.paolorotolo.appintro.FadePageTransformer.transformPage(Landroid/view/View;F)V	-1	-1	android.view.View.setAlpha(F)V	android.view.View.setVisibility(I)V	SDK_INT <= 10	BackwardImprovement	"If you want to support older versions (<= 10), add a check and handle using these APIs: android.view.View.setVisibility(I)V"	0.0
com.jmstudios.chibe	1.2.1	14	24	com.github.paolorotolo.appintro.ViewPageTransformer.transformPage(Landroid/view/View;F)V	-1	-1	android.view.View.setScaleY(F)V		SDK_INT <= 10	BackwardImprovement	"If you want to support older versions (<= 10), add a check and handle using these APIs: "	0.0
com.jmstudios.chibe	1.2.1	14	24	com.github.paolorotolo.appintro.ViewPageTransformer.transformPage(Landroid/view/View;F)V	-1	-1	android.view.View.setAlpha(F)V	android.view.View.setVisibility(I)V	SDK_INT <= 10	BackwardImprovement	"If you want to support older versions (<= 10), add a check and handle using these APIs: android.view.View.setVisibility(I)V"	0.0
com.jmstudios.chibe	1.2.1	14	24	com.github.paolorotolo.appintro.ViewPageTransformer.transformPage(Landroid/view/View;F)V	-1	-1	android.view.View.setAlpha(F)V	android.view.View.setVisibility(I)V	SDK_INT <= 10	BackwardImprovement	"If you want to support older versions (<= 10), add a check and handle using these APIs: android.view.View.setVisibility(I)V"	0.0
com.jmstudios.chibe	1.2.1	14	24	com.github.paolorotolo.appintro.ViewPageTransformer.transformPage(Landroid/view/View;F)V	-1	-1	android.view.View.setAlpha(F)V	android.view.View.setVisibility(I)V	SDK_INT <= 10	BackwardImprovement	"If you want to support older versions (<= 10), add a check and handle using these APIs: android.view.View.setVisibility(I)V"	0.0
com.jmstudios.chibe	1.2.1	14	24	com.github.paolorotolo.appintro.ViewPageTransformer.transformPage(Landroid/view/View;F)V	-1	-1	android.view.View.setAlpha(F)V	android.view.View.setVisibility(I)V	SDK_INT <= 10	BackwardImprovement	"If you want to support older versions (<= 10), add a check and handle using these APIs: android.view.View.setVisibility(I)V"	0.0
