app	version	sdk_min	sdk_trg	method	fromLine	toLine	apis	alternative	ruleCheck	warning	message	confidence
org.floens.chan.dev	null	19	28	org.floens.chan.ui.theme.Theme$ThemeDrawable.apply(Landroid/widget/ImageView;)V	-1	-1	android.widget.ImageView.setAlpha(I)V	android.widget.ImageView.setImageAlpha(I)V	SDK_INT <= -1	ForwardBadSmell	"[Warning] You should use this APIs differently in newer Android versions (SDK_INT > -1). For new versions, consider using these APIs: android.widget.ImageView.setImageAlpha(I)V."	0.0
org.floens.chan.dev	null	19	28	org.floens.chan.utils.AndroidUtils.setRoundItemBackgroundLollipop(Landroid/view/View;)V	-1	-1	android.view.View.getContext()Landroid/content/Context;		SDK_INT <= 13	ForwardImprovement	"[Info] You should not use these APIs, which are commonly used in old Android versions which you do not support (SDK_INT <= 13)."	0.0
org.floens.chan.dev	null	19	28	androidx.browser.browseractions.BrowserActionsFallbackMenuDialog.startAnimation(Z)V	-1	-1	android.view.View.setScaleY(F)V		SDK_INT <= 10	BackwardImprovement	"If you want to support older versions (<= 10), add a check and handle using these APIs: "	0.0
org.floens.chan.dev	null	19	28	org.floens.chan.controller.ui.NavigationControllerContainerLayout.onInterceptTouchEvent(Landroid/view/MotionEvent;)Z	-1	-1	android.view.MotionEvent.getActionMasked()I	android.view.MotionEvent.getAction()I	SDK_INT <= 7	BackwardImprovement	"If you want to support older versions (<= 7), add a check and handle using these APIs: android.view.MotionEvent.getAction()I"	0.0
org.floens.chan.dev	null	19	28	org.floens.chan.controller.ui.NavigationControllerContainerLayout.onTouchEvent(Landroid/view/MotionEvent;)Z	-1	-1	android.view.MotionEvent.getActionMasked()I	android.view.MotionEvent.getAction()I	SDK_INT <= 7	BackwardImprovement	"If you want to support older versions (<= 7), add a check and handle using these APIs: android.view.MotionEvent.getAction()I"	0.0
org.floens.chan.dev	null	19	28	org.floens.chan.ui.captcha.v2.CaptchaNoJsV2Adapter.getView(ILandroid/view/View;Landroid/view/ViewGroup;)Landroid/view/View;	-1	-1	android.view.View.setScaleY(F)V		SDK_INT <= 10	BackwardImprovement	"If you want to support older versions (<= 10), add a check and handle using these APIs: "	0.0
org.floens.chan.dev	null	19	28	org.floens.chan.ui.captcha.v2.CaptchaNoJsV2Adapter.getView(ILandroid/view/View;Landroid/view/ViewGroup;)Landroid/view/View;	-1	-1	android.view.View.setAlpha(F)V	android.view.View.setVisibility(I)V	SDK_INT <= 10	BackwardImprovement	"If you want to support older versions (<= 10), add a check and handle using these APIs: android.view.View.setVisibility(I)V"	0.0
org.floens.chan.dev	null	19	28	org.floens.chan.ui.cell.AlbumViewCell.hideLabel()V	-1	-1	android.view.View.setAlpha(F)V	android.view.View.setVisibility(I)V	SDK_INT <= 10	BackwardImprovement	"If you want to support older versions (<= 10), add a check and handle using these APIs: android.view.View.setVisibility(I)V"	0.0
org.floens.chan.dev	null	19	28	org.floens.chan.ui.cell.PostCell$PostViewMovementMethod.onTouchEvent(Landroid/widget/TextView;Landroid/text/Spannable;Landroid/view/MotionEvent;)Z	-1	-1	android.view.MotionEvent.getActionMasked()I	android.view.MotionEvent.getAction()I	SDK_INT <= 7	BackwardImprovement	"If you want to support older versions (<= 7), add a check and handle using these APIs: android.view.MotionEvent.getAction()I"	0.0
org.floens.chan.dev	null	19	28	org.floens.chan.ui.controller.BoardSetupController$SavedBoardCell$1.onTouch(Landroid/view/View;Landroid/view/MotionEvent;)Z	-1	-1	android.view.MotionEvent.getActionMasked()I	android.view.MotionEvent.getAction()I	SDK_INT <= 7	BackwardImprovement	"If you want to support older versions (<= 7), add a check and handle using these APIs: android.view.MotionEvent.getAction()I"	0.0
org.floens.chan.dev	null	19	28	org.floens.chan.ui.controller.BrowseController$1.onAnimationEnd(Landroid/animation/Animator;)V	-1	-1	android.view.View.setScaleY(F)V		SDK_INT <= 10	BackwardImprovement	"If you want to support older versions (<= 10), add a check and handle using these APIs: "	0.0
org.floens.chan.dev	null	19	28	org.floens.chan.ui.layout.SearchLayout$1.onTextChanged(Ljava/lang/CharSequence;III)V	-1	-1	android.view.View.setAlpha(F)V	android.view.View.setVisibility(I)V	SDK_INT <= 10	BackwardImprovement	"If you want to support older versions (<= 10), add a check and handle using these APIs: android.view.View.setVisibility(I)V"	0.0
org.floens.chan.dev	null	19	28	org.floens.chan.ui.layout.SearchLayout.setCallback(Lorg/floens/chan/ui/layout/SearchLayout$SearchLayoutCallback;)V	-1	-1	android.view.View.setAlpha(F)V	android.view.View.setVisibility(I)V	SDK_INT <= 10	BackwardImprovement	"If you want to support older versions (<= 10), add a check and handle using these APIs: android.view.View.setVisibility(I)V"	0.0
org.floens.chan.dev	null	19	28	org.floens.chan.ui.layout.ThreadLayout$6.onAnimationCancel(Landroid/animation/Animator;)V	-1	-1	android.view.View.setScaleY(F)V		SDK_INT <= 10	BackwardImprovement	"If you want to support older versions (<= 10), add a check and handle using these APIs: "	0.0
org.floens.chan.dev	null	19	28	org.floens.chan.ui.layout.ThreadLayout$6.onAnimationCancel(Landroid/animation/Animator;)V	-1	-1	android.view.View.setAlpha(F)V	android.view.View.setVisibility(I)V	SDK_INT <= 10	BackwardImprovement	"If you want to support older versions (<= 10), add a check and handle using these APIs: android.view.View.setVisibility(I)V"	0.0
org.floens.chan.dev	null	19	28	org.floens.chan.ui.toolbar.ToolbarContainer.setAnimation(Lorg/floens/chan/ui/toolbar/ToolbarContainer$ItemView;Lorg/floens/chan/ui/toolbar/ToolbarContainer$ItemView;Lorg/floens/chan/ui/toolbar/ToolbarPresenter$AnimationStyle;)V	-1	-1	android.view.View.setAlpha(F)V	android.view.View.setVisibility(I)V	SDK_INT <= 10	BackwardImprovement	"If you want to support older versions (<= 10), add a check and handle using these APIs: android.view.View.setVisibility(I)V"	0.0
org.floens.chan.dev	null	19	28	org.floens.chan.ui.toolbar.ToolbarContainer.setAnimation(Lorg/floens/chan/ui/toolbar/ToolbarContainer$ItemView;Lorg/floens/chan/ui/toolbar/ToolbarContainer$ItemView;Lorg/floens/chan/ui/toolbar/ToolbarPresenter$AnimationStyle;)V	-1	-1	android.view.View.setAlpha(F)V	android.view.View.setVisibility(I)V	SDK_INT <= 10	BackwardImprovement	"If you want to support older versions (<= 10), add a check and handle using these APIs: android.view.View.setVisibility(I)V"	0.0
org.floens.chan.dev	null	19	28	org.floens.chan.ui.toolbar.ToolbarContainer.setAnimationProgress(Landroid/view/View;ZF)V	-1	-1	android.view.View.setAlpha(F)V	android.view.View.setVisibility(I)V	SDK_INT <= 10	BackwardImprovement	"If you want to support older versions (<= 10), add a check and handle using these APIs: android.view.View.setVisibility(I)V"	0.0
org.floens.chan.dev	null	19	28	org.floens.chan.ui.toolbar.ToolbarContainer.setPreviousAnimationProgress(Landroid/view/View;ZF)V	-1	-1	android.view.View.setAlpha(F)V	android.view.View.setVisibility(I)V	SDK_INT <= 10	BackwardImprovement	"If you want to support older versions (<= 10), add a check and handle using these APIs: android.view.View.setVisibility(I)V"	0.0
org.floens.chan.dev	null	19	28	org.floens.chan.ui.toolbar.ToolbarContainer.transitionProgressAnimation(FLorg/floens/chan/ui/toolbar/ToolbarPresenter$TransitionAnimationStyle;)V	-1	-1	android.view.View.setAlpha(F)V	android.view.View.setVisibility(I)V	SDK_INT <= 10	BackwardImprovement	"If you want to support older versions (<= 10), add a check and handle using these APIs: android.view.View.setVisibility(I)V"	0.0
org.floens.chan.dev	null	19	28	org.floens.chan.ui.toolbar.ToolbarContainer.transitionProgressAnimation(FLorg/floens/chan/ui/toolbar/ToolbarPresenter$TransitionAnimationStyle;)V	-1	-1	android.view.View.setAlpha(F)V	android.view.View.setVisibility(I)V	SDK_INT <= 10	BackwardImprovement	"If you want to support older versions (<= 10), add a check and handle using these APIs: android.view.View.setVisibility(I)V"	0.0
org.floens.chan.dev	null	19	28	org.floens.chan.ui.view.CrossfadeView.doToggle(Z)V	-1	-1	android.view.View.setAlpha(F)V	android.view.View.setVisibility(I)V	SDK_INT <= 10	BackwardImprovement	"If you want to support older versions (<= 10), add a check and handle using these APIs: android.view.View.setVisibility(I)V"	0.0
org.floens.chan.dev	null	19	28	org.floens.chan.ui.view.CrossfadeView.doToggle(Z)V	-1	-1	android.view.View.setAlpha(F)V	android.view.View.setVisibility(I)V	SDK_INT <= 10	BackwardImprovement	"If you want to support older versions (<= 10), add a check and handle using these APIs: android.view.View.setVisibility(I)V"	0.0
org.floens.chan.dev	null	19	28	org.floens.chan.ui.view.CrossfadeView.doToggle(Z)V	-1	-1	android.view.View.setAlpha(F)V	android.view.View.setVisibility(I)V	SDK_INT <= 10	BackwardImprovement	"If you want to support older versions (<= 10), add a check and handle using these APIs: android.view.View.setVisibility(I)V"	0.0
org.floens.chan.dev	null	19	28	org.floens.chan.ui.view.CrossfadeView.doToggle(Z)V	-1	-1	android.view.View.setAlpha(F)V	android.view.View.setVisibility(I)V	SDK_INT <= 10	BackwardImprovement	"If you want to support older versions (<= 10), add a check and handle using these APIs: android.view.View.setVisibility(I)V"	0.0
org.floens.chan.dev	null	19	28	org.floens.chan.ui.view.LoadView.setView(Landroid/view/View;Z)Landroid/view/View;	-1	-1	android.view.View.setAlpha(F)V	android.view.View.setVisibility(I)V	SDK_INT <= 10	BackwardImprovement	"If you want to support older versions (<= 10), add a check and handle using these APIs: android.view.View.setVisibility(I)V"	0.0
org.floens.chan.dev	null	19	28	org.floens.chan.ui.view.LoadView.setView(Landroid/view/View;Z)Landroid/view/View;	-1	-1	android.view.View.setAlpha(F)V	android.view.View.setVisibility(I)V	SDK_INT <= 10	BackwardImprovement	"If you want to support older versions (<= 10), add a check and handle using these APIs: android.view.View.setVisibility(I)V"	0.0
org.floens.chan.dev	null	19	28	org.floens.chan.ui.cell.PostCell$PostViewFastMovementMethod.onTouchEvent(Lorg/floens/chan/ui/text/FastTextView;Landroid/text/Spanned;Landroid/view/MotionEvent;)Z	-1	-1	android.view.MotionEvent.getActionMasked()I	android.view.MotionEvent.getAction()I	SDK_INT <= 7	BackwardImprovement	"If you want to support older versions (<= 7), add a check and handle using these APIs: android.view.MotionEvent.getAction()I"	0.0
org.floens.chan.dev	null	19	28	org.floens.chan.ui.controller.AlbumDownloadController.setItemChecked(Lorg/floens/chan/ui/controller/AlbumDownloadController$AlbumDownloadCell;ZZ)V	-1	-1	android.view.View.setScaleY(F)V		SDK_INT <= 10	BackwardImprovement	"If you want to support older versions (<= 10), add a check and handle using these APIs: "	0.0
org.floens.chan.dev	null	19	28	org.floens.chan.ui.controller.ImageViewerController.setToolbarBackgroundAlpha(F)V	-1	-1	android.view.View.setAlpha(F)V	android.view.View.setVisibility(I)V	SDK_INT <= 10	BackwardImprovement	"If you want to support older versions (<= 10), add a check and handle using these APIs: android.view.View.setVisibility(I)V"	0.0
org.floens.chan.dev	null	19	28	org.floens.chan.ui.controller.ImageViewerController.setToolbarBackgroundAlpha(F)V	-1	-1	android.view.View.setAlpha(F)V	android.view.View.setVisibility(I)V	SDK_INT <= 10	BackwardImprovement	"If you want to support older versions (<= 10), add a check and handle using these APIs: android.view.View.setVisibility(I)V"	0.0
org.floens.chan.dev	null	19	28	org.floens.chan.ui.controller.SitesSetupController$SiteCell.lambda$new$0$SitesSetupController$SiteCell(Landroid/view/View;Landroid/view/MotionEvent;)Z	-1	-1	android.view.MotionEvent.getActionMasked()I	android.view.MotionEvent.getAction()I	SDK_INT <= 7	BackwardImprovement	"If you want to support older versions (<= 7), add a check and handle using these APIs: android.view.MotionEvent.getAction()I"	0.0
org.floens.chan.dev	null	19	28	org.floens.chan.ui.layout.BrowseBoardsFloatingMenu.animateIn()V	-1	-1	android.view.View.setAlpha(F)V	android.view.View.setVisibility(I)V	SDK_INT <= 10	BackwardImprovement	"If you want to support older versions (<= 10), add a check and handle using these APIs: android.view.View.setVisibility(I)V"	0.0
org.floens.chan.dev	null	19	28	org.floens.chan.ui.controller.BrowseController.searchClicked(Lorg/floens/chan/ui/toolbar/ToolbarMenuItem;)V	-1	-1	android.view.View.setScaleY(F)V		SDK_INT <= 10	BackwardImprovement	"If you want to support older versions (<= 10), add a check and handle using these APIs: "	0.0
org.floens.chan.dev	null	19	28	org.floens.chan.ui.view.ThumbnailView.onImageSet(Z)V	-1	-1	android.view.View.setAlpha(F)V	android.view.View.setVisibility(I)V	SDK_INT <= 10	BackwardImprovement	"If you want to support older versions (<= 10), add a check and handle using these APIs: android.view.View.setVisibility(I)V"	0.0
org.floens.chan.dev	null	19	28	org.floens.chan.ui.view.ThumbnailView.hide(Z)V	-1	-1	android.view.View.setAlpha(F)V	android.view.View.setVisibility(I)V	SDK_INT <= 10	BackwardImprovement	"If you want to support older versions (<= 10), add a check and handle using these APIs: android.view.View.setVisibility(I)V"	0.0
org.floens.chan.dev	null	19	28	org.floens.chan.ui.view.ThumbnailView.show(Z)V	-1	-1	android.view.View.setAlpha(F)V	android.view.View.setVisibility(I)V	SDK_INT <= 10	BackwardImprovement	"If you want to support older versions (<= 10), add a check and handle using these APIs: android.view.View.setVisibility(I)V"	0.0
