app	version	sdk_min	sdk_trg	method	fromLine	toLine	apis	alternative	ruleCheck	warning	message	confidence
se.bitcraze.crazyfliecontrol2	0.7.2	14	28	se.bitcraze.crazyfliecontrol.bootloader.BootloaderActivity.startBootloader()V	-1	-1	android.os.AsyncTask.execute([Ljava/lang/Object;)Landroid/os/AsyncTask;	android.os.AsyncTask.executeOnExecutor(Ljava/util/concurrent/Executor;[Ljava/lang/Object;)Landroid/os/AsyncTask;	SDK_INT <= -1	ForwardImprovement	"[Info] You should use alternative APIs, since you do not support old Android versions (SDK_INT <= -1). Please, use: android.os.AsyncTask.executeOnExecutor(Ljava/util/concurrent/Executor;[Ljava/lang/Object;)Landroid/os/AsyncTask;."	0.0
se.bitcraze.crazyfliecontrol2	0.7.2	14	28	se.bitcraze.crazyfliecontrol.bootloader.BootloaderActivity.flashFirmware()V	-1	-1	android.os.AsyncTask.execute([Ljava/lang/Object;)Landroid/os/AsyncTask;	android.os.AsyncTask.executeOnExecutor(Ljava/util/concurrent/Executor;[Ljava/lang/Object;)Landroid/os/AsyncTask;	SDK_INT <= -1	ForwardImprovement	"[Info] You should use alternative APIs, since you do not support old Android versions (SDK_INT <= -1). Please, use: android.os.AsyncTask.executeOnExecutor(Ljava/util/concurrent/Executor;[Ljava/lang/Object;)Landroid/os/AsyncTask;."	0.0
se.bitcraze.crazyfliecontrol2	0.7.2	14	28	se.bitcraze.crazyfliecontrol.bootloader.BootloaderActivity.startFlashProcess(Landroid/view/View;)V	-1	-1	android.os.AsyncTask.execute([Ljava/lang/Object;)Landroid/os/AsyncTask;	android.os.AsyncTask.executeOnExecutor(Ljava/util/concurrent/Executor;[Ljava/lang/Object;)Landroid/os/AsyncTask;	SDK_INT <= -1	ForwardImprovement	"[Info] You should use alternative APIs, since you do not support old Android versions (SDK_INT <= -1). Please, use: android.os.AsyncTask.executeOnExecutor(Ljava/util/concurrent/Executor;[Ljava/lang/Object;)Landroid/os/AsyncTask;."	0.0
se.bitcraze.crazyfliecontrol2	0.7.2	14	28	se.bitcraze.crazyfliecontrol.bootloader.FirmwareDownloader.checkForFirmwareUpdate()V	-1	-1	android.os.AsyncTask.execute([Ljava/lang/Object;)Landroid/os/AsyncTask;	android.os.AsyncTask.executeOnExecutor(Ljava/util/concurrent/Executor;[Ljava/lang/Object;)Landroid/os/AsyncTask;	SDK_INT <= -1	ForwardImprovement	"[Info] You should use alternative APIs, since you do not support old Android versions (SDK_INT <= -1). Please, use: android.os.AsyncTask.executeOnExecutor(Ljava/util/concurrent/Executor;[Ljava/lang/Object;)Landroid/os/AsyncTask;."	0.0
se.bitcraze.crazyfliecontrol2	0.7.2	14	28	se.bitcraze.crazyfliecontrol.prefs.PreferencesActivity$PreferencesFragment.radioScan()V	-1	-1	android.os.AsyncTask.execute([Ljava/lang/Object;)Landroid/os/AsyncTask;	android.os.AsyncTask.executeOnExecutor(Ljava/util/concurrent/Executor;[Ljava/lang/Object;)Landroid/os/AsyncTask;	SDK_INT <= -1	ForwardImprovement	"[Info] You should use alternative APIs, since you do not support old Android versions (SDK_INT <= -1). Please, use: android.os.AsyncTask.executeOnExecutor(Ljava/util/concurrent/Executor;[Ljava/lang/Object;)Landroid/os/AsyncTask;."	0.0
se.bitcraze.crazyfliecontrol2	0.7.2	14	28	se.bitcraze.crazyfliecontrol2.MainActivity.setHideyBar()V	-1	-1	android.util.Log.i(Ljava/lang/String;Ljava/lang/String;)I	android.webkit.WebView.addJavascriptInterface(Ljava/lang/Object;Ljava/lang/String;)V	SDK_INT <= 16	ForwardImprovement	"[Info] You should use these APIs differently in newer Android releases (SDK_INT > 16). Add a check and handle with: android.webkit.WebView.addJavascriptInterface(Ljava/lang/Object;Ljava/lang/String;)V."	0.0
