app	version	sdk_min	sdk_trg	method	fromLine	toLine	apis	alternative	ruleCheck	warning	message	confidence
com.b44t.messenger.beta	1.14.5	16	29	androidx.core.widget.TextViewCompat$OreoCallback.isSupportedActivity(Landroid/content/pm/ResolveInfo;Landroid/content/Context;)Z	-1	-1	android.content.Context.checkSelfPermission(Ljava/lang/String;)I		SDK_INT <= 22	BackwardCriticalBug	"[Critical] The APIs you are using must be used only in new Android versions (SDK_INT <= 22). Check the Android version before using them. "	0.0
com.b44t.messenger.beta	1.14.5	16	29	com.mapbox.mapboxsdk.maps.Style.addImageAsync(Ljava/lang/String;Landroid/graphics/Bitmap;Z)V	-1	-1	android.os.AsyncTask.execute([Ljava/lang/Object;)Landroid/os/AsyncTask;	android.os.AsyncTask.executeOnExecutor(Ljava/util/concurrent/Executor;[Ljava/lang/Object;)Landroid/os/AsyncTask;	SDK_INT <= -1	ForwardImprovement	"[Info] You should use alternative APIs, since you do not support old Android versions (SDK_INT <= -1). Please, use: android.os.AsyncTask.executeOnExecutor(Ljava/util/concurrent/Executor;[Ljava/lang/Object;)Landroid/os/AsyncTask;."	0.0
com.b44t.messenger.beta	1.14.5	16	29	com.mapbox.mapboxsdk.maps.Style.addImageAsync(Ljava/lang/String;Landroid/graphics/Bitmap;ZLjava/util/List;Ljava/util/List;Lcom/mapbox/mapboxsdk/maps/ImageContent;)V	-1	-1	android.os.AsyncTask.execute([Ljava/lang/Object;)Landroid/os/AsyncTask;	android.os.AsyncTask.executeOnExecutor(Ljava/util/concurrent/Executor;[Ljava/lang/Object;)Landroid/os/AsyncTask;	SDK_INT <= -1	ForwardImprovement	"[Info] You should use alternative APIs, since you do not support old Android versions (SDK_INT <= -1). Please, use: android.os.AsyncTask.executeOnExecutor(Ljava/util/concurrent/Executor;[Ljava/lang/Object;)Landroid/os/AsyncTask;."	0.0
com.b44t.messenger.beta	1.14.5	16	29	com.mapbox.mapboxsdk.maps.Style.addImagesAsync(Ljava/util/HashMap;Z)V	-1	-1	android.os.AsyncTask.execute([Ljava/lang/Object;)Landroid/os/AsyncTask;	android.os.AsyncTask.executeOnExecutor(Ljava/util/concurrent/Executor;[Ljava/lang/Object;)Landroid/os/AsyncTask;	SDK_INT <= -1	ForwardImprovement	"[Info] You should use alternative APIs, since you do not support old Android versions (SDK_INT <= -1). Please, use: android.os.AsyncTask.executeOnExecutor(Ljava/util/concurrent/Executor;[Ljava/lang/Object;)Landroid/os/AsyncTask;."	0.0
com.b44t.messenger.beta	1.14.5	16	29	com.mapbox.mapboxsdk.maps.Style.addImagesAsync(Ljava/util/HashMap;ZLjava/util/List;Ljava/util/List;Lcom/mapbox/mapboxsdk/maps/ImageContent;)V	-1	-1	android.os.AsyncTask.execute([Ljava/lang/Object;)Landroid/os/AsyncTask;	android.os.AsyncTask.executeOnExecutor(Ljava/util/concurrent/Executor;[Ljava/lang/Object;)Landroid/os/AsyncTask;	SDK_INT <= -1	ForwardImprovement	"[Info] You should use alternative APIs, since you do not support old Android versions (SDK_INT <= -1). Please, use: android.os.AsyncTask.executeOnExecutor(Ljava/util/concurrent/Executor;[Ljava/lang/Object;)Landroid/os/AsyncTask;."	0.0
com.b44t.messenger.beta	1.14.5	16	29	com.mapbox.mapboxsdk.storage.FileSource.initializeFileDirsPaths(Landroid/content/Context;)V	-1	-1	android.os.AsyncTask.execute([Ljava/lang/Object;)Landroid/os/AsyncTask;	android.os.AsyncTask.executeOnExecutor(Ljava/util/concurrent/Executor;[Ljava/lang/Object;)Landroid/os/AsyncTask;	SDK_INT <= -1	ForwardImprovement	"[Info] You should use alternative APIs, since you do not support old Android versions (SDK_INT <= -1). Please, use: android.os.AsyncTask.executeOnExecutor(Ljava/util/concurrent/Executor;[Ljava/lang/Object;)Landroid/os/AsyncTask;."	0.0
com.b44t.messenger.beta	1.14.5	16	29	com.mapbox.mapboxsdk.storage.FileSource.setResourcesCachePath(Ljava/lang/String;Lcom/mapbox/mapboxsdk/storage/FileSource$ResourcesCachePathChangeCallback;)V	-1	-1	android.os.AsyncTask.execute([Ljava/lang/Object;)Landroid/os/AsyncTask;	android.os.AsyncTask.executeOnExecutor(Ljava/util/concurrent/Executor;[Ljava/lang/Object;)Landroid/os/AsyncTask;	SDK_INT <= -1	ForwardImprovement	"[Info] You should use alternative APIs, since you do not support old Android versions (SDK_INT <= -1). Please, use: android.os.AsyncTask.executeOnExecutor(Ljava/util/concurrent/Executor;[Ljava/lang/Object;)Landroid/os/AsyncTask;."	0.0
com.b44t.messenger.beta	1.14.5	16	29	org.thoughtcrime.securesms.components.AudioView$PauseClickedListener.onClick(Landroid/view/View;)V	-1	-1	android.util.Log.w(Ljava/lang/String;Ljava/lang/String;)I	android.os.PersistableBundle.<init>()V&android.app.job.JobScheduler.schedule(Landroid/app/job/JobInfo;)I&android.app.job.JobInfo$Builder.build()Landroid/app/job/JobInfo;&android.app.job.JobScheduler.getAllPendingJobs()Ljava/util/List;&android.app.job.JobInfo$Builder.<init>(ILandroid/content/ComponentName;)V&android.content.Context.getSystemService(Ljava/lang/String;)Ljava/lang/Object;&android.util.Log.i(Ljava/lang/String;Ljava/lang/String;)I&android.os.BaseBundle.putString(Ljava/lang/String;Ljava/lang/String;)V&android.app.job.JobInfo$Builder.setPeriodic(J)Landroid/app/job/JobInfo$Builder;&android.app.job.JobInfo$Builder.setRequiresCharging(Z)Landroid/app/job/JobInfo$Builder;&android.content.ComponentName.<init>(Landroid/content/Context;Ljava/lang/Class;)V&android.app.job.JobInfo.getId()I&android.app.job.JobInfo$Builder.setExtras(Landroid/os/PersistableBundle;)Landroid/app/job/JobInfo$Builder;&android.content.Context.getApplicationContext()Landroid/content/Context;&android.util.Log.wtf(Ljava/lang/String;Ljava/lang/String;)I&android.app.job.JobInfo$Builder.setRequiresDeviceIdle(Z)Landroid/app/job/JobInfo$Builder;&android.app.job.JobInfo$Builder.setPersisted(Z)Landroid/app/job/JobInfo$Builder;&android.app.job.JobInfo$Builder.setRequiredNetworkType(I)Landroid/app/job/JobInfo$Builder;	SDK_INT <= 20	ForwardImprovement	"[Info] You should use these APIs differently in newer Android releases (SDK_INT > 20). Add a check and handle with: android.os.PersistableBundle.<init>()V --- android.app.job.JobScheduler.schedule(Landroid/app/job/JobInfo;)I --- android.app.job.JobInfo$Builder.build()Landroid/app/job/JobInfo; --- android.app.job.JobScheduler.getAllPendingJobs()Ljava/util/List; --- android.app.job.JobInfo$Builder.<init>(ILandroid/content/ComponentName;)V --- android.content.Context.getSystemService(Ljava/lang/String;)Ljava/lang/Object; --- android.util.Log.i(Ljava/lang/String;Ljava/lang/String;)I --- android.os.BaseBundle.putString(Ljava/lang/String;Ljava/lang/String;)V --- android.app.job.JobInfo$Builder.setPeriodic(J)Landroid/app/job/JobInfo$Builder; --- android.app.job.JobInfo$Builder.setRequiresCharging(Z)Landroid/app/job/JobInfo$Builder; --- android.content.ComponentName.<init>(Landroid/content/Context;Ljava/lang/Class;)V --- android.app.job.JobInfo.getId()I --- android.app.job.JobInfo$Builder.setExtras(Landroid/os/PersistableBundle;)Landroid/app/job/JobInfo$Builder; --- android.content.Context.getApplicationContext()Landroid/content/Context; --- android.util.Log.wtf(Ljava/lang/String;Ljava/lang/String;)I --- android.app.job.JobInfo$Builder.setRequiresDeviceIdle(Z)Landroid/app/job/JobInfo$Builder; --- android.app.job.JobInfo$Builder.setPersisted(Z)Landroid/app/job/JobInfo$Builder; --- android.app.job.JobInfo$Builder.setRequiredNetworkType(I)Landroid/app/job/JobInfo$Builder;."	0.0
com.b44t.messenger.beta	1.14.5	16	29	org.thoughtcrime.securesms.components.AudioView$PauseClickedListener.onClick(Landroid/view/View;)V	-1	-1	android.util.Log.w(Ljava/lang/String;Ljava/lang/String;)I		SDK_INT <= 20	ForwardImprovement	"[Info] The APIs you are using should be used only in older Android versions (SDK_INT <= 20). Add a check."	0.0
com.b44t.messenger.beta	1.14.5	16	29	org.thoughtcrime.securesms.components.AudioView$PlayClickedListener.onClick(Landroid/view/View;)V	-1	-1	android.util.Log.w(Ljava/lang/String;Ljava/lang/String;)I	android.os.PersistableBundle.<init>()V&android.app.job.JobScheduler.schedule(Landroid/app/job/JobInfo;)I&android.app.job.JobInfo$Builder.build()Landroid/app/job/JobInfo;&android.app.job.JobScheduler.getAllPendingJobs()Ljava/util/List;&android.app.job.JobInfo$Builder.<init>(ILandroid/content/ComponentName;)V&android.content.Context.getSystemService(Ljava/lang/String;)Ljava/lang/Object;&android.util.Log.i(Ljava/lang/String;Ljava/lang/String;)I&android.os.BaseBundle.putString(Ljava/lang/String;Ljava/lang/String;)V&android.app.job.JobInfo$Builder.setPeriodic(J)Landroid/app/job/JobInfo$Builder;&android.app.job.JobInfo$Builder.setRequiresCharging(Z)Landroid/app/job/JobInfo$Builder;&android.content.ComponentName.<init>(Landroid/content/Context;Ljava/lang/Class;)V&android.app.job.JobInfo.getId()I&android.app.job.JobInfo$Builder.setExtras(Landroid/os/PersistableBundle;)Landroid/app/job/JobInfo$Builder;&android.content.Context.getApplicationContext()Landroid/content/Context;&android.util.Log.wtf(Ljava/lang/String;Ljava/lang/String;)I&android.app.job.JobInfo$Builder.setRequiresDeviceIdle(Z)Landroid/app/job/JobInfo$Builder;&android.app.job.JobInfo$Builder.setPersisted(Z)Landroid/app/job/JobInfo$Builder;&android.app.job.JobInfo$Builder.setRequiredNetworkType(I)Landroid/app/job/JobInfo$Builder;	SDK_INT <= 20	ForwardImprovement	"[Info] You should use these APIs differently in newer Android releases (SDK_INT > 20). Add a check and handle with: android.os.PersistableBundle.<init>()V --- android.app.job.JobScheduler.schedule(Landroid/app/job/JobInfo;)I --- android.app.job.JobInfo$Builder.build()Landroid/app/job/JobInfo; --- android.app.job.JobScheduler.getAllPendingJobs()Ljava/util/List; --- android.app.job.JobInfo$Builder.<init>(ILandroid/content/ComponentName;)V --- android.content.Context.getSystemService(Ljava/lang/String;)Ljava/lang/Object; --- android.util.Log.i(Ljava/lang/String;Ljava/lang/String;)I --- android.os.BaseBundle.putString(Ljava/lang/String;Ljava/lang/String;)V --- android.app.job.JobInfo$Builder.setPeriodic(J)Landroid/app/job/JobInfo$Builder; --- android.app.job.JobInfo$Builder.setRequiresCharging(Z)Landroid/app/job/JobInfo$Builder; --- android.content.ComponentName.<init>(Landroid/content/Context;Ljava/lang/Class;)V --- android.app.job.JobInfo.getId()I --- android.app.job.JobInfo$Builder.setExtras(Landroid/os/PersistableBundle;)Landroid/app/job/JobInfo$Builder; --- android.content.Context.getApplicationContext()Landroid/content/Context; --- android.util.Log.wtf(Ljava/lang/String;Ljava/lang/String;)I --- android.app.job.JobInfo$Builder.setRequiresDeviceIdle(Z)Landroid/app/job/JobInfo$Builder; --- android.app.job.JobInfo$Builder.setPersisted(Z)Landroid/app/job/JobInfo$Builder; --- android.app.job.JobInfo$Builder.setRequiredNetworkType(I)Landroid/app/job/JobInfo$Builder;."	0.0
com.b44t.messenger.beta	1.14.5	16	29	org.thoughtcrime.securesms.components.AudioView$PlayClickedListener.onClick(Landroid/view/View;)V	-1	-1	android.util.Log.w(Ljava/lang/String;Ljava/lang/String;)I		SDK_INT <= 20	ForwardImprovement	"[Info] The APIs you are using should be used only in older Android versions (SDK_INT <= 20). Add a check."	0.0
com.b44t.messenger.beta	1.14.5	16	29	org.thoughtcrime.securesms.components.RecyclerViewFastScroller.showBubble()V	-1	-1	android.view.View.setVisibility(I)V	android.view.animation.AlphaAnimation.<init>(FF)V&android.view.animation.Animation.setRepeatCount(I)V&android.view.View.startAnimation(Landroid/view/animation/Animation;)V&android.view.animation.Animation.setFillAfter(Z)V&android.view.animation.Animation.setDuration(J)V	SDK_INT <= 10	ForwardImprovement	"[Info] You should use alternative APIs, since you do not support old Android versions (SDK_INT <= 10). Please, use: android.view.animation.AlphaAnimation.<init>(FF)V --- android.view.animation.Animation.setRepeatCount(I)V --- android.view.View.startAnimation(Landroid/view/animation/Animation;)V --- android.view.animation.Animation.setFillAfter(Z)V --- android.view.animation.Animation.setDuration(J)V."	0.0
com.b44t.messenger.beta	1.14.5	16	29	org.thoughtcrime.securesms.components.RecyclerViewFastScroller.showBubble()V	-1	-1	android.view.View.setVisibility(I)V	android.view.View.setAlpha(F)V	SDK_INT <= 10	ForwardImprovement	"[Info] You should use alternative APIs, since you do not support old Android versions (SDK_INT <= 10). Please, use: android.view.View.setAlpha(F)V."	0.0
com.b44t.messenger.beta	1.14.5	16	29	org.thoughtcrime.securesms.components.RecyclerViewFastScroller.onTouchEvent(Landroid/view/MotionEvent;)Z	-1	-1	android.view.MotionEvent.getAction()I	android.view.MotionEvent.getActionMasked()I	SDK_INT <= 7	ForwardImprovement	"[Info] You should use alternative APIs, since you do not support old Android versions (SDK_INT <= 7). Please, use: android.view.MotionEvent.getActionMasked()I."	0.0
com.b44t.messenger.beta	1.14.5	16	29	org.thoughtcrime.securesms.components.RepeatableImageKey$RepeaterTouchListener.onTouch(Landroid/view/View;Landroid/view/MotionEvent;)Z	-1	-1	android.view.MotionEvent.getAction()I	android.view.MotionEvent.getActionMasked()I	SDK_INT <= 7	ForwardImprovement	"[Info] You should use alternative APIs, since you do not support old Android versions (SDK_INT <= 7). Please, use: android.view.MotionEvent.getActionMasked()I."	0.0
com.b44t.messenger.beta	1.14.5	16	29	org.thoughtcrime.securesms.connect.AccountManager.lambda$showSwitchAccountMenu$0(ILandroid/app/Activity;Ljava/util/ArrayList;Landroid/content/DialogInterface;I)V	-1	-1	android.os.AsyncTask.execute([Ljava/lang/Object;)Landroid/os/AsyncTask;	android.os.AsyncTask.executeOnExecutor(Ljava/util/concurrent/Executor;[Ljava/lang/Object;)Landroid/os/AsyncTask;	SDK_INT <= -1	ForwardImprovement	"[Info] You should use alternative APIs, since you do not support old Android versions (SDK_INT <= -1). Please, use: android.os.AsyncTask.executeOnExecutor(Ljava/util/concurrent/Executor;[Ljava/lang/Object;)Landroid/os/AsyncTask;."	0.0
com.b44t.messenger.beta	1.14.5	16	29	org.thoughtcrime.securesms.connect.AccountManager.lambda$showSwitchAccountMenu$0(ILandroid/app/Activity;Ljava/util/ArrayList;Landroid/content/DialogInterface;I)V	-1	-1	android.os.AsyncTask.execute([Ljava/lang/Object;)Landroid/os/AsyncTask;	android.os.AsyncTask.executeOnExecutor(Ljava/util/concurrent/Executor;[Ljava/lang/Object;)Landroid/os/AsyncTask;	SDK_INT <= -1	ForwardImprovement	"[Info] You should use alternative APIs, since you do not support old Android versions (SDK_INT <= -1). Please, use: android.os.AsyncTask.executeOnExecutor(Ljava/util/concurrent/Executor;[Ljava/lang/Object;)Landroid/os/AsyncTask;."	0.0
com.b44t.messenger.beta	1.14.5	16	29	org.thoughtcrime.securesms.connect.AccountManager.addAccountFromQr(Landroid/app/Activity;Ljava/lang/String;)V	-1	-1	android.os.AsyncTask.execute([Ljava/lang/Object;)Landroid/os/AsyncTask;	android.os.AsyncTask.executeOnExecutor(Ljava/util/concurrent/Executor;[Ljava/lang/Object;)Landroid/os/AsyncTask;	SDK_INT <= -1	ForwardImprovement	"[Info] You should use alternative APIs, since you do not support old Android versions (SDK_INT <= -1). Please, use: android.os.AsyncTask.executeOnExecutor(Ljava/util/concurrent/Executor;[Ljava/lang/Object;)Landroid/os/AsyncTask;."	0.0
com.b44t.messenger.beta	1.14.5	16	29	org.thoughtcrime.securesms.connect.AccountManager.rollbackAccountCreation(Landroid/app/Activity;)V	-1	-1	android.os.AsyncTask.execute([Ljava/lang/Object;)Landroid/os/AsyncTask;	android.os.AsyncTask.executeOnExecutor(Ljava/util/concurrent/Executor;[Ljava/lang/Object;)Landroid/os/AsyncTask;	SDK_INT <= -1	ForwardImprovement	"[Info] You should use alternative APIs, since you do not support old Android versions (SDK_INT <= -1). Please, use: android.os.AsyncTask.executeOnExecutor(Ljava/util/concurrent/Executor;[Ljava/lang/Object;)Landroid/os/AsyncTask;."	0.0
com.b44t.messenger.beta	1.14.5	16	29	com.mapbox.mapboxsdk.http.NativeHttpRequest.executeLocalRequest(Ljava/lang/String;)V	-1	-1	android.os.AsyncTask.execute([Ljava/lang/Object;)Landroid/os/AsyncTask;	android.os.AsyncTask.executeOnExecutor(Ljava/util/concurrent/Executor;[Ljava/lang/Object;)Landroid/os/AsyncTask;	SDK_INT <= -1	ForwardImprovement	"[Info] You should use alternative APIs, since you do not support old Android versions (SDK_INT <= -1). Please, use: android.os.AsyncTask.executeOnExecutor(Ljava/util/concurrent/Executor;[Ljava/lang/Object;)Landroid/os/AsyncTask;."	0.0
com.b44t.messenger.beta	1.14.5	16	29	org.thoughtcrime.securesms.map.AddPoiView.lambda$new$0$AddPoiView(Landroid/view/View;)V	-1	-1	android.os.AsyncTask.execute([Ljava/lang/Object;)Landroid/os/AsyncTask;	android.os.AsyncTask.executeOnExecutor(Ljava/util/concurrent/Executor;[Ljava/lang/Object;)Landroid/os/AsyncTask;	SDK_INT <= -1	ForwardImprovement	"[Info] You should use alternative APIs, since you do not support old Android versions (SDK_INT <= -1). Please, use: android.os.AsyncTask.executeOnExecutor(Ljava/util/concurrent/Executor;[Ljava/lang/Object;)Landroid/os/AsyncTask;."	0.0
com.b44t.messenger.beta	1.14.5	16	29	org.thoughtcrime.securesms.map.MapDataManager.updateSources()V	-1	-1	android.os.AsyncTask.execute([Ljava/lang/Object;)Landroid/os/AsyncTask;	android.os.AsyncTask.executeOnExecutor(Ljava/util/concurrent/Executor;[Ljava/lang/Object;)Landroid/os/AsyncTask;	SDK_INT <= -1	ForwardImprovement	"[Info] You should use alternative APIs, since you do not support old Android versions (SDK_INT <= -1). Please, use: android.os.AsyncTask.executeOnExecutor(Ljava/util/concurrent/Executor;[Ljava/lang/Object;)Landroid/os/AsyncTask;."	0.0
com.b44t.messenger.beta	1.14.5	16	29	org.thoughtcrime.securesms.map.MapDataManager.setMarkerSelected(Ljava/lang/String;)V	-1	-1	android.os.AsyncTask.execute([Ljava/lang/Object;)Landroid/os/AsyncTask;	android.os.AsyncTask.executeOnExecutor(Ljava/util/concurrent/Executor;[Ljava/lang/Object;)Landroid/os/AsyncTask;	SDK_INT <= -1	ForwardImprovement	"[Info] You should use alternative APIs, since you do not support old Android versions (SDK_INT <= -1). Please, use: android.os.AsyncTask.executeOnExecutor(Ljava/util/concurrent/Executor;[Ljava/lang/Object;)Landroid/os/AsyncTask;."	0.0
com.b44t.messenger.beta	1.14.5	16	29	org.thoughtcrime.securesms.map.MapDataManager.updateSource(I)V	-1	-1	android.os.AsyncTask.execute([Ljava/lang/Object;)Landroid/os/AsyncTask;	android.os.AsyncTask.executeOnExecutor(Ljava/util/concurrent/Executor;[Ljava/lang/Object;)Landroid/os/AsyncTask;	SDK_INT <= -1	ForwardImprovement	"[Info] You should use alternative APIs, since you do not support old Android versions (SDK_INT <= -1). Please, use: android.os.AsyncTask.executeOnExecutor(Ljava/util/concurrent/Executor;[Ljava/lang/Object;)Landroid/os/AsyncTask;."	0.0
com.b44t.messenger.beta	1.14.5	16	29	org.thoughtcrime.securesms.ContactSelectionListFragment.handleContactPermissionGranted()V	-1	-1	android.os.AsyncTask.execute([Ljava/lang/Object;)Landroid/os/AsyncTask;	android.os.AsyncTask.executeOnExecutor(Ljava/util/concurrent/Executor;[Ljava/lang/Object;)Landroid/os/AsyncTask;	SDK_INT <= -1	ForwardImprovement	"[Info] You should use alternative APIs, since you do not support old Android versions (SDK_INT <= -1). Please, use: android.os.AsyncTask.executeOnExecutor(Ljava/util/concurrent/Executor;[Ljava/lang/Object;)Landroid/os/AsyncTask;."	0.0
com.b44t.messenger.beta	1.14.5	16	29	org.thoughtcrime.securesms.LogViewFragment.onViewCreated(Landroid/view/View;Landroid/os/Bundle;)V	-1	-1	android.os.AsyncTask.execute([Ljava/lang/Object;)Landroid/os/AsyncTask;	android.os.AsyncTask.executeOnExecutor(Ljava/util/concurrent/Executor;[Ljava/lang/Object;)Landroid/os/AsyncTask;	SDK_INT <= -1	ForwardImprovement	"[Info] You should use alternative APIs, since you do not support old Android versions (SDK_INT <= -1). Please, use: android.os.AsyncTask.executeOnExecutor(Ljava/util/concurrent/Executor;[Ljava/lang/Object;)Landroid/os/AsyncTask;."	0.0
com.b44t.messenger.beta	1.14.5	16	29	org.thoughtcrime.securesms.ProfileDocumentsFragment.lambda$handleDeleteMedia$0$ProfileDocumentsFragment(Ljava/util/Collection;Landroid/content/DialogInterface;I)V	-1	-1	android.os.AsyncTask.execute([Ljava/lang/Object;)Landroid/os/AsyncTask;	android.os.AsyncTask.executeOnExecutor(Ljava/util/concurrent/Executor;[Ljava/lang/Object;)Landroid/os/AsyncTask;	SDK_INT <= -1	ForwardImprovement	"[Info] You should use alternative APIs, since you do not support old Android versions (SDK_INT <= -1). Please, use: android.os.AsyncTask.executeOnExecutor(Ljava/util/concurrent/Executor;[Ljava/lang/Object;)Landroid/os/AsyncTask;."	0.0
com.b44t.messenger.beta	1.14.5	16	29	org.thoughtcrime.securesms.ProfileGalleryFragment.lambda$handleDeleteMedia$0$ProfileGalleryFragment(Ljava/util/Collection;Landroid/content/DialogInterface;I)V	-1	-1	android.os.AsyncTask.execute([Ljava/lang/Object;)Landroid/os/AsyncTask;	android.os.AsyncTask.executeOnExecutor(Ljava/util/concurrent/Executor;[Ljava/lang/Object;)Landroid/os/AsyncTask;	SDK_INT <= -1	ForwardImprovement	"[Info] You should use alternative APIs, since you do not support old Android versions (SDK_INT <= -1). Please, use: android.os.AsyncTask.executeOnExecutor(Ljava/util/concurrent/Executor;[Ljava/lang/Object;)Landroid/os/AsyncTask;."	0.0
com.b44t.messenger.beta	1.14.5	16	29	org.thoughtcrime.securesms.CreateProfileActivity.onActivityResult(IILandroid/content/Intent;)V	-1	-1	android.os.AsyncTask.execute([Ljava/lang/Object;)Landroid/os/AsyncTask;	android.os.AsyncTask.executeOnExecutor(Ljava/util/concurrent/Executor;[Ljava/lang/Object;)Landroid/os/AsyncTask;	SDK_INT <= -1	ForwardImprovement	"[Info] You should use alternative APIs, since you do not support old Android versions (SDK_INT <= -1). Please, use: android.os.AsyncTask.executeOnExecutor(Ljava/util/concurrent/Executor;[Ljava/lang/Object;)Landroid/os/AsyncTask;."	0.0
com.b44t.messenger.beta	1.14.5	16	29	org.thoughtcrime.securesms.RegistrationActivity.checkOauth2start()Lorg/thoughtcrime/securesms/util/concurrent/ListenableFuture;	-1	-1	android.os.AsyncTask.execute([Ljava/lang/Object;)Landroid/os/AsyncTask;	android.os.AsyncTask.executeOnExecutor(Ljava/util/concurrent/Executor;[Ljava/lang/Object;)Landroid/os/AsyncTask;	SDK_INT <= -1	ForwardImprovement	"[Info] You should use alternative APIs, since you do not support old Android versions (SDK_INT <= -1). Please, use: android.os.AsyncTask.executeOnExecutor(Ljava/util/concurrent/Executor;[Ljava/lang/Object;)Landroid/os/AsyncTask;."	0.0
com.b44t.messenger.beta	1.14.5	16	29	org.thoughtcrime.securesms.MediaPreviewActivity.lambda$deleteMedia$2$MediaPreviewActivity(Lorg/thoughtcrime/securesms/MediaPreviewActivity$MediaItem;Landroid/content/DialogInterface;I)V	-1	-1	android.os.AsyncTask.execute([Ljava/lang/Object;)Landroid/os/AsyncTask;	android.os.AsyncTask.executeOnExecutor(Ljava/util/concurrent/Executor;[Ljava/lang/Object;)Landroid/os/AsyncTask;	SDK_INT <= -1	ForwardImprovement	"[Info] You should use alternative APIs, since you do not support old Android versions (SDK_INT <= -1). Please, use: android.os.AsyncTask.executeOnExecutor(Ljava/util/concurrent/Executor;[Ljava/lang/Object;)Landroid/os/AsyncTask;."	0.0
com.b44t.messenger.beta	1.14.5	16	29	org.thoughtcrime.securesms.ShareActivity.resolveUris(Ljava/util/List;)V	-1	-1	android.os.AsyncTask.execute([Ljava/lang/Object;)Landroid/os/AsyncTask;	android.os.AsyncTask.executeOnExecutor(Ljava/util/concurrent/Executor;[Ljava/lang/Object;)Landroid/os/AsyncTask;	SDK_INT <= -1	ForwardImprovement	"[Info] You should use alternative APIs, since you do not support old Android versions (SDK_INT <= -1). Please, use: android.os.AsyncTask.executeOnExecutor(Ljava/util/concurrent/Executor;[Ljava/lang/Object;)Landroid/os/AsyncTask;."	0.0
com.b44t.messenger.beta	1.14.5	16	29	androidx.print.PrintHelper$PrintUriAdapter.onLayout(Landroid/print/PrintAttributes;Landroid/print/PrintAttributes;Landroid/os/CancellationSignal;Landroid/print/PrintDocumentAdapter$LayoutResultCallback;Landroid/os/Bundle;)V	-1	-1	android.os.AsyncTask.execute([Ljava/lang/Object;)Landroid/os/AsyncTask;	android.os.AsyncTask.executeOnExecutor(Ljava/util/concurrent/Executor;[Ljava/lang/Object;)Landroid/os/AsyncTask;	SDK_INT <= -1	ForwardImprovement	"[Info] You should use alternative APIs, since you do not support old Android versions (SDK_INT <= -1). Please, use: android.os.AsyncTask.executeOnExecutor(Ljava/util/concurrent/Executor;[Ljava/lang/Object;)Landroid/os/AsyncTask;."	0.0
com.b44t.messenger.beta	1.14.5	16	29	androidx.print.PrintHelper.writeBitmap(Landroid/print/PrintAttributes;ILandroid/graphics/Bitmap;Landroid/os/ParcelFileDescriptor;Landroid/os/CancellationSignal;Landroid/print/PrintDocumentAdapter$WriteResultCallback;)V	-1	-1	android.os.AsyncTask.execute([Ljava/lang/Object;)Landroid/os/AsyncTask;	android.os.AsyncTask.executeOnExecutor(Ljava/util/concurrent/Executor;[Ljava/lang/Object;)Landroid/os/AsyncTask;	SDK_INT <= -1	ForwardImprovement	"[Info] You should use alternative APIs, since you do not support old Android versions (SDK_INT <= -1). Please, use: android.os.AsyncTask.executeOnExecutor(Ljava/util/concurrent/Executor;[Ljava/lang/Object;)Landroid/os/AsyncTask;."	0.0
com.b44t.messenger.beta	1.14.5	16	29	androidx.media.AudioAttributesImplApi21.getLegacyStreamType()I	-1	-1	android.util.Log.w(Ljava/lang/String;Ljava/lang/String;)I	android.os.PersistableBundle.<init>()V&android.app.job.JobScheduler.schedule(Landroid/app/job/JobInfo;)I&android.app.job.JobInfo$Builder.build()Landroid/app/job/JobInfo;&android.app.job.JobScheduler.getAllPendingJobs()Ljava/util/List;&android.app.job.JobInfo$Builder.<init>(ILandroid/content/ComponentName;)V&android.content.Context.getSystemService(Ljava/lang/String;)Ljava/lang/Object;&android.util.Log.i(Ljava/lang/String;Ljava/lang/String;)I&android.os.BaseBundle.putString(Ljava/lang/String;Ljava/lang/String;)V&android.app.job.JobInfo$Builder.setPeriodic(J)Landroid/app/job/JobInfo$Builder;&android.app.job.JobInfo$Builder.setRequiresCharging(Z)Landroid/app/job/JobInfo$Builder;&android.content.ComponentName.<init>(Landroid/content/Context;Ljava/lang/Class;)V&android.app.job.JobInfo.getId()I&android.app.job.JobInfo$Builder.setExtras(Landroid/os/PersistableBundle;)Landroid/app/job/JobInfo$Builder;&android.content.Context.getApplicationContext()Landroid/content/Context;&android.util.Log.wtf(Ljava/lang/String;Ljava/lang/String;)I&android.app.job.JobInfo$Builder.setRequiresDeviceIdle(Z)Landroid/app/job/JobInfo$Builder;&android.app.job.JobInfo$Builder.setPersisted(Z)Landroid/app/job/JobInfo$Builder;&android.app.job.JobInfo$Builder.setRequiredNetworkType(I)Landroid/app/job/JobInfo$Builder;	SDK_INT <= 20	ForwardImprovement	"[Info] You should use these APIs differently in newer Android releases (SDK_INT > 20). Add a check and handle with: android.os.PersistableBundle.<init>()V --- android.app.job.JobScheduler.schedule(Landroid/app/job/JobInfo;)I --- android.app.job.JobInfo$Builder.build()Landroid/app/job/JobInfo; --- android.app.job.JobScheduler.getAllPendingJobs()Ljava/util/List; --- android.app.job.JobInfo$Builder.<init>(ILandroid/content/ComponentName;)V --- android.content.Context.getSystemService(Ljava/lang/String;)Ljava/lang/Object; --- android.util.Log.i(Ljava/lang/String;Ljava/lang/String;)I --- android.os.BaseBundle.putString(Ljava/lang/String;Ljava/lang/String;)V --- android.app.job.JobInfo$Builder.setPeriodic(J)Landroid/app/job/JobInfo$Builder; --- android.app.job.JobInfo$Builder.setRequiresCharging(Z)Landroid/app/job/JobInfo$Builder; --- android.content.ComponentName.<init>(Landroid/content/Context;Ljava/lang/Class;)V --- android.app.job.JobInfo.getId()I --- android.app.job.JobInfo$Builder.setExtras(Landroid/os/PersistableBundle;)Landroid/app/job/JobInfo$Builder; --- android.content.Context.getApplicationContext()Landroid/content/Context; --- android.util.Log.wtf(Ljava/lang/String;Ljava/lang/String;)I --- android.app.job.JobInfo$Builder.setRequiresDeviceIdle(Z)Landroid/app/job/JobInfo$Builder; --- android.app.job.JobInfo$Builder.setPersisted(Z)Landroid/app/job/JobInfo$Builder; --- android.app.job.JobInfo$Builder.setRequiredNetworkType(I)Landroid/app/job/JobInfo$Builder;."	0.0
com.b44t.messenger.beta	1.14.5	16	29	androidx.media.AudioAttributesImplApi21.getLegacyStreamType()I	-1	-1	android.util.Log.w(Ljava/lang/String;Ljava/lang/String;)I		SDK_INT <= 20	ForwardImprovement	"[Info] The APIs you are using should be used only in older Android versions (SDK_INT <= 20). Add a check."	0.0
com.b44t.messenger.beta	1.14.5	16	29	androidx.media.AudioAttributesImplApi21.getLegacyStreamType()I	-1	-1	android.util.Log.w(Ljava/lang/String;Ljava/lang/String;Ljava/lang/Throwable;)I	android.widget.AdapterView.getLastVisiblePosition()I&android.widget.AdapterView.getFirstVisiblePosition()I&android.util.Log.w(Ljava/lang/String;Ljava/lang/String;Ljava/lang/Throwable;)I	SDK_INT <= 15	ForwardImprovement	"[Info] You should use alternative APIs, since you do not support old Android versions (SDK_INT <= 15). Please, use: android.widget.AdapterView.getLastVisiblePosition()I --- android.widget.AdapterView.getFirstVisiblePosition()I --- android.util.Log.w(Ljava/lang/String;Ljava/lang/String;Ljava/lang/Throwable;)I."	0.0
com.b44t.messenger.beta	1.14.5	16	29	com.mapbox.android.gestures.StandardScaleGestureDetector$1.onDoubleTapEvent(Landroid/view/MotionEvent;)Z	-1	-1	android.view.MotionEvent.getActionMasked()I	android.view.MotionEvent.getAction()I	SDK_INT <= 7	BackwardImprovement	"If you want to support older versions (<= 7), add a check and handle using these APIs: android.view.MotionEvent.getAction()I"	0.0
com.b44t.messenger.beta	1.14.5	16	29	com.mapbox.mapboxsdk.maps.MapGestureDetector.onGenericMotionEvent(Landroid/view/MotionEvent;)Z	-1	-1	android.view.MotionEvent.getActionMasked()I	android.view.MotionEvent.getAction()I	SDK_INT <= 7	BackwardImprovement	"If you want to support older versions (<= 7), add a check and handle using these APIs: android.view.MotionEvent.getAction()I"	0.0
com.b44t.messenger.beta	1.14.5	16	29	com.mapbox.mapboxsdk.maps.MapGestureDetector.onTouchEvent(Landroid/view/MotionEvent;)Z	-1	-1	android.view.MotionEvent.getActionMasked()I	android.view.MotionEvent.getAction()I	SDK_INT <= 7	BackwardImprovement	"If you want to support older versions (<= 7), add a check and handle using these APIs: android.view.MotionEvent.getAction()I"	0.0
com.b44t.messenger.beta	1.14.5	16	29	com.mapbox.mapboxsdk.maps.MapGestureDetector.onTouchEvent(Landroid/view/MotionEvent;)Z	-1	-1	android.view.MotionEvent.getActionMasked()I	android.view.MotionEvent.getAction()I	SDK_INT <= 7	BackwardImprovement	"If you want to support older versions (<= 7), add a check and handle using these APIs: android.view.MotionEvent.getAction()I"	0.0
com.b44t.messenger.beta	1.14.5	16	29	com.mapbox.mapboxsdk.maps.MapKeyListener.onTrackballEvent(Landroid/view/MotionEvent;)Z	-1	-1	android.view.MotionEvent.getActionMasked()I	android.view.MotionEvent.getAction()I	SDK_INT <= 7	BackwardImprovement	"If you want to support older versions (<= 7), add a check and handle using these APIs: android.view.MotionEvent.getAction()I"	0.0
com.b44t.messenger.beta	1.14.5	16	29	com.mapbox.mapboxsdk.maps.Style.toImage(Lcom/mapbox/mapboxsdk/maps/Style$Builder$ImageWrapper;)Lcom/mapbox/mapboxsdk/maps/Image;	-1	-1	android.graphics.Bitmap.getByteCount()I	android.graphics.Bitmap.getRowBytes()I&android.graphics.Bitmap.getHeight()I	SDK_INT <= 11	BackwardImprovement	"If you want to support older versions (<= 11), add a check and handle using these APIs: android.graphics.Bitmap.getRowBytes()I --- android.graphics.Bitmap.getHeight()I"	0.0
com.b44t.messenger.beta	1.14.5	16	29	com.mapbox.mapboxsdk.maps.widgets.CompassView.setEnabled(Z)V	-1	-1	android.view.View.setAlpha(F)V	android.view.View.setVisibility(I)V	SDK_INT <= 10	BackwardImprovement	"If you want to support older versions (<= 10), add a check and handle using these APIs: android.view.View.setVisibility(I)V"	0.0
com.b44t.messenger.beta	1.14.5	16	29	com.mapbox.mapboxsdk.maps.widgets.CompassView.setEnabled(Z)V	-1	-1	android.view.View.setAlpha(F)V	android.view.View.setVisibility(I)V	SDK_INT <= 10	BackwardImprovement	"If you want to support older versions (<= 10), add a check and handle using these APIs: android.view.View.setVisibility(I)V"	0.0
com.b44t.messenger.beta	1.14.5	16	29	com.mapbox.mapboxsdk.maps.widgets.CompassView.update(D)V	-1	-1	android.view.View.setAlpha(F)V	android.view.View.setVisibility(I)V	SDK_INT <= 10	BackwardImprovement	"If you want to support older versions (<= 10), add a check and handle using these APIs: android.view.View.setVisibility(I)V"	0.0
com.b44t.messenger.beta	1.14.5	16	29	com.nineoldandroids.view.ViewHelper$Honeycomb.setAlpha(Landroid/view/View;F)V	-1	-1	android.view.View.setAlpha(F)V	android.view.View.setVisibility(I)V	SDK_INT <= 10	BackwardImprovement	"If you want to support older versions (<= 10), add a check and handle using these APIs: android.view.View.setVisibility(I)V"	0.0
com.b44t.messenger.beta	1.14.5	16	29	com.nineoldandroids.view.ViewHelper$Honeycomb.setScaleY(Landroid/view/View;F)V	-1	-1	android.view.View.setScaleY(F)V		SDK_INT <= 10	BackwardImprovement	"If you want to support older versions (<= 10), add a check and handle using these APIs: "	0.0
com.b44t.messenger.beta	1.14.5	16	29	org.thoughtcrime.securesms.ConversationSwipeAnimationHelper.lambda$triggerReplyIcon$0(Landroid/view/View;Landroid/animation/ValueAnimator;)V	-1	-1	android.view.View.setScaleY(F)V		SDK_INT <= 10	BackwardImprovement	"If you want to support older versions (<= 10), add a check and handle using these APIs: "	0.0
com.b44t.messenger.beta	1.14.5	16	29	org.thoughtcrime.securesms.ConversationSwipeAnimationHelper.updateReplyIconTransition(Landroid/view/View;FFF)V	-1	-1	android.view.View.setAlpha(F)V	android.view.View.setVisibility(I)V	SDK_INT <= 10	BackwardImprovement	"If you want to support older versions (<= 10), add a check and handle using these APIs: android.view.View.setVisibility(I)V"	0.0
com.b44t.messenger.beta	1.14.5	16	29	org.thoughtcrime.securesms.ConversationSwipeAnimationHelper.updateReplyIconTransition(Landroid/view/View;FFF)V	-1	-1	android.view.View.setScaleY(F)V		SDK_INT <= 10	BackwardImprovement	"If you want to support older versions (<= 10), add a check and handle using these APIs: "	0.0
com.b44t.messenger.beta	1.14.5	16	29	org.thoughtcrime.securesms.ConversationSwipeAnimationHelper.updateReplyIconTransition(Landroid/view/View;FFF)V	-1	-1	android.view.View.setAlpha(F)V	android.view.View.setVisibility(I)V	SDK_INT <= 10	BackwardImprovement	"If you want to support older versions (<= 10), add a check and handle using these APIs: android.view.View.setVisibility(I)V"	0.0
com.b44t.messenger.beta	1.14.5	16	29	org.thoughtcrime.securesms.components.emoji.parsing.EmojiPageBitmap.loadPage()Landroid/graphics/Bitmap;	-1	-1	android.graphics.Bitmap.getByteCount()I	android.graphics.Bitmap.getRowBytes()I&android.graphics.Bitmap.getHeight()I	SDK_INT <= 11	BackwardImprovement	"If you want to support older versions (<= 11), add a check and handle using these APIs: android.graphics.Bitmap.getRowBytes()I --- android.graphics.Bitmap.getHeight()I"	0.0
com.b44t.messenger.beta	1.14.5	16	29	org.thoughtcrime.securesms.components.emoji.parsing.EmojiPageBitmap.loadPage()Landroid/graphics/Bitmap;	-1	-1	android.graphics.Bitmap.getByteCount()I	android.graphics.Bitmap.getRowBytes()I&android.graphics.Bitmap.getHeight()I	SDK_INT <= 11	BackwardImprovement	"If you want to support older versions (<= 11), add a check and handle using these APIs: android.graphics.Bitmap.getRowBytes()I --- android.graphics.Bitmap.getHeight()I"	0.0
com.b44t.messenger.beta	1.14.5	16	29	org.thoughtcrime.securesms.imageeditor.ImageEditorView.onTouchEvent(Landroid/view/MotionEvent;)Z	-1	-1	android.view.MotionEvent.getActionMasked()I	android.view.MotionEvent.getAction()I	SDK_INT <= 7	BackwardImprovement	"If you want to support older versions (<= 7), add a check and handle using these APIs: android.view.MotionEvent.getAction()I"	0.0
com.b44t.messenger.beta	1.14.5	16	29	org.thoughtcrime.securesms.util.BitmapUtil.createScaledBytes(Landroid/content/Context;Ljava/lang/Object;III)Lorg/thoughtcrime/securesms/util/BitmapUtil$ScaleResult;	-1	-1	android.graphics.Bitmap.getByteCount()I	android.graphics.Bitmap.getRowBytes()I&android.graphics.Bitmap.getHeight()I	SDK_INT <= 11	BackwardImprovement	"If you want to support older versions (<= 11), add a check and handle using these APIs: android.graphics.Bitmap.getRowBytes()I --- android.graphics.Bitmap.getHeight()I"	0.0
com.b44t.messenger.beta	1.14.5	16	29	com.mapbox.android.gestures.MultiFingerGesture.updatePointerList(Landroid/view/MotionEvent;)V	-1	-1	android.view.MotionEvent.getActionMasked()I	android.view.MotionEvent.getAction()I	SDK_INT <= 7	BackwardImprovement	"If you want to support older versions (<= 7), add a check and handle using these APIs: android.view.MotionEvent.getAction()I"	0.0
com.b44t.messenger.beta	1.14.5	16	29	com.mapbox.android.gestures.MultiFingerGesture.analyzeEvent(Landroid/view/MotionEvent;)Z	-1	-1	android.view.MotionEvent.getActionMasked()I	android.view.MotionEvent.getAction()I	SDK_INT <= 7	BackwardImprovement	"If you want to support older versions (<= 7), add a check and handle using these APIs: android.view.MotionEvent.getAction()I"	0.0
com.b44t.messenger.beta	1.14.5	16	29	com.mapbox.mapboxsdk.location.LocationCameraController$LocationGesturesManager.onTouchEvent(Landroid/view/MotionEvent;)Z	-1	-1	android.view.MotionEvent.getActionMasked()I	android.view.MotionEvent.getAction()I	SDK_INT <= 7	BackwardImprovement	"If you want to support older versions (<= 7), add a check and handle using these APIs: android.view.MotionEvent.getAction()I"	0.0
com.b44t.messenger.beta	1.14.5	16	29	com.nineoldandroids.view.ViewPropertyAnimatorHC.setValue(IF)V	-1	-1	android.view.View.setScaleY(F)V		SDK_INT <= 10	BackwardImprovement	"If you want to support older versions (<= 10), add a check and handle using these APIs: "	0.0
com.b44t.messenger.beta	1.14.5	16	29	com.nineoldandroids.view.ViewPropertyAnimatorHC.setValue(IF)V	-1	-1	android.view.View.setAlpha(F)V	android.view.View.setVisibility(I)V	SDK_INT <= 10	BackwardImprovement	"If you want to support older versions (<= 10), add a check and handle using these APIs: android.view.View.setVisibility(I)V"	0.0
com.b44t.messenger.beta	1.14.5	16	29	org.thoughtcrime.securesms.components.emoji.MediaKeyboardBottomTabAdapter$MediaKeyboardBottomTabViewHolder.bind(Lorg/thoughtcrime/securesms/mms/GlideRequests;Lorg/thoughtcrime/securesms/components/emoji/MediaKeyboardBottomTabAdapter$EventListener;Lorg/thoughtcrime/securesms/components/emoji/MediaKeyboardProvider$TabIconProvider;IZ)V	-1	-1	android.view.View.setAlpha(F)V	android.view.View.setVisibility(I)V	SDK_INT <= 10	BackwardImprovement	"If you want to support older versions (<= 10), add a check and handle using these APIs: android.view.View.setVisibility(I)V"	0.0
com.b44t.messenger.beta	1.14.5	16	29	com.mapbox.android.gestures.MultiFingerTapGestureDetector.analyzeEvent(Landroid/view/MotionEvent;)Z	-1	-1	android.view.MotionEvent.getActionMasked()I	android.view.MotionEvent.getAction()I	SDK_INT <= 7	BackwardImprovement	"If you want to support older versions (<= 7), add a check and handle using these APIs: android.view.MotionEvent.getAction()I"	0.0
com.b44t.messenger.beta	1.14.5	16	29	com.mapbox.android.gestures.ProgressiveGesture.analyzeEvent(Landroid/view/MotionEvent;)Z	-1	-1	android.view.MotionEvent.getActionMasked()I	android.view.MotionEvent.getAction()I	SDK_INT <= 7	BackwardImprovement	"If you want to support older versions (<= 7), add a check and handle using these APIs: android.view.MotionEvent.getAction()I"	0.0
com.b44t.messenger.beta	1.14.5	16	29	com.mapbox.mapboxsdk.maps.MapGestureDetector$StandardGestureListener.onDoubleTapEvent(Landroid/view/MotionEvent;)Z	-1	-1	android.view.MotionEvent.getActionMasked()I	android.view.MotionEvent.getAction()I	SDK_INT <= 7	BackwardImprovement	"If you want to support older versions (<= 7), add a check and handle using these APIs: android.view.MotionEvent.getAction()I"	0.0
com.b44t.messenger.beta	1.14.5	16	29	com.mapbox.mapboxsdk.maps.MapGestureDetector$StandardGestureListener.onDoubleTapEvent(Landroid/view/MotionEvent;)Z	-1	-1	android.view.MotionEvent.getActionMasked()I	android.view.MotionEvent.getAction()I	SDK_INT <= 7	BackwardImprovement	"If you want to support older versions (<= 7), add a check and handle using these APIs: android.view.MotionEvent.getAction()I"	0.0
com.b44t.messenger.beta	1.14.5	16	29	org.thoughtcrime.securesms.imageeditor.HiddenEditText.<init>(Landroid/content/Context;)V	-1	-1	android.view.View.setAlpha(F)V	android.view.View.setVisibility(I)V	SDK_INT <= 10	BackwardImprovement	"If you want to support older versions (<= 10), add a check and handle using these APIs: android.view.View.setVisibility(I)V"	0.0
com.b44t.messenger.beta	1.14.5	16	29	com.mapbox.android.gestures.MoveGestureDetector.analyzeEvent(Landroid/view/MotionEvent;)Z	-1	-1	android.view.MotionEvent.getActionMasked()I	android.view.MotionEvent.getAction()I	SDK_INT <= 7	BackwardImprovement	"If you want to support older versions (<= 7), add a check and handle using these APIs: android.view.MotionEvent.getAction()I"	0.0
com.b44t.messenger.beta	1.14.5	16	29	com.mapbox.android.gestures.StandardScaleGestureDetector.analyzeEvent(Landroid/view/MotionEvent;)Z	-1	-1	android.view.MotionEvent.getActionMasked()I	android.view.MotionEvent.getAction()I	SDK_INT <= 7	BackwardImprovement	"If you want to support older versions (<= 7), add a check and handle using these APIs: android.view.MotionEvent.getAction()I"	0.0
com.b44t.messenger.beta	1.14.5	16	29	androidx.appcompat.app.AppCompatDelegateImpl$6.run()V	-1	-1	android.view.View.setAlpha(F)V	android.view.View.setVisibility(I)V	SDK_INT <= 10	BackwardImprovement	"If you want to support older versions (<= 10), add a check and handle using these APIs: android.view.View.setVisibility(I)V"	0.0
com.b44t.messenger.beta	1.14.5	16	29	androidx.appcompat.app.AppCompatDelegateImpl$6.run()V	-1	-1	android.view.View.setAlpha(F)V	android.view.View.setVisibility(I)V	SDK_INT <= 10	BackwardImprovement	"If you want to support older versions (<= 10), add a check and handle using these APIs: android.view.View.setVisibility(I)V"	0.0
com.b44t.messenger.beta	1.14.5	16	29	androidx.appcompat.widget.AbsActionBarView.onHoverEvent(Landroid/view/MotionEvent;)Z	-1	-1	android.view.MotionEvent.getActionMasked()I	android.view.MotionEvent.getAction()I	SDK_INT <= 7	BackwardImprovement	"If you want to support older versions (<= 7), add a check and handle using these APIs: android.view.MotionEvent.getAction()I"	0.0
com.b44t.messenger.beta	1.14.5	16	29	androidx.appcompat.widget.AbsActionBarView.onTouchEvent(Landroid/view/MotionEvent;)Z	-1	-1	android.view.MotionEvent.getActionMasked()I	android.view.MotionEvent.getAction()I	SDK_INT <= 7	BackwardImprovement	"If you want to support older versions (<= 7), add a check and handle using these APIs: android.view.MotionEvent.getAction()I"	0.0
com.b44t.messenger.beta	1.14.5	16	29	androidx.appcompat.widget.AbsActionBarView.setupAnimatorToVisibility(IJ)Landroidx/core/view/ViewPropertyAnimatorCompat;	-1	-1	android.view.View.setAlpha(F)V	android.view.View.setVisibility(I)V	SDK_INT <= 10	BackwardImprovement	"If you want to support older versions (<= 10), add a check and handle using these APIs: android.view.View.setVisibility(I)V"	0.0
com.b44t.messenger.beta	1.14.5	16	29	androidx.appcompat.widget.DropDownListView.onForwardedEvent(Landroid/view/MotionEvent;I)Z	-1	-1	android.view.MotionEvent.getActionMasked()I	android.view.MotionEvent.getAction()I	SDK_INT <= 7	BackwardImprovement	"If you want to support older versions (<= 7), add a check and handle using these APIs: android.view.MotionEvent.getAction()I"	0.0
com.b44t.messenger.beta	1.14.5	16	29	androidx.appcompat.widget.ForwardingListener.onTouchForwarded(Landroid/view/MotionEvent;)Z	-1	-1	android.view.MotionEvent.getActionMasked()I	android.view.MotionEvent.getAction()I	SDK_INT <= 7	BackwardImprovement	"If you want to support older versions (<= 7), add a check and handle using these APIs: android.view.MotionEvent.getAction()I"	0.0
com.b44t.messenger.beta	1.14.5	16	29	androidx.appcompat.widget.ForwardingListener.onTouchObserved(Landroid/view/MotionEvent;)Z	-1	-1	android.view.MotionEvent.getActionMasked()I	android.view.MotionEvent.getAction()I	SDK_INT <= 7	BackwardImprovement	"If you want to support older versions (<= 7), add a check and handle using these APIs: android.view.MotionEvent.getAction()I"	0.0
com.b44t.messenger.beta	1.14.5	16	29	androidx.appcompat.widget.ScrollingTabContainerView.animateToVisibility(I)V	-1	-1	android.view.View.setAlpha(F)V	android.view.View.setVisibility(I)V	SDK_INT <= 10	BackwardImprovement	"If you want to support older versions (<= 10), add a check and handle using these APIs: android.view.View.setVisibility(I)V"	0.0
com.b44t.messenger.beta	1.14.5	16	29	androidx.appcompat.widget.SwitchCompat.onTouchEvent(Landroid/view/MotionEvent;)Z	-1	-1	android.view.MotionEvent.getActionMasked()I	android.view.MotionEvent.getAction()I	SDK_INT <= 7	BackwardImprovement	"If you want to support older versions (<= 7), add a check and handle using these APIs: android.view.MotionEvent.getAction()I"	0.0
com.b44t.messenger.beta	1.14.5	16	29	androidx.appcompat.widget.Toolbar.onHoverEvent(Landroid/view/MotionEvent;)Z	-1	-1	android.view.MotionEvent.getActionMasked()I	android.view.MotionEvent.getAction()I	SDK_INT <= 7	BackwardImprovement	"If you want to support older versions (<= 7), add a check and handle using these APIs: android.view.MotionEvent.getAction()I"	0.0
com.b44t.messenger.beta	1.14.5	16	29	androidx.appcompat.widget.Toolbar.onTouchEvent(Landroid/view/MotionEvent;)Z	-1	-1	android.view.MotionEvent.getActionMasked()I	android.view.MotionEvent.getAction()I	SDK_INT <= 7	BackwardImprovement	"If you want to support older versions (<= 7), add a check and handle using these APIs: android.view.MotionEvent.getAction()I"	0.0
com.b44t.messenger.beta	1.14.5	16	29	androidx.core.view.MotionEventCompat.getActionMasked(Landroid/view/MotionEvent;)I	-1	-1	android.view.MotionEvent.getActionMasked()I	android.view.MotionEvent.getAction()I	SDK_INT <= 7	BackwardImprovement	"If you want to support older versions (<= 7), add a check and handle using these APIs: android.view.MotionEvent.getAction()I"	0.0
com.b44t.messenger.beta	1.14.5	16	29	androidx.core.view.ViewCompat.setAlpha(Landroid/view/View;F)V	-1	-1	android.view.View.setAlpha(F)V	android.view.View.setVisibility(I)V	SDK_INT <= 10	BackwardImprovement	"If you want to support older versions (<= 10), add a check and handle using these APIs: android.view.View.setVisibility(I)V"	0.0
com.b44t.messenger.beta	1.14.5	16	29	androidx.core.view.ViewCompat.setScaleY(Landroid/view/View;F)V	-1	-1	android.view.View.setScaleY(F)V		SDK_INT <= 10	BackwardImprovement	"If you want to support older versions (<= 10), add a check and handle using these APIs: "	0.0
com.b44t.messenger.beta	1.14.5	16	29	androidx.core.widget.AutoScrollHelper.onTouch(Landroid/view/View;Landroid/view/MotionEvent;)Z	-1	-1	android.view.MotionEvent.getActionMasked()I	android.view.MotionEvent.getAction()I	SDK_INT <= 7	BackwardImprovement	"If you want to support older versions (<= 7), add a check and handle using these APIs: android.view.MotionEvent.getAction()I"	0.0
com.b44t.messenger.beta	1.14.5	16	29	androidx.customview.widget.ViewDragHelper.processTouchEvent(Landroid/view/MotionEvent;)V	-1	-1	android.view.MotionEvent.getActionMasked()I	android.view.MotionEvent.getAction()I	SDK_INT <= 7	BackwardImprovement	"If you want to support older versions (<= 7), add a check and handle using these APIs: android.view.MotionEvent.getAction()I"	0.0
com.b44t.messenger.beta	1.14.5	16	29	androidx.customview.widget.ViewDragHelper.shouldInterceptTouchEvent(Landroid/view/MotionEvent;)Z	-1	-1	android.view.MotionEvent.getActionMasked()I	android.view.MotionEvent.getAction()I	SDK_INT <= 7	BackwardImprovement	"If you want to support older versions (<= 7), add a check and handle using these APIs: android.view.MotionEvent.getAction()I"	0.0
com.b44t.messenger.beta	1.14.5	16	29	androidx.drawerlayout.widget.DrawerLayout.onInterceptTouchEvent(Landroid/view/MotionEvent;)Z	-1	-1	android.view.MotionEvent.getActionMasked()I	android.view.MotionEvent.getAction()I	SDK_INT <= 7	BackwardImprovement	"If you want to support older versions (<= 7), add a check and handle using these APIs: android.view.MotionEvent.getAction()I"	0.0
com.b44t.messenger.beta	1.14.5	16	29	androidx.fragment.app.FragmentManager.makeRemovedFragmentsInvisible(Landroidx/collection/ArraySet;)V	-1	-1	android.view.View.setAlpha(F)V	android.view.View.setVisibility(I)V	SDK_INT <= 10	BackwardImprovement	"If you want to support older versions (<= 10), add a check and handle using these APIs: android.view.View.setVisibility(I)V"	0.0
com.b44t.messenger.beta	1.14.5	16	29	androidx.fragment.app.FragmentManager.completeExecute(Landroidx/fragment/app/BackStackRecord;ZZZ)V	-1	-1	android.view.View.setAlpha(F)V	android.view.View.setVisibility(I)V	SDK_INT <= 10	BackwardImprovement	"If you want to support older versions (<= 10), add a check and handle using these APIs: android.view.View.setVisibility(I)V"	0.0
com.b44t.messenger.beta	1.14.5	16	29	androidx.fragment.app.FragmentManager.moveFragmentToExpectedState(Landroidx/fragment/app/Fragment;)V	-1	-1	android.view.View.setAlpha(F)V	android.view.View.setVisibility(I)V	SDK_INT <= 10	BackwardImprovement	"If you want to support older versions (<= 10), add a check and handle using these APIs: android.view.View.setVisibility(I)V"	0.0
com.b44t.messenger.beta	1.14.5	16	29	androidx.recyclerview.widget.DefaultItemAnimator$4.onAnimationEnd(Landroid/animation/Animator;)V	-1	-1	android.view.View.setAlpha(F)V	android.view.View.setVisibility(I)V	SDK_INT <= 10	BackwardImprovement	"If you want to support older versions (<= 10), add a check and handle using these APIs: android.view.View.setVisibility(I)V"	0.0
com.b44t.messenger.beta	1.14.5	16	29	androidx.recyclerview.widget.DefaultItemAnimator$5.onAnimationCancel(Landroid/animation/Animator;)V	-1	-1	android.view.View.setAlpha(F)V	android.view.View.setVisibility(I)V	SDK_INT <= 10	BackwardImprovement	"If you want to support older versions (<= 10), add a check and handle using these APIs: android.view.View.setVisibility(I)V"	0.0
com.b44t.messenger.beta	1.14.5	16	29	androidx.recyclerview.widget.DefaultItemAnimator$7.onAnimationEnd(Landroid/animation/Animator;)V	-1	-1	android.view.View.setAlpha(F)V	android.view.View.setVisibility(I)V	SDK_INT <= 10	BackwardImprovement	"If you want to support older versions (<= 10), add a check and handle using these APIs: android.view.View.setVisibility(I)V"	0.0
com.b44t.messenger.beta	1.14.5	16	29	androidx.recyclerview.widget.DefaultItemAnimator$8.onAnimationEnd(Landroid/animation/Animator;)V	-1	-1	android.view.View.setAlpha(F)V	android.view.View.setVisibility(I)V	SDK_INT <= 10	BackwardImprovement	"If you want to support older versions (<= 10), add a check and handle using these APIs: android.view.View.setVisibility(I)V"	0.0
com.b44t.messenger.beta	1.14.5	16	29	androidx.slidingpanelayout.widget.SlidingPaneLayout.onInterceptTouchEvent(Landroid/view/MotionEvent;)Z	-1	-1	android.view.MotionEvent.getActionMasked()I	android.view.MotionEvent.getAction()I	SDK_INT <= 7	BackwardImprovement	"If you want to support older versions (<= 7), add a check and handle using these APIs: android.view.MotionEvent.getAction()I"	0.0
com.b44t.messenger.beta	1.14.5	16	29	androidx.slidingpanelayout.widget.SlidingPaneLayout.onTouchEvent(Landroid/view/MotionEvent;)Z	-1	-1	android.view.MotionEvent.getActionMasked()I	android.view.MotionEvent.getAction()I	SDK_INT <= 7	BackwardImprovement	"If you want to support older versions (<= 7), add a check and handle using these APIs: android.view.MotionEvent.getAction()I"	0.0
com.b44t.messenger.beta	1.14.5	16	29	androidx.transition.ViewUtilsBase.setAnimationMatrix(Landroid/view/View;Landroid/graphics/Matrix;)V	-1	-1	android.view.View.setScaleY(F)V		SDK_INT <= 10	BackwardImprovement	"If you want to support older versions (<= 10), add a check and handle using these APIs: "	0.0
com.b44t.messenger.beta	1.14.5	16	29	androidx.transition.ViewUtilsBase.setAnimationMatrix(Landroid/view/View;Landroid/graphics/Matrix;)V	-1	-1	android.view.View.setScaleY(F)V		SDK_INT <= 10	BackwardImprovement	"If you want to support older versions (<= 10), add a check and handle using these APIs: "	0.0
com.b44t.messenger.beta	1.14.5	16	29	androidx.transition.ViewUtilsBase.setTransitionAlpha(Landroid/view/View;F)V	-1	-1	android.view.View.setAlpha(F)V	android.view.View.setVisibility(I)V	SDK_INT <= 10	BackwardImprovement	"If you want to support older versions (<= 10), add a check and handle using these APIs: android.view.View.setVisibility(I)V"	0.0
com.b44t.messenger.beta	1.14.5	16	29	androidx.transition.ViewUtilsBase.setTransitionAlpha(Landroid/view/View;F)V	-1	-1	android.view.View.setAlpha(F)V	android.view.View.setVisibility(I)V	SDK_INT <= 10	BackwardImprovement	"If you want to support older versions (<= 10), add a check and handle using these APIs: android.view.View.setVisibility(I)V"	0.0
com.b44t.messenger.beta	1.14.5	16	29	androidx.appcompat.app.AppCompatDelegateImpl.startSupportActionModeFromWindow(Landroidx/appcompat/view/ActionMode$Callback;)Landroidx/appcompat/view/ActionMode;	-1	-1	android.view.View.setAlpha(F)V	android.view.View.setVisibility(I)V	SDK_INT <= 10	BackwardImprovement	"If you want to support older versions (<= 10), add a check and handle using these APIs: android.view.View.setVisibility(I)V"	0.0
com.b44t.messenger.beta	1.14.5	16	29	androidx.appcompat.app.AppCompatDelegateImpl.startSupportActionModeFromWindow(Landroidx/appcompat/view/ActionMode$Callback;)Landroidx/appcompat/view/ActionMode;	-1	-1	android.view.View.setAlpha(F)V	android.view.View.setVisibility(I)V	SDK_INT <= 10	BackwardImprovement	"If you want to support older versions (<= 10), add a check and handle using these APIs: android.view.View.setVisibility(I)V"	0.0
com.b44t.messenger.beta	1.14.5	16	29	androidx.appcompat.app.WindowDecorActionBar.doHide(Z)V	-1	-1	android.view.View.setAlpha(F)V	android.view.View.setVisibility(I)V	SDK_INT <= 10	BackwardImprovement	"If you want to support older versions (<= 10), add a check and handle using these APIs: android.view.View.setVisibility(I)V"	0.0
com.b44t.messenger.beta	1.14.5	16	29	androidx.appcompat.app.WindowDecorActionBar.doShow(Z)V	-1	-1	android.view.View.setAlpha(F)V	android.view.View.setVisibility(I)V	SDK_INT <= 10	BackwardImprovement	"If you want to support older versions (<= 10), add a check and handle using these APIs: android.view.View.setVisibility(I)V"	0.0
com.b44t.messenger.beta	1.14.5	16	29	androidx.recyclerview.widget.ItemTouchHelper$2.onInterceptTouchEvent(Landroidx/recyclerview/widget/RecyclerView;Landroid/view/MotionEvent;)Z	-1	-1	android.view.MotionEvent.getActionMasked()I	android.view.MotionEvent.getAction()I	SDK_INT <= 7	BackwardImprovement	"If you want to support older versions (<= 7), add a check and handle using these APIs: android.view.MotionEvent.getAction()I"	0.0
com.b44t.messenger.beta	1.14.5	16	29	androidx.recyclerview.widget.ItemTouchHelper$2.onTouchEvent(Landroidx/recyclerview/widget/RecyclerView;Landroid/view/MotionEvent;)V	-1	-1	android.view.MotionEvent.getActionMasked()I	android.view.MotionEvent.getAction()I	SDK_INT <= 7	BackwardImprovement	"If you want to support older versions (<= 7), add a check and handle using these APIs: android.view.MotionEvent.getAction()I"	0.0
com.b44t.messenger.beta	1.14.5	16	29	androidx.swiperefreshlayout.widget.SwipeRefreshLayout.moveSpinner(F)V	-1	-1	android.view.View.setScaleY(F)V		SDK_INT <= 10	BackwardImprovement	"If you want to support older versions (<= 10), add a check and handle using these APIs: "	0.0
com.b44t.messenger.beta	1.14.5	16	29	androidx.swiperefreshlayout.widget.SwipeRefreshLayout.onInterceptTouchEvent(Landroid/view/MotionEvent;)Z	-1	-1	android.view.MotionEvent.getActionMasked()I	android.view.MotionEvent.getAction()I	SDK_INT <= 7	BackwardImprovement	"If you want to support older versions (<= 7), add a check and handle using these APIs: android.view.MotionEvent.getAction()I"	0.0
com.b44t.messenger.beta	1.14.5	16	29	androidx.swiperefreshlayout.widget.SwipeRefreshLayout.onTouchEvent(Landroid/view/MotionEvent;)Z	-1	-1	android.view.MotionEvent.getActionMasked()I	android.view.MotionEvent.getAction()I	SDK_INT <= 7	BackwardImprovement	"If you want to support older versions (<= 7), add a check and handle using these APIs: android.view.MotionEvent.getAction()I"	0.0
com.b44t.messenger.beta	1.14.5	16	29	androidx.swiperefreshlayout.widget.SwipeRefreshLayout.setAnimationProgress(F)V	-1	-1	android.view.View.setScaleY(F)V		SDK_INT <= 10	BackwardImprovement	"If you want to support older versions (<= 10), add a check and handle using these APIs: "	0.0
com.b44t.messenger.beta	1.14.5	16	29	androidx.transition.ChangeTransform.setTransforms(Landroid/view/View;FFFFFFFF)V	-1	-1	android.view.View.setScaleY(F)V		SDK_INT <= 10	BackwardImprovement	"If you want to support older versions (<= 10), add a check and handle using these APIs: "	0.0
com.b44t.messenger.beta	1.14.5	16	29	androidx.transition.ViewUtilsApi19.setTransitionAlpha(Landroid/view/View;F)V	-1	-1	android.view.View.setAlpha(F)V	android.view.View.setVisibility(I)V	SDK_INT <= 10	BackwardImprovement	"If you want to support older versions (<= 10), add a check and handle using these APIs: android.view.View.setVisibility(I)V"	0.0
com.b44t.messenger.beta	1.14.5	16	29	androidx.appcompat.app.AppCompatDelegateImpl$6$1.onAnimationEnd(Landroid/view/View;)V	-1	-1	android.view.View.setAlpha(F)V	android.view.View.setVisibility(I)V	SDK_INT <= 10	BackwardImprovement	"If you want to support older versions (<= 10), add a check and handle using these APIs: android.view.View.setVisibility(I)V"	0.0
com.b44t.messenger.beta	1.14.5	16	29	androidx.appcompat.app.AppCompatDelegateImpl$7.onAnimationEnd(Landroid/view/View;)V	-1	-1	android.view.View.setAlpha(F)V	android.view.View.setVisibility(I)V	SDK_INT <= 10	BackwardImprovement	"If you want to support older versions (<= 10), add a check and handle using these APIs: android.view.View.setVisibility(I)V"	0.0
com.b44t.messenger.beta	1.14.5	16	29	androidx.recyclerview.widget.DefaultItemAnimator.endChangeAnimationIfNecessary(Landroidx/recyclerview/widget/DefaultItemAnimator$ChangeInfo;Landroidx/recyclerview/widget/RecyclerView$ViewHolder;)Z	-1	-1	android.view.View.setAlpha(F)V	android.view.View.setVisibility(I)V	SDK_INT <= 10	BackwardImprovement	"If you want to support older versions (<= 10), add a check and handle using these APIs: android.view.View.setVisibility(I)V"	0.0
com.b44t.messenger.beta	1.14.5	16	29	androidx.recyclerview.widget.DefaultItemAnimator.animateAdd(Landroidx/recyclerview/widget/RecyclerView$ViewHolder;)Z	-1	-1	android.view.View.setAlpha(F)V	android.view.View.setVisibility(I)V	SDK_INT <= 10	BackwardImprovement	"If you want to support older versions (<= 10), add a check and handle using these APIs: android.view.View.setVisibility(I)V"	0.0
com.b44t.messenger.beta	1.14.5	16	29	androidx.recyclerview.widget.DefaultItemAnimator.animateChange(Landroidx/recyclerview/widget/RecyclerView$ViewHolder;Landroidx/recyclerview/widget/RecyclerView$ViewHolder;IIII)Z	-1	-1	android.view.View.setAlpha(F)V	android.view.View.setVisibility(I)V	SDK_INT <= 10	BackwardImprovement	"If you want to support older versions (<= 10), add a check and handle using these APIs: android.view.View.setVisibility(I)V"	0.0
com.b44t.messenger.beta	1.14.5	16	29	androidx.recyclerview.widget.DefaultItemAnimator.animateChange(Landroidx/recyclerview/widget/RecyclerView$ViewHolder;Landroidx/recyclerview/widget/RecyclerView$ViewHolder;IIII)Z	-1	-1	android.view.View.setAlpha(F)V	android.view.View.setVisibility(I)V	SDK_INT <= 10	BackwardImprovement	"If you want to support older versions (<= 10), add a check and handle using these APIs: android.view.View.setVisibility(I)V"	0.0
com.b44t.messenger.beta	1.14.5	16	29	androidx.recyclerview.widget.DefaultItemAnimator.endAnimation(Landroidx/recyclerview/widget/RecyclerView$ViewHolder;)V	-1	-1	android.view.View.setAlpha(F)V	android.view.View.setVisibility(I)V	SDK_INT <= 10	BackwardImprovement	"If you want to support older versions (<= 10), add a check and handle using these APIs: android.view.View.setVisibility(I)V"	0.0
com.b44t.messenger.beta	1.14.5	16	29	androidx.recyclerview.widget.DefaultItemAnimator.endAnimation(Landroidx/recyclerview/widget/RecyclerView$ViewHolder;)V	-1	-1	android.view.View.setAlpha(F)V	android.view.View.setVisibility(I)V	SDK_INT <= 10	BackwardImprovement	"If you want to support older versions (<= 10), add a check and handle using these APIs: android.view.View.setVisibility(I)V"	0.0
com.b44t.messenger.beta	1.14.5	16	29	androidx.recyclerview.widget.DefaultItemAnimator.endAnimation(Landroidx/recyclerview/widget/RecyclerView$ViewHolder;)V	-1	-1	android.view.View.setAlpha(F)V	android.view.View.setVisibility(I)V	SDK_INT <= 10	BackwardImprovement	"If you want to support older versions (<= 10), add a check and handle using these APIs: android.view.View.setVisibility(I)V"	0.0
com.b44t.messenger.beta	1.14.5	16	29	androidx.recyclerview.widget.DefaultItemAnimator.endAnimations()V	-1	-1	android.view.View.setAlpha(F)V	android.view.View.setVisibility(I)V	SDK_INT <= 10	BackwardImprovement	"If you want to support older versions (<= 10), add a check and handle using these APIs: android.view.View.setVisibility(I)V"	0.0
com.b44t.messenger.beta	1.14.5	16	29	androidx.recyclerview.widget.DefaultItemAnimator.endAnimations()V	-1	-1	android.view.View.setAlpha(F)V	android.view.View.setVisibility(I)V	SDK_INT <= 10	BackwardImprovement	"If you want to support older versions (<= 10), add a check and handle using these APIs: android.view.View.setVisibility(I)V"	0.0
com.b44t.messenger.beta	1.14.5	16	29	androidx.coordinatorlayout.widget.CoordinatorLayout.performIntercept(Landroid/view/MotionEvent;I)Z	-1	-1	android.view.MotionEvent.getActionMasked()I	android.view.MotionEvent.getAction()I	SDK_INT <= 7	BackwardImprovement	"If you want to support older versions (<= 7), add a check and handle using these APIs: android.view.MotionEvent.getAction()I"	0.0
com.b44t.messenger.beta	1.14.5	16	29	androidx.coordinatorlayout.widget.CoordinatorLayout.onInterceptTouchEvent(Landroid/view/MotionEvent;)Z	-1	-1	android.view.MotionEvent.getActionMasked()I	android.view.MotionEvent.getAction()I	SDK_INT <= 7	BackwardImprovement	"If you want to support older versions (<= 7), add a check and handle using these APIs: android.view.MotionEvent.getAction()I"	0.0
com.b44t.messenger.beta	1.14.5	16	29	androidx.coordinatorlayout.widget.CoordinatorLayout.onTouchEvent(Landroid/view/MotionEvent;)Z	-1	-1	android.view.MotionEvent.getActionMasked()I	android.view.MotionEvent.getAction()I	SDK_INT <= 7	BackwardImprovement	"If you want to support older versions (<= 7), add a check and handle using these APIs: android.view.MotionEvent.getAction()I"	0.0
com.b44t.messenger.beta	1.14.5	16	29	androidx.core.widget.NestedScrollView.onTouchEvent(Landroid/view/MotionEvent;)Z	-1	-1	android.view.MotionEvent.getActionMasked()I	android.view.MotionEvent.getAction()I	SDK_INT <= 7	BackwardImprovement	"If you want to support older versions (<= 7), add a check and handle using these APIs: android.view.MotionEvent.getAction()I"	0.0
com.b44t.messenger.beta	1.14.5	16	29	androidx.recyclerview.widget.RecyclerView.onInterceptTouchEvent(Landroid/view/MotionEvent;)Z	-1	-1	android.view.MotionEvent.getActionMasked()I	android.view.MotionEvent.getAction()I	SDK_INT <= 7	BackwardImprovement	"If you want to support older versions (<= 7), add a check and handle using these APIs: android.view.MotionEvent.getAction()I"	0.0
com.b44t.messenger.beta	1.14.5	16	29	androidx.recyclerview.widget.RecyclerView.onTouchEvent(Landroid/view/MotionEvent;)Z	-1	-1	android.view.MotionEvent.getActionMasked()I	android.view.MotionEvent.getAction()I	SDK_INT <= 7	BackwardImprovement	"If you want to support older versions (<= 7), add a check and handle using these APIs: android.view.MotionEvent.getAction()I"	0.0
