app	version	sdk_min	sdk_trg	method	fromLine	toLine	apis	alternative	ruleCheck	warning	message	confidence
com.workingagenda.democracydroid	3.6.1	19	27	com.workingagenda.democracydroid.Adapters.ViewHolders.EpisodeViewHolder.Download(Ljava/lang/String;Ljava/lang/String;Ljava/lang/String;)V	-1	-1	android.app.Activity.requestPermissions([Ljava/lang/String;I)V		SDK_INT <= 22	BackwardCriticalBug	"[Critical] The APIs you are using must be used only in new Android versions (SDK_INT <= 22). Check the Android version before using them. "	0.0
com.workingagenda.democracydroid	3.6.1	19	27	com.workingagenda.democracydroid.tabfragment.PodcastFragment.getAudioFeed()V	-1	-1	android.os.AsyncTask.execute([Ljava/lang/Object;)Landroid/os/AsyncTask;	android.os.AsyncTask.executeOnExecutor(Ljava/util/concurrent/Executor;[Ljava/lang/Object;)Landroid/os/AsyncTask;	SDK_INT <= -1	ForwardImprovement	"[Info] You should use alternative APIs, since you do not support old Android versions (SDK_INT <= -1). Please, use: android.os.AsyncTask.executeOnExecutor(Ljava/util/concurrent/Executor;[Ljava/lang/Object;)Landroid/os/AsyncTask;."	0.0
com.workingagenda.democracydroid	3.6.1	19	27	com.workingagenda.democracydroid.tabfragment.PodcastFragment.getVideoFeed(Z)V	-1	-1	android.os.AsyncTask.execute([Ljava/lang/Object;)Landroid/os/AsyncTask;	android.os.AsyncTask.executeOnExecutor(Ljava/util/concurrent/Executor;[Ljava/lang/Object;)Landroid/os/AsyncTask;	SDK_INT <= -1	ForwardImprovement	"[Info] You should use alternative APIs, since you do not support old Android versions (SDK_INT <= -1). Please, use: android.os.AsyncTask.executeOnExecutor(Ljava/util/concurrent/Executor;[Ljava/lang/Object;)Landroid/os/AsyncTask;."	0.0
com.workingagenda.democracydroid	3.6.1	19	27	com.workingagenda.democracydroid.tabfragment.StoryFragment.onCreateView(Landroid/view/LayoutInflater;Landroid/view/ViewGroup;Landroid/os/Bundle;)Landroid/view/View;	-1	-1	android.os.AsyncTask.execute([Ljava/lang/Object;)Landroid/os/AsyncTask;	android.os.AsyncTask.executeOnExecutor(Ljava/util/concurrent/Executor;[Ljava/lang/Object;)Landroid/os/AsyncTask;	SDK_INT <= -1	ForwardImprovement	"[Info] You should use alternative APIs, since you do not support old Android versions (SDK_INT <= -1). Please, use: android.os.AsyncTask.executeOnExecutor(Ljava/util/concurrent/Executor;[Ljava/lang/Object;)Landroid/os/AsyncTask;."	0.0
com.workingagenda.democracydroid	3.6.1	19	27	com.workingagenda.democracydroid.tabfragment.StoryFragment.refresh()V	-1	-1	android.os.AsyncTask.execute([Ljava/lang/Object;)Landroid/os/AsyncTask;	android.os.AsyncTask.executeOnExecutor(Ljava/util/concurrent/Executor;[Ljava/lang/Object;)Landroid/os/AsyncTask;	SDK_INT <= -1	ForwardImprovement	"[Info] You should use alternative APIs, since you do not support old Android versions (SDK_INT <= -1). Please, use: android.os.AsyncTask.executeOnExecutor(Ljava/util/concurrent/Executor;[Ljava/lang/Object;)Landroid/os/AsyncTask;."	0.0
com.workingagenda.democracydroid	3.6.1	19	27	com.workingagenda.democracydroid.StoryActivity.onCreate(Landroid/os/Bundle;)V	-1	-1	android.os.AsyncTask.execute([Ljava/lang/Object;)Landroid/os/AsyncTask;	android.os.AsyncTask.executeOnExecutor(Ljava/util/concurrent/Executor;[Ljava/lang/Object;)Landroid/os/AsyncTask;	SDK_INT <= -1	ForwardImprovement	"[Info] You should use alternative APIs, since you do not support old Android versions (SDK_INT <= -1). Please, use: android.os.AsyncTask.executeOnExecutor(Ljava/util/concurrent/Executor;[Ljava/lang/Object;)Landroid/os/AsyncTask;."	0.0
