app	version	sdk_min	sdk_trg	method	fromLine	toLine	apis	alternative	ruleCheck	warning	message	confidence
ryey.easer	0.7.8.3	16	23	androidx.core.widget.TextViewCompat$OreoCallback.isSupportedActivity(Landroid/content/pm/ResolveInfo;Landroid/content/Context;)Z	-1	-1	android.content.Context.checkSelfPermission(Ljava/lang/String;)I		SDK_INT <= 22	BackwardCriticalBug	"[Critical] The APIs you are using must be used only in new Android versions (SDK_INT <= 22). Check the Android version before using them. "	0.0
ryey.easer	0.7.8.3	16	23	androidx.print.PrintHelper$PrintUriAdapter.onLayout(Landroid/print/PrintAttributes;Landroid/print/PrintAttributes;Landroid/os/CancellationSignal;Landroid/print/PrintDocumentAdapter$LayoutResultCallback;Landroid/os/Bundle;)V	-1	-1	android.os.AsyncTask.execute([Ljava/lang/Object;)Landroid/os/AsyncTask;	android.os.AsyncTask.executeOnExecutor(Ljava/util/concurrent/Executor;[Ljava/lang/Object;)Landroid/os/AsyncTask;	SDK_INT <= -1	ForwardImprovement	"[Info] You should use alternative APIs, since you do not support old Android versions (SDK_INT <= -1). Please, use: android.os.AsyncTask.executeOnExecutor(Ljava/util/concurrent/Executor;[Ljava/lang/Object;)Landroid/os/AsyncTask;."	0.0
ryey.easer	0.7.8.3	16	23	androidx.print.PrintHelper.writeBitmap(Landroid/print/PrintAttributes;ILandroid/graphics/Bitmap;Landroid/os/ParcelFileDescriptor;Landroid/os/CancellationSignal;Landroid/print/PrintDocumentAdapter$WriteResultCallback;)V	-1	-1	android.os.AsyncTask.execute([Ljava/lang/Object;)Landroid/os/AsyncTask;	android.os.AsyncTask.executeOnExecutor(Ljava/util/concurrent/Executor;[Ljava/lang/Object;)Landroid/os/AsyncTask;	SDK_INT <= -1	ForwardImprovement	"[Info] You should use alternative APIs, since you do not support old Android versions (SDK_INT <= -1). Please, use: android.os.AsyncTask.executeOnExecutor(Ljava/util/concurrent/Executor;[Ljava/lang/Object;)Landroid/os/AsyncTask;."	0.0
ryey.easer	0.7.8.3	16	23	androidx.media.AudioAttributesImplApi21.getLegacyStreamType()I	-1	-1	android.util.Log.w(Ljava/lang/String;Ljava/lang/String;Ljava/lang/Throwable;)I	android.widget.AdapterView.getLastVisiblePosition()I&android.widget.AdapterView.getFirstVisiblePosition()I&android.util.Log.w(Ljava/lang/String;Ljava/lang/String;Ljava/lang/Throwable;)I	SDK_INT <= 15	ForwardImprovement	"[Info] You should use alternative APIs, since you do not support old Android versions (SDK_INT <= 15). Please, use: android.widget.AdapterView.getLastVisiblePosition()I --- android.widget.AdapterView.getFirstVisiblePosition()I --- android.util.Log.w(Ljava/lang/String;Ljava/lang/String;Ljava/lang/Throwable;)I."	0.0
ryey.easer	0.7.8.3	16	23	androidx.media.AudioAttributesImplApi21.getLegacyStreamType()I	-1	-1	android.util.Log.w(Ljava/lang/String;Ljava/lang/String;)I		SDK_INT <= 20	ForwardImprovement	"[Info] The APIs you are using should be used only in older Android versions (SDK_INT <= 20). Add a check."	0.0
ryey.easer	0.7.8.3	16	23	androidx.media.AudioAttributesImplApi21.getLegacyStreamType()I	-1	-1	android.util.Log.w(Ljava/lang/String;Ljava/lang/String;)I	android.os.PersistableBundle.<init>()V&android.app.job.JobScheduler.schedule(Landroid/app/job/JobInfo;)I&android.app.job.JobInfo$Builder.build()Landroid/app/job/JobInfo;&android.app.job.JobScheduler.getAllPendingJobs()Ljava/util/List;&android.app.job.JobInfo$Builder.<init>(ILandroid/content/ComponentName;)V&android.content.Context.getSystemService(Ljava/lang/String;)Ljava/lang/Object;&android.util.Log.i(Ljava/lang/String;Ljava/lang/String;)I&android.os.BaseBundle.putString(Ljava/lang/String;Ljava/lang/String;)V&android.app.job.JobInfo$Builder.setPeriodic(J)Landroid/app/job/JobInfo$Builder;&android.app.job.JobInfo$Builder.setRequiresCharging(Z)Landroid/app/job/JobInfo$Builder;&android.content.ComponentName.<init>(Landroid/content/Context;Ljava/lang/Class;)V&android.app.job.JobInfo.getId()I&android.app.job.JobInfo$Builder.setExtras(Landroid/os/PersistableBundle;)Landroid/app/job/JobInfo$Builder;&android.content.Context.getApplicationContext()Landroid/content/Context;&android.util.Log.wtf(Ljava/lang/String;Ljava/lang/String;)I&android.app.job.JobInfo$Builder.setRequiresDeviceIdle(Z)Landroid/app/job/JobInfo$Builder;&android.app.job.JobInfo$Builder.setPersisted(Z)Landroid/app/job/JobInfo$Builder;&android.app.job.JobInfo$Builder.setRequiredNetworkType(I)Landroid/app/job/JobInfo$Builder;	SDK_INT <= 20	ForwardImprovement	"[Info] You should use these APIs differently in newer Android releases (SDK_INT > 20). Add a check and handle with: android.os.PersistableBundle.<init>()V --- android.app.job.JobScheduler.schedule(Landroid/app/job/JobInfo;)I --- android.app.job.JobInfo$Builder.build()Landroid/app/job/JobInfo; --- android.app.job.JobScheduler.getAllPendingJobs()Ljava/util/List; --- android.app.job.JobInfo$Builder.<init>(ILandroid/content/ComponentName;)V --- android.content.Context.getSystemService(Ljava/lang/String;)Ljava/lang/Object; --- android.util.Log.i(Ljava/lang/String;Ljava/lang/String;)I --- android.os.BaseBundle.putString(Ljava/lang/String;Ljava/lang/String;)V --- android.app.job.JobInfo$Builder.setPeriodic(J)Landroid/app/job/JobInfo$Builder; --- android.app.job.JobInfo$Builder.setRequiresCharging(Z)Landroid/app/job/JobInfo$Builder; --- android.content.ComponentName.<init>(Landroid/content/Context;Ljava/lang/Class;)V --- android.app.job.JobInfo.getId()I --- android.app.job.JobInfo$Builder.setExtras(Landroid/os/PersistableBundle;)Landroid/app/job/JobInfo$Builder; --- android.content.Context.getApplicationContext()Landroid/content/Context; --- android.util.Log.wtf(Ljava/lang/String;Ljava/lang/String;)I --- android.app.job.JobInfo$Builder.setRequiresDeviceIdle(Z)Landroid/app/job/JobInfo$Builder; --- android.app.job.JobInfo$Builder.setPersisted(Z)Landroid/app/job/JobInfo$Builder; --- android.app.job.JobInfo$Builder.setRequiredNetworkType(I)Landroid/app/job/JobInfo$Builder;."	0.0
ryey.easer	0.7.8.3	16	23	com.danielstone.materialaboutlibrary.MaterialAboutFragment.onCreateView(Landroid/view/LayoutInflater;Landroid/view/ViewGroup;Landroid/os/Bundle;)Landroid/view/View;	-1	-1	android.os.AsyncTask.execute([Ljava/lang/Object;)Landroid/os/AsyncTask;	android.os.AsyncTask.executeOnExecutor(Ljava/util/concurrent/Executor;[Ljava/lang/Object;)Landroid/os/AsyncTask;	SDK_INT <= -1	ForwardImprovement	"[Info] You should use alternative APIs, since you do not support old Android versions (SDK_INT <= -1). Please, use: android.os.AsyncTask.executeOnExecutor(Ljava/util/concurrent/Executor;[Ljava/lang/Object;)Landroid/os/AsyncTask;."	0.0
ryey.easer	0.7.8.3	16	23	ryey.easer.skills.operation.http_request.HttpRequestLoader._load(Lryey/easer/skills/operation/http_request/HttpRequestOperationData;Lryey/easer/commons/local_skill/operationskill/Loader$OnResultCallback;)V	-1	-1	android.os.AsyncTask.execute([Ljava/lang/Object;)Landroid/os/AsyncTask;	android.os.AsyncTask.executeOnExecutor(Ljava/util/concurrent/Executor;[Ljava/lang/Object;)Landroid/os/AsyncTask;	SDK_INT <= -1	ForwardImprovement	"[Info] You should use alternative APIs, since you do not support old Android versions (SDK_INT <= -1). Please, use: android.os.AsyncTask.executeOnExecutor(Ljava/util/concurrent/Executor;[Ljava/lang/Object;)Landroid/os/AsyncTask;."	0.0
ryey.easer	0.7.8.3	16	23	ryey.easer.skills.operation.network_transmission.NetworkTransmissionLoader._load(Lryey/easer/skills/operation/network_transmission/NetworkTransmissionOperationData;Lryey/easer/commons/local_skill/operationskill/Loader$OnResultCallback;)V	-1	-1	android.os.AsyncTask.execute([Ljava/lang/Object;)Landroid/os/AsyncTask;	android.os.AsyncTask.executeOnExecutor(Ljava/util/concurrent/Executor;[Ljava/lang/Object;)Landroid/os/AsyncTask;	SDK_INT <= -1	ForwardImprovement	"[Info] You should use alternative APIs, since you do not support old Android versions (SDK_INT <= -1). Please, use: android.os.AsyncTask.executeOnExecutor(Ljava/util/concurrent/Executor;[Ljava/lang/Object;)Landroid/os/AsyncTask;."	0.0
ryey.easer	0.7.8.3	16	23	ryey.easer.skills.usource.cell_location.ScannerDialogFragment.onCreateDialog(Landroid/os/Bundle;)Landroid/app/Dialog;	-1	-1	android.os.AsyncTask.execute([Ljava/lang/Object;)Landroid/os/AsyncTask;	android.os.AsyncTask.executeOnExecutor(Ljava/util/concurrent/Executor;[Ljava/lang/Object;)Landroid/os/AsyncTask;	SDK_INT <= -1	ForwardImprovement	"[Info] You should use alternative APIs, since you do not support old Android versions (SDK_INT <= -1). Please, use: android.os.AsyncTask.executeOnExecutor(Ljava/util/concurrent/Executor;[Ljava/lang/Object;)Landroid/os/AsyncTask;."	0.0
ryey.easer	0.7.8.3	16	23	com.danielstone.materialaboutlibrary.MaterialAboutActivity.onCreate(Landroid/os/Bundle;)V	-1	-1	android.os.AsyncTask.execute([Ljava/lang/Object;)Landroid/os/AsyncTask;	android.os.AsyncTask.executeOnExecutor(Ljava/util/concurrent/Executor;[Ljava/lang/Object;)Landroid/os/AsyncTask;	SDK_INT <= -1	ForwardImprovement	"[Info] You should use alternative APIs, since you do not support old Android versions (SDK_INT <= -1). Please, use: android.os.AsyncTask.executeOnExecutor(Ljava/util/concurrent/Executor;[Ljava/lang/Object;)Landroid/os/AsyncTask;."	0.0
ryey.easer	0.7.8.3	16	23	androidx.appcompat.app.AppCompatDelegateImpl$6.run()V	-1	-1	android.view.View.setAlpha(F)V	android.view.View.setVisibility(I)V	SDK_INT <= 10	BackwardImprovement	"If you want to support older versions (<= 10), add a check and handle using these APIs: android.view.View.setVisibility(I)V"	0.0
ryey.easer	0.7.8.3	16	23	androidx.appcompat.app.AppCompatDelegateImpl$6.run()V	-1	-1	android.view.View.setAlpha(F)V	android.view.View.setVisibility(I)V	SDK_INT <= 10	BackwardImprovement	"If you want to support older versions (<= 10), add a check and handle using these APIs: android.view.View.setVisibility(I)V"	0.0
ryey.easer	0.7.8.3	16	23	androidx.appcompat.widget.AbsActionBarView.onHoverEvent(Landroid/view/MotionEvent;)Z	-1	-1	android.view.MotionEvent.getActionMasked()I	android.view.MotionEvent.getAction()I	SDK_INT <= 7	BackwardImprovement	"If you want to support older versions (<= 7), add a check and handle using these APIs: android.view.MotionEvent.getAction()I"	0.0
ryey.easer	0.7.8.3	16	23	androidx.appcompat.widget.AbsActionBarView.onTouchEvent(Landroid/view/MotionEvent;)Z	-1	-1	android.view.MotionEvent.getActionMasked()I	android.view.MotionEvent.getAction()I	SDK_INT <= 7	BackwardImprovement	"If you want to support older versions (<= 7), add a check and handle using these APIs: android.view.MotionEvent.getAction()I"	0.0
ryey.easer	0.7.8.3	16	23	androidx.appcompat.widget.AbsActionBarView.setupAnimatorToVisibility(IJ)Landroidx/core/view/ViewPropertyAnimatorCompat;	-1	-1	android.view.View.setAlpha(F)V	android.view.View.setVisibility(I)V	SDK_INT <= 10	BackwardImprovement	"If you want to support older versions (<= 10), add a check and handle using these APIs: android.view.View.setVisibility(I)V"	0.0
ryey.easer	0.7.8.3	16	23	androidx.appcompat.widget.DropDownListView.onForwardedEvent(Landroid/view/MotionEvent;I)Z	-1	-1	android.view.MotionEvent.getActionMasked()I	android.view.MotionEvent.getAction()I	SDK_INT <= 7	BackwardImprovement	"If you want to support older versions (<= 7), add a check and handle using these APIs: android.view.MotionEvent.getAction()I"	0.0
ryey.easer	0.7.8.3	16	23	androidx.appcompat.widget.ForwardingListener.onTouchForwarded(Landroid/view/MotionEvent;)Z	-1	-1	android.view.MotionEvent.getActionMasked()I	android.view.MotionEvent.getAction()I	SDK_INT <= 7	BackwardImprovement	"If you want to support older versions (<= 7), add a check and handle using these APIs: android.view.MotionEvent.getAction()I"	0.0
ryey.easer	0.7.8.3	16	23	androidx.appcompat.widget.ForwardingListener.onTouchObserved(Landroid/view/MotionEvent;)Z	-1	-1	android.view.MotionEvent.getActionMasked()I	android.view.MotionEvent.getAction()I	SDK_INT <= 7	BackwardImprovement	"If you want to support older versions (<= 7), add a check and handle using these APIs: android.view.MotionEvent.getAction()I"	0.0
ryey.easer	0.7.8.3	16	23	androidx.appcompat.widget.ScrollingTabContainerView.animateToVisibility(I)V	-1	-1	android.view.View.setAlpha(F)V	android.view.View.setVisibility(I)V	SDK_INT <= 10	BackwardImprovement	"If you want to support older versions (<= 10), add a check and handle using these APIs: android.view.View.setVisibility(I)V"	0.0
ryey.easer	0.7.8.3	16	23	androidx.appcompat.widget.SwitchCompat.onTouchEvent(Landroid/view/MotionEvent;)Z	-1	-1	android.view.MotionEvent.getActionMasked()I	android.view.MotionEvent.getAction()I	SDK_INT <= 7	BackwardImprovement	"If you want to support older versions (<= 7), add a check and handle using these APIs: android.view.MotionEvent.getAction()I"	0.0
ryey.easer	0.7.8.3	16	23	androidx.appcompat.widget.Toolbar.onHoverEvent(Landroid/view/MotionEvent;)Z	-1	-1	android.view.MotionEvent.getActionMasked()I	android.view.MotionEvent.getAction()I	SDK_INT <= 7	BackwardImprovement	"If you want to support older versions (<= 7), add a check and handle using these APIs: android.view.MotionEvent.getAction()I"	0.0
ryey.easer	0.7.8.3	16	23	androidx.appcompat.widget.Toolbar.onTouchEvent(Landroid/view/MotionEvent;)Z	-1	-1	android.view.MotionEvent.getActionMasked()I	android.view.MotionEvent.getAction()I	SDK_INT <= 7	BackwardImprovement	"If you want to support older versions (<= 7), add a check and handle using these APIs: android.view.MotionEvent.getAction()I"	0.0
ryey.easer	0.7.8.3	16	23	androidx.core.view.MotionEventCompat.getActionMasked(Landroid/view/MotionEvent;)I	-1	-1	android.view.MotionEvent.getActionMasked()I	android.view.MotionEvent.getAction()I	SDK_INT <= 7	BackwardImprovement	"If you want to support older versions (<= 7), add a check and handle using these APIs: android.view.MotionEvent.getAction()I"	0.0
ryey.easer	0.7.8.3	16	23	androidx.core.view.ViewCompat.setAlpha(Landroid/view/View;F)V	-1	-1	android.view.View.setAlpha(F)V	android.view.View.setVisibility(I)V	SDK_INT <= 10	BackwardImprovement	"If you want to support older versions (<= 10), add a check and handle using these APIs: android.view.View.setVisibility(I)V"	0.0
ryey.easer	0.7.8.3	16	23	androidx.core.view.ViewCompat.setScaleY(Landroid/view/View;F)V	-1	-1	android.view.View.setScaleY(F)V		SDK_INT <= 10	BackwardImprovement	"If you want to support older versions (<= 10), add a check and handle using these APIs: "	0.0
ryey.easer	0.7.8.3	16	23	androidx.core.widget.AutoScrollHelper.onTouch(Landroid/view/View;Landroid/view/MotionEvent;)Z	-1	-1	android.view.MotionEvent.getActionMasked()I	android.view.MotionEvent.getAction()I	SDK_INT <= 7	BackwardImprovement	"If you want to support older versions (<= 7), add a check and handle using these APIs: android.view.MotionEvent.getAction()I"	0.0
ryey.easer	0.7.8.3	16	23	androidx.customview.widget.ViewDragHelper.processTouchEvent(Landroid/view/MotionEvent;)V	-1	-1	android.view.MotionEvent.getActionMasked()I	android.view.MotionEvent.getAction()I	SDK_INT <= 7	BackwardImprovement	"If you want to support older versions (<= 7), add a check and handle using these APIs: android.view.MotionEvent.getAction()I"	0.0
ryey.easer	0.7.8.3	16	23	androidx.customview.widget.ViewDragHelper.shouldInterceptTouchEvent(Landroid/view/MotionEvent;)Z	-1	-1	android.view.MotionEvent.getActionMasked()I	android.view.MotionEvent.getAction()I	SDK_INT <= 7	BackwardImprovement	"If you want to support older versions (<= 7), add a check and handle using these APIs: android.view.MotionEvent.getAction()I"	0.0
ryey.easer	0.7.8.3	16	23	androidx.drawerlayout.widget.DrawerLayout.onInterceptTouchEvent(Landroid/view/MotionEvent;)Z	-1	-1	android.view.MotionEvent.getActionMasked()I	android.view.MotionEvent.getAction()I	SDK_INT <= 7	BackwardImprovement	"If you want to support older versions (<= 7), add a check and handle using these APIs: android.view.MotionEvent.getAction()I"	0.0
ryey.easer	0.7.8.3	16	23	androidx.recyclerview.widget.DefaultItemAnimator$4.onAnimationEnd(Landroid/animation/Animator;)V	-1	-1	android.view.View.setAlpha(F)V	android.view.View.setVisibility(I)V	SDK_INT <= 10	BackwardImprovement	"If you want to support older versions (<= 10), add a check and handle using these APIs: android.view.View.setVisibility(I)V"	0.0
ryey.easer	0.7.8.3	16	23	androidx.recyclerview.widget.DefaultItemAnimator$5.onAnimationCancel(Landroid/animation/Animator;)V	-1	-1	android.view.View.setAlpha(F)V	android.view.View.setVisibility(I)V	SDK_INT <= 10	BackwardImprovement	"If you want to support older versions (<= 10), add a check and handle using these APIs: android.view.View.setVisibility(I)V"	0.0
ryey.easer	0.7.8.3	16	23	androidx.recyclerview.widget.DefaultItemAnimator$7.onAnimationEnd(Landroid/animation/Animator;)V	-1	-1	android.view.View.setAlpha(F)V	android.view.View.setVisibility(I)V	SDK_INT <= 10	BackwardImprovement	"If you want to support older versions (<= 10), add a check and handle using these APIs: android.view.View.setVisibility(I)V"	0.0
ryey.easer	0.7.8.3	16	23	androidx.recyclerview.widget.DefaultItemAnimator$8.onAnimationEnd(Landroid/animation/Animator;)V	-1	-1	android.view.View.setAlpha(F)V	android.view.View.setVisibility(I)V	SDK_INT <= 10	BackwardImprovement	"If you want to support older versions (<= 10), add a check and handle using these APIs: android.view.View.setVisibility(I)V"	0.0
ryey.easer	0.7.8.3	16	23	androidx.slidingpanelayout.widget.SlidingPaneLayout.onInterceptTouchEvent(Landroid/view/MotionEvent;)Z	-1	-1	android.view.MotionEvent.getActionMasked()I	android.view.MotionEvent.getAction()I	SDK_INT <= 7	BackwardImprovement	"If you want to support older versions (<= 7), add a check and handle using these APIs: android.view.MotionEvent.getAction()I"	0.0
ryey.easer	0.7.8.3	16	23	androidx.slidingpanelayout.widget.SlidingPaneLayout.onTouchEvent(Landroid/view/MotionEvent;)Z	-1	-1	android.view.MotionEvent.getActionMasked()I	android.view.MotionEvent.getAction()I	SDK_INT <= 7	BackwardImprovement	"If you want to support older versions (<= 7), add a check and handle using these APIs: android.view.MotionEvent.getAction()I"	0.0
ryey.easer	0.7.8.3	16	23	androidx.transition.ViewUtilsBase.setAnimationMatrix(Landroid/view/View;Landroid/graphics/Matrix;)V	-1	-1	android.view.View.setScaleY(F)V		SDK_INT <= 10	BackwardImprovement	"If you want to support older versions (<= 10), add a check and handle using these APIs: "	0.0
ryey.easer	0.7.8.3	16	23	androidx.transition.ViewUtilsBase.setAnimationMatrix(Landroid/view/View;Landroid/graphics/Matrix;)V	-1	-1	android.view.View.setScaleY(F)V		SDK_INT <= 10	BackwardImprovement	"If you want to support older versions (<= 10), add a check and handle using these APIs: "	0.0
ryey.easer	0.7.8.3	16	23	androidx.transition.ViewUtilsBase.setTransitionAlpha(Landroid/view/View;F)V	-1	-1	android.view.View.setAlpha(F)V	android.view.View.setVisibility(I)V	SDK_INT <= 10	BackwardImprovement	"If you want to support older versions (<= 10), add a check and handle using these APIs: android.view.View.setVisibility(I)V"	0.0
ryey.easer	0.7.8.3	16	23	androidx.transition.ViewUtilsBase.setTransitionAlpha(Landroid/view/View;F)V	-1	-1	android.view.View.setAlpha(F)V	android.view.View.setVisibility(I)V	SDK_INT <= 10	BackwardImprovement	"If you want to support older versions (<= 10), add a check and handle using these APIs: android.view.View.setVisibility(I)V"	0.0
ryey.easer	0.7.8.3	16	23	com.danielstone.materialaboutlibrary.MaterialAboutFragment$ListTask.onPostExecute(Ljava/lang/String;)V	-1	-1	android.view.View.setAlpha(F)V	android.view.View.setVisibility(I)V	SDK_INT <= 10	BackwardImprovement	"If you want to support older versions (<= 10), add a check and handle using these APIs: android.view.View.setVisibility(I)V"	0.0
ryey.easer	0.7.8.3	16	23	androidx.appcompat.app.AppCompatDelegateImpl.startSupportActionModeFromWindow(Landroidx/appcompat/view/ActionMode$Callback;)Landroidx/appcompat/view/ActionMode;	-1	-1	android.view.View.setAlpha(F)V	android.view.View.setVisibility(I)V	SDK_INT <= 10	BackwardImprovement	"If you want to support older versions (<= 10), add a check and handle using these APIs: android.view.View.setVisibility(I)V"	0.0
ryey.easer	0.7.8.3	16	23	androidx.appcompat.app.AppCompatDelegateImpl.startSupportActionModeFromWindow(Landroidx/appcompat/view/ActionMode$Callback;)Landroidx/appcompat/view/ActionMode;	-1	-1	android.view.View.setAlpha(F)V	android.view.View.setVisibility(I)V	SDK_INT <= 10	BackwardImprovement	"If you want to support older versions (<= 10), add a check and handle using these APIs: android.view.View.setVisibility(I)V"	0.0
ryey.easer	0.7.8.3	16	23	androidx.appcompat.app.WindowDecorActionBar.doHide(Z)V	-1	-1	android.view.View.setAlpha(F)V	android.view.View.setVisibility(I)V	SDK_INT <= 10	BackwardImprovement	"If you want to support older versions (<= 10), add a check and handle using these APIs: android.view.View.setVisibility(I)V"	0.0
ryey.easer	0.7.8.3	16	23	androidx.appcompat.app.WindowDecorActionBar.doShow(Z)V	-1	-1	android.view.View.setAlpha(F)V	android.view.View.setVisibility(I)V	SDK_INT <= 10	BackwardImprovement	"If you want to support older versions (<= 10), add a check and handle using these APIs: android.view.View.setVisibility(I)V"	0.0
ryey.easer	0.7.8.3	16	23	androidx.fragment.app.FragmentManagerImpl.makeRemovedFragmentsInvisible(Landroidx/collection/ArraySet;)V	-1	-1	android.view.View.setAlpha(F)V	android.view.View.setVisibility(I)V	SDK_INT <= 10	BackwardImprovement	"If you want to support older versions (<= 10), add a check and handle using these APIs: android.view.View.setVisibility(I)V"	0.0
ryey.easer	0.7.8.3	16	23	androidx.fragment.app.FragmentManagerImpl.completeExecute(Landroidx/fragment/app/BackStackRecord;ZZZ)V	-1	-1	android.view.View.setAlpha(F)V	android.view.View.setVisibility(I)V	SDK_INT <= 10	BackwardImprovement	"If you want to support older versions (<= 10), add a check and handle using these APIs: android.view.View.setVisibility(I)V"	0.0
ryey.easer	0.7.8.3	16	23	androidx.fragment.app.FragmentManagerImpl.moveFragmentToExpectedState(Landroidx/fragment/app/Fragment;)V	-1	-1	android.view.View.setAlpha(F)V	android.view.View.setVisibility(I)V	SDK_INT <= 10	BackwardImprovement	"If you want to support older versions (<= 10), add a check and handle using these APIs: android.view.View.setVisibility(I)V"	0.0
ryey.easer	0.7.8.3	16	23	androidx.recyclerview.widget.ItemTouchHelper$2.onInterceptTouchEvent(Landroidx/recyclerview/widget/RecyclerView;Landroid/view/MotionEvent;)Z	-1	-1	android.view.MotionEvent.getActionMasked()I	android.view.MotionEvent.getAction()I	SDK_INT <= 7	BackwardImprovement	"If you want to support older versions (<= 7), add a check and handle using these APIs: android.view.MotionEvent.getAction()I"	0.0
ryey.easer	0.7.8.3	16	23	androidx.recyclerview.widget.ItemTouchHelper$2.onTouchEvent(Landroidx/recyclerview/widget/RecyclerView;Landroid/view/MotionEvent;)V	-1	-1	android.view.MotionEvent.getActionMasked()I	android.view.MotionEvent.getAction()I	SDK_INT <= 7	BackwardImprovement	"If you want to support older versions (<= 7), add a check and handle using these APIs: android.view.MotionEvent.getAction()I"	0.0
ryey.easer	0.7.8.3	16	23	androidx.swiperefreshlayout.widget.SwipeRefreshLayout.moveSpinner(F)V	-1	-1	android.view.View.setScaleY(F)V		SDK_INT <= 10	BackwardImprovement	"If you want to support older versions (<= 10), add a check and handle using these APIs: "	0.0
ryey.easer	0.7.8.3	16	23	androidx.swiperefreshlayout.widget.SwipeRefreshLayout.onInterceptTouchEvent(Landroid/view/MotionEvent;)Z	-1	-1	android.view.MotionEvent.getActionMasked()I	android.view.MotionEvent.getAction()I	SDK_INT <= 7	BackwardImprovement	"If you want to support older versions (<= 7), add a check and handle using these APIs: android.view.MotionEvent.getAction()I"	0.0
ryey.easer	0.7.8.3	16	23	androidx.swiperefreshlayout.widget.SwipeRefreshLayout.onTouchEvent(Landroid/view/MotionEvent;)Z	-1	-1	android.view.MotionEvent.getActionMasked()I	android.view.MotionEvent.getAction()I	SDK_INT <= 7	BackwardImprovement	"If you want to support older versions (<= 7), add a check and handle using these APIs: android.view.MotionEvent.getAction()I"	0.0
ryey.easer	0.7.8.3	16	23	androidx.swiperefreshlayout.widget.SwipeRefreshLayout.setAnimationProgress(F)V	-1	-1	android.view.View.setScaleY(F)V		SDK_INT <= 10	BackwardImprovement	"If you want to support older versions (<= 10), add a check and handle using these APIs: "	0.0
ryey.easer	0.7.8.3	16	23	androidx.transition.ChangeTransform.setTransforms(Landroid/view/View;FFFFFFFF)V	-1	-1	android.view.View.setScaleY(F)V		SDK_INT <= 10	BackwardImprovement	"If you want to support older versions (<= 10), add a check and handle using these APIs: "	0.0
ryey.easer	0.7.8.3	16	23	androidx.transition.ViewUtilsApi19.setTransitionAlpha(Landroid/view/View;F)V	-1	-1	android.view.View.setAlpha(F)V	android.view.View.setVisibility(I)V	SDK_INT <= 10	BackwardImprovement	"If you want to support older versions (<= 10), add a check and handle using these APIs: android.view.View.setVisibility(I)V"	0.0
ryey.easer	0.7.8.3	16	23	com.github.paolorotolo.appintro.ViewPageTransformer.transformPage(Landroid/view/View;F)V	-1	-1	android.view.View.setScaleY(F)V		SDK_INT <= 10	BackwardImprovement	"If you want to support older versions (<= 10), add a check and handle using these APIs: "	0.0
ryey.easer	0.7.8.3	16	23	com.github.paolorotolo.appintro.ViewPageTransformer.transformPage(Landroid/view/View;F)V	-1	-1	android.view.View.setAlpha(F)V	android.view.View.setVisibility(I)V	SDK_INT <= 10	BackwardImprovement	"If you want to support older versions (<= 10), add a check and handle using these APIs: android.view.View.setVisibility(I)V"	0.0
ryey.easer	0.7.8.3	16	23	com.github.paolorotolo.appintro.ViewPageTransformer.transformPage(Landroid/view/View;F)V	-1	-1	android.view.View.setAlpha(F)V	android.view.View.setVisibility(I)V	SDK_INT <= 10	BackwardImprovement	"If you want to support older versions (<= 10), add a check and handle using these APIs: android.view.View.setVisibility(I)V"	0.0
ryey.easer	0.7.8.3	16	23	com.github.paolorotolo.appintro.ViewPageTransformer.transformPage(Landroid/view/View;F)V	-1	-1	android.view.View.setAlpha(F)V	android.view.View.setVisibility(I)V	SDK_INT <= 10	BackwardImprovement	"If you want to support older versions (<= 10), add a check and handle using these APIs: android.view.View.setVisibility(I)V"	0.0
ryey.easer	0.7.8.3	16	23	com.github.paolorotolo.appintro.ViewPageTransformer.transformPage(Landroid/view/View;F)V	-1	-1	android.view.View.setAlpha(F)V	android.view.View.setVisibility(I)V	SDK_INT <= 10	BackwardImprovement	"If you want to support older versions (<= 10), add a check and handle using these APIs: android.view.View.setVisibility(I)V"	0.0
ryey.easer	0.7.8.3	16	23	com.otaliastudios.zoom.ZoomEngine.processTouchEvent(Landroid/view/MotionEvent;)I	-1	-1	android.view.MotionEvent.getActionMasked()I	android.view.MotionEvent.getAction()I	SDK_INT <= 7	BackwardImprovement	"If you want to support older versions (<= 7), add a check and handle using these APIs: android.view.MotionEvent.getAction()I"	0.0
ryey.easer	0.7.8.3	16	23	com.otaliastudios.zoom.ZoomLayout.onUpdate(Lcom/otaliastudios/zoom/ZoomEngine;Landroid/graphics/Matrix;)V	-1	-1	android.view.View.setScaleY(F)V		SDK_INT <= 10	BackwardImprovement	"If you want to support older versions (<= 10), add a check and handle using these APIs: "	0.0
ryey.easer	0.7.8.3	16	23	com.otaliastudios.zoom.ZoomLayout.setHasClickableChildren(Z)V	-1	-1	android.view.View.setScaleY(F)V		SDK_INT <= 10	BackwardImprovement	"If you want to support older versions (<= 10), add a check and handle using these APIs: "	0.0
ryey.easer	0.7.8.3	16	23	androidx.appcompat.app.AppCompatDelegateImpl$6$1.onAnimationEnd(Landroid/view/View;)V	-1	-1	android.view.View.setAlpha(F)V	android.view.View.setVisibility(I)V	SDK_INT <= 10	BackwardImprovement	"If you want to support older versions (<= 10), add a check and handle using these APIs: android.view.View.setVisibility(I)V"	0.0
ryey.easer	0.7.8.3	16	23	androidx.appcompat.app.AppCompatDelegateImpl$7.onAnimationEnd(Landroid/view/View;)V	-1	-1	android.view.View.setAlpha(F)V	android.view.View.setVisibility(I)V	SDK_INT <= 10	BackwardImprovement	"If you want to support older versions (<= 10), add a check and handle using these APIs: android.view.View.setVisibility(I)V"	0.0
ryey.easer	0.7.8.3	16	23	androidx.coordinatorlayout.widget.CoordinatorLayout.performIntercept(Landroid/view/MotionEvent;I)Z	-1	-1	android.view.MotionEvent.getActionMasked()I	android.view.MotionEvent.getAction()I	SDK_INT <= 7	BackwardImprovement	"If you want to support older versions (<= 7), add a check and handle using these APIs: android.view.MotionEvent.getAction()I"	0.0
ryey.easer	0.7.8.3	16	23	androidx.coordinatorlayout.widget.CoordinatorLayout.onInterceptTouchEvent(Landroid/view/MotionEvent;)Z	-1	-1	android.view.MotionEvent.getActionMasked()I	android.view.MotionEvent.getAction()I	SDK_INT <= 7	BackwardImprovement	"If you want to support older versions (<= 7), add a check and handle using these APIs: android.view.MotionEvent.getAction()I"	0.0
ryey.easer	0.7.8.3	16	23	androidx.coordinatorlayout.widget.CoordinatorLayout.onTouchEvent(Landroid/view/MotionEvent;)Z	-1	-1	android.view.MotionEvent.getActionMasked()I	android.view.MotionEvent.getAction()I	SDK_INT <= 7	BackwardImprovement	"If you want to support older versions (<= 7), add a check and handle using these APIs: android.view.MotionEvent.getAction()I"	0.0
ryey.easer	0.7.8.3	16	23	androidx.core.widget.NestedScrollView.onTouchEvent(Landroid/view/MotionEvent;)Z	-1	-1	android.view.MotionEvent.getActionMasked()I	android.view.MotionEvent.getAction()I	SDK_INT <= 7	BackwardImprovement	"If you want to support older versions (<= 7), add a check and handle using these APIs: android.view.MotionEvent.getAction()I"	0.0
ryey.easer	0.7.8.3	16	23	androidx.recyclerview.widget.DefaultItemAnimator.endChangeAnimationIfNecessary(Landroidx/recyclerview/widget/DefaultItemAnimator$ChangeInfo;Landroidx/recyclerview/widget/RecyclerView$ViewHolder;)Z	-1	-1	android.view.View.setAlpha(F)V	android.view.View.setVisibility(I)V	SDK_INT <= 10	BackwardImprovement	"If you want to support older versions (<= 10), add a check and handle using these APIs: android.view.View.setVisibility(I)V"	0.0
ryey.easer	0.7.8.3	16	23	androidx.recyclerview.widget.DefaultItemAnimator.animateAdd(Landroidx/recyclerview/widget/RecyclerView$ViewHolder;)Z	-1	-1	android.view.View.setAlpha(F)V	android.view.View.setVisibility(I)V	SDK_INT <= 10	BackwardImprovement	"If you want to support older versions (<= 10), add a check and handle using these APIs: android.view.View.setVisibility(I)V"	0.0
ryey.easer	0.7.8.3	16	23	androidx.recyclerview.widget.DefaultItemAnimator.animateChange(Landroidx/recyclerview/widget/RecyclerView$ViewHolder;Landroidx/recyclerview/widget/RecyclerView$ViewHolder;IIII)Z	-1	-1	android.view.View.setAlpha(F)V	android.view.View.setVisibility(I)V	SDK_INT <= 10	BackwardImprovement	"If you want to support older versions (<= 10), add a check and handle using these APIs: android.view.View.setVisibility(I)V"	0.0
ryey.easer	0.7.8.3	16	23	androidx.recyclerview.widget.DefaultItemAnimator.animateChange(Landroidx/recyclerview/widget/RecyclerView$ViewHolder;Landroidx/recyclerview/widget/RecyclerView$ViewHolder;IIII)Z	-1	-1	android.view.View.setAlpha(F)V	android.view.View.setVisibility(I)V	SDK_INT <= 10	BackwardImprovement	"If you want to support older versions (<= 10), add a check and handle using these APIs: android.view.View.setVisibility(I)V"	0.0
ryey.easer	0.7.8.3	16	23	androidx.recyclerview.widget.DefaultItemAnimator.endAnimation(Landroidx/recyclerview/widget/RecyclerView$ViewHolder;)V	-1	-1	android.view.View.setAlpha(F)V	android.view.View.setVisibility(I)V	SDK_INT <= 10	BackwardImprovement	"If you want to support older versions (<= 10), add a check and handle using these APIs: android.view.View.setVisibility(I)V"	0.0
ryey.easer	0.7.8.3	16	23	androidx.recyclerview.widget.DefaultItemAnimator.endAnimation(Landroidx/recyclerview/widget/RecyclerView$ViewHolder;)V	-1	-1	android.view.View.setAlpha(F)V	android.view.View.setVisibility(I)V	SDK_INT <= 10	BackwardImprovement	"If you want to support older versions (<= 10), add a check and handle using these APIs: android.view.View.setVisibility(I)V"	0.0
ryey.easer	0.7.8.3	16	23	androidx.recyclerview.widget.DefaultItemAnimator.endAnimation(Landroidx/recyclerview/widget/RecyclerView$ViewHolder;)V	-1	-1	android.view.View.setAlpha(F)V	android.view.View.setVisibility(I)V	SDK_INT <= 10	BackwardImprovement	"If you want to support older versions (<= 10), add a check and handle using these APIs: android.view.View.setVisibility(I)V"	0.0
ryey.easer	0.7.8.3	16	23	androidx.recyclerview.widget.DefaultItemAnimator.endAnimations()V	-1	-1	android.view.View.setAlpha(F)V	android.view.View.setVisibility(I)V	SDK_INT <= 10	BackwardImprovement	"If you want to support older versions (<= 10), add a check and handle using these APIs: android.view.View.setVisibility(I)V"	0.0
ryey.easer	0.7.8.3	16	23	androidx.recyclerview.widget.DefaultItemAnimator.endAnimations()V	-1	-1	android.view.View.setAlpha(F)V	android.view.View.setVisibility(I)V	SDK_INT <= 10	BackwardImprovement	"If you want to support older versions (<= 10), add a check and handle using these APIs: android.view.View.setVisibility(I)V"	0.0
ryey.easer	0.7.8.3	16	23	androidx.recyclerview.widget.RecyclerView.onInterceptTouchEvent(Landroid/view/MotionEvent;)Z	-1	-1	android.view.MotionEvent.getActionMasked()I	android.view.MotionEvent.getAction()I	SDK_INT <= 7	BackwardImprovement	"If you want to support older versions (<= 7), add a check and handle using these APIs: android.view.MotionEvent.getAction()I"	0.0
ryey.easer	0.7.8.3	16	23	androidx.recyclerview.widget.RecyclerView.onTouchEvent(Landroid/view/MotionEvent;)Z	-1	-1	android.view.MotionEvent.getActionMasked()I	android.view.MotionEvent.getAction()I	SDK_INT <= 7	BackwardImprovement	"If you want to support older versions (<= 7), add a check and handle using these APIs: android.view.MotionEvent.getAction()I"	0.0
ryey.easer	0.7.8.3	16	23	com.danielstone.materialaboutlibrary.MaterialAboutFragment.onCreateView(Landroid/view/LayoutInflater;Landroid/view/ViewGroup;Landroid/os/Bundle;)Landroid/view/View;	-1	-1	android.view.View.setAlpha(F)V	android.view.View.setVisibility(I)V	SDK_INT <= 10	BackwardImprovement	"If you want to support older versions (<= 10), add a check and handle using these APIs: android.view.View.setVisibility(I)V"	0.0
ryey.easer	0.7.8.3	16	23	com.danielstone.materialaboutlibrary.MaterialAboutActivity.assignViews()V	-1	-1	android.view.View.setAlpha(F)V	android.view.View.setVisibility(I)V	SDK_INT <= 10	BackwardImprovement	"If you want to support older versions (<= 10), add a check and handle using these APIs: android.view.View.setVisibility(I)V"	0.0
ryey.easer	0.7.8.3	16	23	com.danielstone.materialaboutlibrary.MaterialAboutActivity.onTaskFinished(Lcom/danielstone/materialaboutlibrary/model/MaterialAboutList;)V	-1	-1	android.view.View.setAlpha(F)V	android.view.View.setVisibility(I)V	SDK_INT <= 10	BackwardImprovement	"If you want to support older versions (<= 10), add a check and handle using these APIs: android.view.View.setVisibility(I)V"	0.0
ryey.easer	0.7.8.3	16	23	ryey.easer.skills.operation.brightness.BrightnessSkillViewFragment.onCreateView(Landroid/view/LayoutInflater;Landroid/view/ViewGroup;Landroid/os/Bundle;)Landroid/view/ViewGroup;	-1	-1	android.widget.Switch.<init>(Landroid/content/Context;)V	android.widget.CheckBox.<init>(Landroid/content/Context;)V	SDK_INT <= 13	BackwardImprovement	"If you want to support older versions (<= 13), add a check and handle using these APIs: android.widget.CheckBox.<init>(Landroid/content/Context;)V"	0.0
