app	version	sdk_min	sdk_trg	method	fromLine	toLine	apis	alternative	ruleCheck	warning	message	confidence
com.fastaccess.github.debug	null	21	26	com.firebase.jobdispatcher.SimpleJobService.onStartJob(Lcom/firebase/jobdispatcher/JobParameters;)Z	-1	-1	android.os.AsyncTask.execute([Ljava/lang/Object;)Landroid/os/AsyncTask;	android.os.AsyncTask.executeOnExecutor(Ljava/util/concurrent/Executor;[Ljava/lang/Object;)Landroid/os/AsyncTask;	SDK_INT <= -1	ForwardImprovement	"[Info] You should use alternative APIs, since you do not support old Android versions (SDK_INT <= -1). Please, use: android.os.AsyncTask.executeOnExecutor(Ljava/util/concurrent/Executor;[Ljava/lang/Object;)Landroid/os/AsyncTask;."	0.0
com.fastaccess.github.debug	null	21	26	com.firebase.jobdispatcher.GooglePlayMessageHandler.handleStartMessage(Landroid/os/Message;)V	-1	-1	android.util.Log.d(Ljava/lang/String;Ljava/lang/String;)I		SDK_INT <= 20	ForwardImprovement	"[Info] You should not use these APIs, which are commonly used in old Android versions which you do not support (SDK_INT <= 20)."	0.0
com.fastaccess.github.debug	null	21	26	com.firebase.jobdispatcher.GooglePlayMessageHandler.handleStopMessage(Landroid/os/Message;)V	-1	-1	android.util.Log.d(Ljava/lang/String;Ljava/lang/String;)I		SDK_INT <= 20	ForwardImprovement	"[Info] You should not use these APIs, which are commonly used in old Android versions which you do not support (SDK_INT <= 20)."	0.0
com.fastaccess.github.debug	null	21	26	com.mikepenz.aboutlibraries.LibsFragmentCompat.executeLibTask(Lcom/mikepenz/aboutlibraries/LibsFragmentCompat$LibraryTask;)V	-1	-1	android.os.AsyncTask.execute([Ljava/lang/Object;)Landroid/os/AsyncTask;	android.os.AsyncTask.executeOnExecutor(Ljava/util/concurrent/Executor;[Ljava/lang/Object;)Landroid/os/AsyncTask;	SDK_INT <= -1	ForwardImprovement	"[Info] You should use alternative APIs, since you do not support old Android versions (SDK_INT <= -1). Please, use: android.os.AsyncTask.executeOnExecutor(Ljava/util/concurrent/Executor;[Ljava/lang/Object;)Landroid/os/AsyncTask;."	0.0
com.fastaccess.github.debug	null	21	26	com.danielstone.materialaboutlibrary.MaterialAboutFragment.onCreateView(Landroid/view/LayoutInflater;Landroid/view/ViewGroup;Landroid/os/Bundle;)Landroid/view/View;	-1	-1	android.os.AsyncTask.execute([Ljava/lang/Object;)Landroid/os/AsyncTask;	android.os.AsyncTask.executeOnExecutor(Ljava/util/concurrent/Executor;[Ljava/lang/Object;)Landroid/os/AsyncTask;	SDK_INT <= -1	ForwardImprovement	"[Info] You should use alternative APIs, since you do not support old Android versions (SDK_INT <= -1). Please, use: android.os.AsyncTask.executeOnExecutor(Ljava/util/concurrent/Executor;[Ljava/lang/Object;)Landroid/os/AsyncTask;."	0.0
com.fastaccess.github.debug	null	21	26	com.danielstone.materialaboutlibrary.MaterialAboutActivity.onCreate(Landroid/os/Bundle;)V	-1	-1	android.os.AsyncTask.execute([Ljava/lang/Object;)Landroid/os/AsyncTask;	android.os.AsyncTask.executeOnExecutor(Ljava/util/concurrent/Executor;[Ljava/lang/Object;)Landroid/os/AsyncTask;	SDK_INT <= -1	ForwardImprovement	"[Info] You should use alternative APIs, since you do not support old Android versions (SDK_INT <= -1). Please, use: android.os.AsyncTask.executeOnExecutor(Ljava/util/concurrent/Executor;[Ljava/lang/Object;)Landroid/os/AsyncTask;."	0.0
com.fastaccess.github.debug	null	21	26	com.crashlytics.android.core.CrashTest.crashAsyncTask(J)V	-1	-1	android.os.AsyncTask.execute([Ljava/lang/Object;)Landroid/os/AsyncTask;	android.os.AsyncTask.executeOnExecutor(Ljava/util/concurrent/Executor;[Ljava/lang/Object;)Landroid/os/AsyncTask;	SDK_INT <= -1	ForwardImprovement	"[Info] You should use alternative APIs, since you do not support old Android versions (SDK_INT <= -1). Please, use: android.os.AsyncTask.executeOnExecutor(Ljava/util/concurrent/Executor;[Ljava/lang/Object;)Landroid/os/AsyncTask;."	0.0
com.fastaccess.github.debug	null	21	26	com.danielstone.materialaboutlibrary.MaterialAboutFragment$ListTask.onPostExecute(Ljava/lang/String;)V	-1	-1	android.view.View.setAlpha(F)V	android.view.View.setVisibility(I)V	SDK_INT <= 10	BackwardImprovement	"If you want to support older versions (<= 10), add a check and handle using these APIs: android.view.View.setVisibility(I)V"	0.0
com.fastaccess.github.debug	null	21	26	com.mikepenz.aboutlibraries.util.RippleForegroundListener.onTouch(Landroid/view/View;Landroid/view/MotionEvent;)Z	-1	-1	android.view.MotionEvent.getActionMasked()I	android.view.MotionEvent.getAction()I	SDK_INT <= 7	BackwardImprovement	"If you want to support older versions (<= 7), add a check and handle using these APIs: android.view.MotionEvent.getAction()I"	0.0
com.fastaccess.github.debug	null	21	26	it.sephiroth.android.library.bottomnavigation.FixedLayout$1.onTouch(Landroid/view/View;Landroid/view/MotionEvent;)Z	-1	-1	android.view.MotionEvent.getActionMasked()I	android.view.MotionEvent.getAction()I	SDK_INT <= 7	BackwardImprovement	"If you want to support older versions (<= 7), add a check and handle using these APIs: android.view.MotionEvent.getAction()I"	0.0
com.fastaccess.github.debug	null	21	26	it.sephiroth.android.library.bottomnavigation.ShiftingLayout$1.onTouch(Landroid/view/View;Landroid/view/MotionEvent;)Z	-1	-1	android.view.MotionEvent.getActionMasked()I	android.view.MotionEvent.getAction()I	SDK_INT <= 7	BackwardImprovement	"If you want to support older versions (<= 7), add a check and handle using these APIs: android.view.MotionEvent.getAction()I"	0.0
com.fastaccess.github.debug	null	21	26	it.sephiroth.android.library.bottomnavigation.TabletLayout$1.onTouch(Landroid/view/View;Landroid/view/MotionEvent;)Z	-1	-1	android.view.MotionEvent.getActionMasked()I	android.view.MotionEvent.getAction()I	SDK_INT <= 7	BackwardImprovement	"If you want to support older versions (<= 7), add a check and handle using these APIs: android.view.MotionEvent.getAction()I"	0.0
com.fastaccess.github.debug	null	21	26	com.danielstone.materialaboutlibrary.MaterialAboutFragment.onCreateView(Landroid/view/LayoutInflater;Landroid/view/ViewGroup;Landroid/os/Bundle;)Landroid/view/View;	-1	-1	android.view.View.setAlpha(F)V	android.view.View.setVisibility(I)V	SDK_INT <= 10	BackwardImprovement	"If you want to support older versions (<= 10), add a check and handle using these APIs: android.view.View.setVisibility(I)V"	0.0
com.fastaccess.github.debug	null	21	26	it.sephiroth.android.library.bottomnavigation.BottomNavigation.initialize(Landroid/content/Context;Landroid/util/AttributeSet;II)V	-1	-1	android.view.View.setBackground(Landroid/graphics/drawable/Drawable;)V	android.view.View.setBackgroundDrawable(Landroid/graphics/drawable/Drawable;)V	SDK_INT <= 15	BackwardImprovement	"If you want to support older versions (<= 15), add a check and handle using these APIs: android.view.View.setBackgroundDrawable(Landroid/graphics/drawable/Drawable;)V"	0.0
com.fastaccess.github.debug	null	21	26	it.sephiroth.android.library.bottomnavigation.BottomNavigation.initializeUI(I)V	-1	-1	android.view.View.setBackground(Landroid/graphics/drawable/Drawable;)V	android.view.View.setBackgroundDrawable(Landroid/graphics/drawable/Drawable;)V	SDK_INT <= 15	BackwardImprovement	"If you want to support older versions (<= 15), add a check and handle using these APIs: android.view.View.setBackgroundDrawable(Landroid/graphics/drawable/Drawable;)V"	0.0
com.fastaccess.github.debug	null	21	26	com.danielstone.materialaboutlibrary.MaterialAboutActivity.assignViews()V	-1	-1	android.view.View.setAlpha(F)V	android.view.View.setVisibility(I)V	SDK_INT <= 10	BackwardImprovement	"If you want to support older versions (<= 10), add a check and handle using these APIs: android.view.View.setVisibility(I)V"	0.0
com.fastaccess.github.debug	null	21	26	com.danielstone.materialaboutlibrary.MaterialAboutActivity.onTaskFinished(Lcom/danielstone/materialaboutlibrary/model/MaterialAboutList;)V	-1	-1	android.view.View.setAlpha(F)V	android.view.View.setVisibility(I)V	SDK_INT <= 10	BackwardImprovement	"If you want to support older versions (<= 10), add a check and handle using these APIs: android.view.View.setVisibility(I)V"	0.0
com.fastaccess.github.debug	null	21	26	com.fastaccess.helper.AnimHelper$2.onAnimationEnd(Landroid/animation/Animator;)V	-1	-1	android.view.View.setScaleY(F)V		SDK_INT <= 10	BackwardImprovement	"If you want to support older versions (<= 10), add a check and handle using these APIs: "	0.0
com.fastaccess.github.debug	null	21	26	com.fastaccess.helper.AnimHelper$2.onAnimationStart(Landroid/animation/Animator;)V	-1	-1	android.view.View.setScaleY(F)V		SDK_INT <= 10	BackwardImprovement	"If you want to support older versions (<= 10), add a check and handle using these APIs: "	0.0
com.fastaccess.github.debug	null	21	26	com.fastaccess.helper.AnimHelper.mimicFabVisibility(ZLandroid/view/View;Landroid/support/design/widget/FloatingActionButton$OnVisibilityChangedListener;)V	-1	-1	android.view.View.setScaleY(F)V		SDK_INT <= 10	BackwardImprovement	"If you want to support older versions (<= 10), add a check and handle using these APIs: "	0.0
com.fastaccess.github.debug	null	21	26	com.fastaccess.helper.AnimHelper.mimicFabVisibility(ZLandroid/view/View;Landroid/support/design/widget/FloatingActionButton$OnVisibilityChangedListener;)V	-1	-1	android.view.View.setAlpha(F)V	android.view.View.setVisibility(I)V	SDK_INT <= 10	BackwardImprovement	"If you want to support older versions (<= 10), add a check and handle using these APIs: android.view.View.setVisibility(I)V"	0.0
com.fastaccess.github.debug	null	21	26	com.fastaccess.helper.AnimHelper.mimicFabVisibility(ZLandroid/view/View;Landroid/support/design/widget/FloatingActionButton$OnVisibilityChangedListener;)V	-1	-1	android.view.View.setScaleY(F)V		SDK_INT <= 10	BackwardImprovement	"If you want to support older versions (<= 10), add a check and handle using these APIs: "	0.0
com.fastaccess.github.debug	null	21	26	com.fastaccess.helper.AnimHelper.mimicFabVisibility(ZLandroid/view/View;Landroid/support/design/widget/FloatingActionButton$OnVisibilityChangedListener;)V	-1	-1	android.view.View.setAlpha(F)V	android.view.View.setVisibility(I)V	SDK_INT <= 10	BackwardImprovement	"If you want to support older versions (<= 10), add a check and handle using these APIs: android.view.View.setVisibility(I)V"	0.0
com.fastaccess.github.debug	null	21	26	com.fastaccess.helper.AppHelper.updateResources(Landroid/content/Context;Ljava/lang/String;)V	-1	-1	android.content.res.Configuration.setLocale(Ljava/util/Locale;)V		SDK_INT <= 16	BackwardImprovement	"If you want to support older versions (<= 16), add a check and handle using these APIs: "	0.0
com.fastaccess.github.debug	null	21	26	com.fastaccess.ui.modules.profile.overview.ProfileOverviewFragment.onHeaderLoaded(Landroid/graphics/Bitmap;)V	-1	-1	android.view.View.setBackground(Landroid/graphics/drawable/Drawable;)V	android.view.View.setBackgroundDrawable(Landroid/graphics/drawable/Drawable;)V	SDK_INT <= 15	BackwardImprovement	"If you want to support older versions (<= 15), add a check and handle using these APIs: android.view.View.setBackgroundDrawable(Landroid/graphics/drawable/Drawable;)V"	0.0
