app	version	sdk_min	sdk_trg	method	fromLine	toLine	apis	alternative	ruleCheck	warning	message	confidence
org.secuso.privacyfriendlyfinancemanager	2.0.0	21	27	org.secuso.privacyfriendlyfinance.domain.PeriodicDatabaseWorker.work()V	-1	-1	android.os.AsyncTask.execute([Ljava/lang/Object;)Landroid/os/AsyncTask;	android.os.AsyncTask.executeOnExecutor(Ljava/util/concurrent/Executor;[Ljava/lang/Object;)Landroid/os/AsyncTask;	SDK_INT <= -1	ForwardImprovement	"[Info] You should use alternative APIs, since you do not support old Android versions (SDK_INT <= -1). Please, use: android.os.AsyncTask.executeOnExecutor(Ljava/util/concurrent/Executor;[Ljava/lang/Object;)Landroid/os/AsyncTask;."	0.0
org.secuso.privacyfriendlyfinancemanager	2.0.0	21	27	org.secuso.privacyfriendlyfinance.domain.access.AbstractDao.listenAndExec(Lorg/secuso/privacyfriendlyfinance/activities/helper/CommunicantAsyncTask;Lorg/secuso/privacyfriendlyfinance/activities/helper/TaskListener;)Lorg/secuso/privacyfriendlyfinance/activities/helper/CommunicantAsyncTask;	-1	-1	android.os.AsyncTask.execute([Ljava/lang/Object;)Landroid/os/AsyncTask;	android.os.AsyncTask.executeOnExecutor(Ljava/util/concurrent/Executor;[Ljava/lang/Object;)Landroid/os/AsyncTask;	SDK_INT <= -1	ForwardImprovement	"[Info] You should use alternative APIs, since you do not support old Android versions (SDK_INT <= -1). Please, use: android.os.AsyncTask.executeOnExecutor(Ljava/util/concurrent/Executor;[Ljava/lang/Object;)Landroid/os/AsyncTask;."	0.0
org.secuso.privacyfriendlyfinancemanager	2.0.0	21	27	org.secuso.privacyfriendlyfinance.domain.FinanceDatabase.connect(Landroid/content/Context;Lorg/secuso/privacyfriendlyfinance/activities/helper/TaskListener;)Lorg/secuso/privacyfriendlyfinance/activities/helper/CommunicantAsyncTask;	-1	-1	android.os.AsyncTask.execute([Ljava/lang/Object;)Landroid/os/AsyncTask;	android.os.AsyncTask.executeOnExecutor(Ljava/util/concurrent/Executor;[Ljava/lang/Object;)Landroid/os/AsyncTask;	SDK_INT <= -1	ForwardImprovement	"[Info] You should use alternative APIs, since you do not support old Android versions (SDK_INT <= -1). Please, use: android.os.AsyncTask.executeOnExecutor(Ljava/util/concurrent/Executor;[Ljava/lang/Object;)Landroid/os/AsyncTask;."	0.0
org.secuso.privacyfriendlyfinancemanager	2.0.0	21	27	org.secuso.privacyfriendlyfinance.activities.BaseActivity.onPostCreate(Landroid/os/Bundle;)V	-1	-1	android.view.View.setAlpha(F)V	android.view.View.setVisibility(I)V	SDK_INT <= 10	BackwardImprovement	"If you want to support older versions (<= 10), add a check and handle using these APIs: android.view.View.setVisibility(I)V"	0.0
