app	version	sdk_min	sdk_trg	method	fromLine	toLine	apis	alternative	ruleCheck	warning	message	confidence
ca.mimic.apphangar	2.6	19	22	ca.mimic.apphangar.Settings.launchUsPermission(Landroid/content/Context;)V	-1	-1	android.app.AlertDialog$Builder.<init>(Landroid/content/Context;)V	android.app.AlertDialog$Builder.<init>(Landroid/content/Context;I)V	SDK_INT <= 10	ForwardImprovement	"[Info] You should use alternative APIs, since you do not support old Android versions (SDK_INT <= 10). Please, use: android.app.AlertDialog$Builder.<init>(Landroid/content/Context;I)V."	0.0
ca.mimic.apphangar	2.6	19	22	ca.mimic.apphangar.AppsRowAdapter.fadeCross(Landroid/view/View;)V	-1	-1	android.view.View.setAlpha(F)V	android.view.View.setVisibility(I)V	SDK_INT <= 10	BackwardImprovement	"If you want to support older versions (<= 10), add a check and handle using these APIs: android.view.View.setVisibility(I)V"	0.0
ca.mimic.apphangar	2.6	19	22	ca.mimic.apphangar.AppsRowAdapter.getView(ILandroid/view/View;Landroid/view/ViewGroup;)Landroid/view/View;	-1	-1	android.view.View.setAlpha(F)V	android.view.View.setVisibility(I)V	SDK_INT <= 10	BackwardImprovement	"If you want to support older versions (<= 10), add a check and handle using these APIs: android.view.View.setVisibility(I)V"	0.0
ca.mimic.apphangar	2.6	19	22	ca.mimic.apphangar.CustomArrayAdapter.getDropDownView(ILandroid/view/View;Landroid/view/ViewGroup;)Landroid/view/View;	-1	-1	android.view.View.setAlpha(F)V	android.view.View.setVisibility(I)V	SDK_INT <= 10	BackwardImprovement	"If you want to support older versions (<= 10), add a check and handle using these APIs: android.view.View.setVisibility(I)V"	0.0
