app	version	sdk_min	sdk_trg	method	fromLine	toLine	apis	alternative	ruleCheck	warning	message	confidence
com.ensoft.imgurviewer	1.9.6	19	28	com.ensoft.restafari.network.rest.request.AsyncRequestSender.start()V	-1	-1	android.os.AsyncTask.execute([Ljava/lang/Object;)Landroid/os/AsyncTask;	android.os.AsyncTask.executeOnExecutor(Ljava/util/concurrent/Executor;[Ljava/lang/Object;)Landroid/os/AsyncTask;	SDK_INT <= -1	ForwardImprovement	"[Info] You should use alternative APIs, since you do not support old Android versions (SDK_INT <= -1). Please, use: android.os.AsyncTask.executeOnExecutor(Ljava/util/concurrent/Executor;[Ljava/lang/Object;)Landroid/os/AsyncTask;."	0.0
com.ensoft.imgurviewer	1.9.6	19	28	com.devbrackets.android.exomedia.core.video.exo.ExoSurfaceVideoView.setup()V	-1	-1	android.view.View.getContext()Landroid/content/Context;		SDK_INT <= 13	ForwardImprovement	"[Info] You should not use these APIs, which are commonly used in old Android versions which you do not support (SDK_INT <= 13)."	0.0
com.ensoft.imgurviewer	1.9.6	19	28	com.devbrackets.android.exomedia.core.video.exo.ExoTextureVideoView.setup()V	-1	-1	android.view.View.getContext()Landroid/content/Context;		SDK_INT <= 13	ForwardImprovement	"[Info] You should not use these APIs, which are commonly used in old Android versions which you do not support (SDK_INT <= 13)."	0.0
com.ensoft.imgurviewer	1.9.6	19	28	com.devbrackets.android.exomedia.ui.widget.VideoControlsLeanback.finishLoading()V	-1	-1	android.view.View.setVisibility(I)V	android.view.animation.AlphaAnimation.<init>(FF)V&android.view.animation.Animation.setRepeatCount(I)V&android.view.View.startAnimation(Landroid/view/animation/Animation;)V&android.view.animation.Animation.setFillAfter(Z)V&android.view.animation.Animation.setDuration(J)V	SDK_INT <= 10	ForwardImprovement	"[Info] You should use alternative APIs, since you do not support old Android versions (SDK_INT <= 10). Please, use: android.view.animation.AlphaAnimation.<init>(FF)V --- android.view.animation.Animation.setRepeatCount(I)V --- android.view.View.startAnimation(Landroid/view/animation/Animation;)V --- android.view.animation.Animation.setFillAfter(Z)V --- android.view.animation.Animation.setDuration(J)V."	0.0
com.ensoft.imgurviewer	1.9.6	19	28	com.devbrackets.android.exomedia.ui.widget.VideoControlsLeanback.finishLoading()V	-1	-1	android.view.View.setVisibility(I)V	android.view.View.setAlpha(F)V	SDK_INT <= 10	ForwardImprovement	"[Info] You should use alternative APIs, since you do not support old Android versions (SDK_INT <= 10). Please, use: android.view.View.setAlpha(F)V."	0.0
com.ensoft.imgurviewer	1.9.6	19	28	com.devbrackets.android.exomedia.ui.widget.VideoControlsLeanback.finishLoading()V	-1	-1	android.view.View.setVisibility(I)V	android.view.animation.AlphaAnimation.<init>(FF)V&android.view.animation.Animation.setRepeatCount(I)V&android.view.View.startAnimation(Landroid/view/animation/Animation;)V&android.view.animation.Animation.setFillAfter(Z)V&android.view.animation.Animation.setDuration(J)V	SDK_INT <= 10	ForwardImprovement	"[Info] You should use alternative APIs, since you do not support old Android versions (SDK_INT <= 10). Please, use: android.view.animation.AlphaAnimation.<init>(FF)V --- android.view.animation.Animation.setRepeatCount(I)V --- android.view.View.startAnimation(Landroid/view/animation/Animation;)V --- android.view.animation.Animation.setFillAfter(Z)V --- android.view.animation.Animation.setDuration(J)V."	0.0
com.ensoft.imgurviewer	1.9.6	19	28	com.devbrackets.android.exomedia.ui.widget.VideoControlsLeanback.finishLoading()V	-1	-1	android.view.View.setVisibility(I)V	android.view.View.setAlpha(F)V	SDK_INT <= 10	ForwardImprovement	"[Info] You should use alternative APIs, since you do not support old Android versions (SDK_INT <= 10). Please, use: android.view.View.setAlpha(F)V."	0.0
com.ensoft.imgurviewer	1.9.6	19	28	com.devbrackets.android.exomedia.ui.widget.VideoControlsLeanback.showLoading(Z)V	-1	-1	android.view.View.setVisibility(I)V	android.view.animation.AlphaAnimation.<init>(FF)V&android.view.animation.Animation.setRepeatCount(I)V&android.view.View.startAnimation(Landroid/view/animation/Animation;)V&android.view.animation.Animation.setFillAfter(Z)V&android.view.animation.Animation.setDuration(J)V	SDK_INT <= 10	ForwardImprovement	"[Info] You should use alternative APIs, since you do not support old Android versions (SDK_INT <= 10). Please, use: android.view.animation.AlphaAnimation.<init>(FF)V --- android.view.animation.Animation.setRepeatCount(I)V --- android.view.View.startAnimation(Landroid/view/animation/Animation;)V --- android.view.animation.Animation.setFillAfter(Z)V --- android.view.animation.Animation.setDuration(J)V."	0.0
com.ensoft.imgurviewer	1.9.6	19	28	com.devbrackets.android.exomedia.ui.widget.VideoControlsLeanback.showLoading(Z)V	-1	-1	android.view.View.setVisibility(I)V	android.view.View.setAlpha(F)V	SDK_INT <= 10	ForwardImprovement	"[Info] You should use alternative APIs, since you do not support old Android versions (SDK_INT <= 10). Please, use: android.view.View.setAlpha(F)V."	0.0
com.ensoft.imgurviewer	1.9.6	19	28	com.devbrackets.android.exomedia.ui.widget.VideoControlsLeanback.showLoading(Z)V	-1	-1	android.view.View.setVisibility(I)V	android.view.animation.AlphaAnimation.<init>(FF)V&android.view.animation.Animation.setRepeatCount(I)V&android.view.View.startAnimation(Landroid/view/animation/Animation;)V&android.view.animation.Animation.setFillAfter(Z)V&android.view.animation.Animation.setDuration(J)V	SDK_INT <= 10	ForwardImprovement	"[Info] You should use alternative APIs, since you do not support old Android versions (SDK_INT <= 10). Please, use: android.view.animation.AlphaAnimation.<init>(FF)V --- android.view.animation.Animation.setRepeatCount(I)V --- android.view.View.startAnimation(Landroid/view/animation/Animation;)V --- android.view.animation.Animation.setFillAfter(Z)V --- android.view.animation.Animation.setDuration(J)V."	0.0
com.ensoft.imgurviewer	1.9.6	19	28	com.devbrackets.android.exomedia.ui.widget.VideoControlsLeanback.showLoading(Z)V	-1	-1	android.view.View.setVisibility(I)V	android.view.View.setAlpha(F)V	SDK_INT <= 10	ForwardImprovement	"[Info] You should use alternative APIs, since you do not support old Android versions (SDK_INT <= 10). Please, use: android.view.View.setAlpha(F)V."	0.0
com.ensoft.imgurviewer	1.9.6	19	28	com.devbrackets.android.exomedia.ui.widget.VideoControlsLeanback.updateButtonDrawables(I)V	-1	-1	android.view.View.getContext()Landroid/content/Context;		SDK_INT <= 13	ForwardImprovement	"[Info] You should not use these APIs, which are commonly used in old Android versions which you do not support (SDK_INT <= 13)."	0.0
com.ensoft.imgurviewer	1.9.6	19	28	com.devbrackets.android.exomedia.ui.widget.VideoControlsLeanback.updateButtonDrawables(I)V	-1	-1	android.view.View.getContext()Landroid/content/Context;		SDK_INT <= 13	ForwardImprovement	"[Info] You should not use these APIs, which are commonly used in old Android versions which you do not support (SDK_INT <= 13)."	0.0
com.ensoft.imgurviewer	1.9.6	19	28	com.devbrackets.android.exomedia.core.video.scale.MatrixManager.setScale(Landroid/view/View;FF)V	-1	-1	android.view.View.setScaleY(F)V		SDK_INT <= 10	BackwardImprovement	"If you want to support older versions (<= 10), add a check and handle using these APIs: "	0.0
com.ensoft.imgurviewer	1.9.6	19	28	com.r0adkll.slidr.util.ViewDragHelper.processTouchEvent(Landroid/view/MotionEvent;)V	-1	-1	android.view.MotionEvent.getActionMasked()I	android.view.MotionEvent.getAction()I	SDK_INT <= 7	BackwardImprovement	"If you want to support older versions (<= 7), add a check and handle using these APIs: android.view.MotionEvent.getAction()I"	0.0
com.ensoft.imgurviewer	1.9.6	19	28	com.r0adkll.slidr.util.ViewDragHelper.shouldInterceptTouchEvent(Landroid/view/MotionEvent;)Z	-1	-1	android.view.MotionEvent.getActionMasked()I	android.view.MotionEvent.getAction()I	SDK_INT <= 7	BackwardImprovement	"If you want to support older versions (<= 7), add a check and handle using these APIs: android.view.MotionEvent.getAction()I"	0.0
com.ensoft.imgurviewer	1.9.6	19	28	com.ensoft.imgurviewer.view.fragment.MediaPlayerFragment.setScreenLockState(Z)V	-1	-1	android.view.View.setScaleY(F)V		SDK_INT <= 10	BackwardImprovement	"If you want to support older versions (<= 10), add a check and handle using these APIs: "	0.0
com.ensoft.imgurviewer	1.9.6	19	28	com.ensoft.imgurviewer.view.fragment.MediaPlayerFragment.setScreenLockState(Z)V	-1	-1	android.view.View.setAlpha(F)V	android.view.View.setVisibility(I)V	SDK_INT <= 10	BackwardImprovement	"If you want to support older versions (<= 10), add a check and handle using these APIs: android.view.View.setVisibility(I)V"	0.0
com.ensoft.imgurviewer	1.9.6	19	28	com.ensoft.imgurviewer.view.fragment.MediaPlayerFragment.setScreenLockState(Z)V	-1	-1	android.view.View.setScaleY(F)V		SDK_INT <= 10	BackwardImprovement	"If you want to support older versions (<= 10), add a check and handle using these APIs: "	0.0
com.ensoft.imgurviewer	1.9.6	19	28	com.ensoft.imgurviewer.view.fragment.MediaPlayerFragment.setScreenLockState(Z)V	-1	-1	android.view.View.setAlpha(F)V	android.view.View.setVisibility(I)V	SDK_INT <= 10	BackwardImprovement	"If you want to support older versions (<= 10), add a check and handle using these APIs: android.view.View.setVisibility(I)V"	0.0
