app	version	sdk_min	sdk_trg	method	fromLine	toLine	apis	alternative	ruleCheck	warning	message	confidence
com.bytesforge.linkasanote	0.3.4	19	29	com.bytesforge.linkasanote.laano.LaanoBindingAdapters.setImageButtonEnabled(Landroid/widget/ImageButton;Z)V	-1	-1	android.view.View.setAlpha(F)V	android.view.View.setVisibility(I)V	SDK_INT <= 10	BackwardImprovement	"If you want to support older versions (<= 10), add a check and handle using these APIs: android.view.View.setVisibility(I)V"	0.0
com.bytesforge.linkasanote	0.3.4	19	29	com.bytesforge.linkasanote.laano.LaanoBindingAdapters.setImageButtonEnabled(Landroid/widget/ImageButton;Z)V	-1	-1	android.view.View.setAlpha(F)V	android.view.View.setVisibility(I)V	SDK_INT <= 10	BackwardImprovement	"If you want to support older versions (<= 10), add a check and handle using these APIs: android.view.View.setVisibility(I)V"	0.0
com.bytesforge.linkasanote	0.3.4	19	29	com.bytesforge.linkasanote.utils.ActivityUtils.animateAlpha(Landroid/view/View;IFJJ)V	-1	-1	android.view.View.setAlpha(F)V	android.view.View.setVisibility(I)V	SDK_INT <= 10	BackwardImprovement	"If you want to support older versions (<= 10), add a check and handle using these APIs: android.view.View.setVisibility(I)V"	0.0
com.bytesforge.linkasanote	0.3.4	19	29	com.tokenautocomplete.TokenCompleteTextView.onTouchEvent(Landroid/view/MotionEvent;)Z	-1	-1	android.view.MotionEvent.getActionMasked()I	android.view.MotionEvent.getAction()I	SDK_INT <= 7	BackwardImprovement	"If you want to support older versions (<= 7), add a check and handle using these APIs: android.view.MotionEvent.getAction()I"	0.0
