app	version	sdk_min	sdk_trg	method	fromLine	toLine	apis	alternative	ruleCheck	warning	message	confidence
io.github.subhamtyagi.lastlauncher.debug	null	14	28	leakcanary.internal.RequestStoragePermissionActivity.hasStoragePermission()Z	-1	-1	android.content.ContextWrapper.checkSelfPermission(Ljava/lang/String;)I		SDK_INT <= 22	BackwardCriticalBug	"[Critical] The APIs you are using must be used only in new Android versions (SDK_INT <= 22). Check the Android version before using them. "	0.0
io.github.subhamtyagi.lastlauncher.debug	null	14	28	leakcanary.internal.RequestStoragePermissionActivity.onCreate(Landroid/os/Bundle;)V	-1	-1	android.app.Activity.requestPermissions([Ljava/lang/String;I)V		SDK_INT <= 22	BackwardCriticalBug	"[Critical] The APIs you are using must be used only in new Android versions (SDK_INT <= 22). Check the Android version before using them. "	0.0
io.github.subhamtyagi.lastlauncher.debug	null	14	28	leakcanary.internal.activity.LeakActivity.onNewScreen(Lleakcanary/internal/navigation/Screen;)V	-1	-1	android.view.View.setAlpha(F)V	android.view.View.setVisibility(I)V	SDK_INT <= 10	BackwardImprovement	"If you want to support older versions (<= 10), add a check and handle using these APIs: android.view.View.setVisibility(I)V"	0.0
io.github.subhamtyagi.lastlauncher.debug	null	14	28	leakcanary.internal.activity.LeakActivity.onNewScreen(Lleakcanary/internal/navigation/Screen;)V	-1	-1	android.view.View.setAlpha(F)V	android.view.View.setVisibility(I)V	SDK_INT <= 10	BackwardImprovement	"If you want to support older versions (<= 10), add a check and handle using these APIs: android.view.View.setVisibility(I)V"	0.0
io.github.subhamtyagi.lastlauncher.debug	null	14	28	leakcanary.internal.activity.LeakActivity.onNewScreen(Lleakcanary/internal/navigation/Screen;)V	-1	-1	android.view.View.setAlpha(F)V	android.view.View.setVisibility(I)V	SDK_INT <= 10	BackwardImprovement	"If you want to support older versions (<= 10), add a check and handle using these APIs: android.view.View.setVisibility(I)V"	0.0
io.github.subhamtyagi.lastlauncher.debug	null	14	28	leakcanary.internal.activity.LeakActivity.onNewScreen(Lleakcanary/internal/navigation/Screen;)V	-1	-1	android.view.View.setAlpha(F)V	android.view.View.setVisibility(I)V	SDK_INT <= 10	BackwardImprovement	"If you want to support older versions (<= 10), add a check and handle using these APIs: android.view.View.setVisibility(I)V"	0.0
io.github.subhamtyagi.lastlauncher.debug	null	14	28	leakcanary.internal.activity.LeakActivity.onNewScreen(Lleakcanary/internal/navigation/Screen;)V	-1	-1	android.view.View.setAlpha(F)V	android.view.View.setVisibility(I)V	SDK_INT <= 10	BackwardImprovement	"If you want to support older versions (<= 10), add a check and handle using these APIs: android.view.View.setVisibility(I)V"	0.0
io.github.subhamtyagi.lastlauncher.debug	null	14	28	leakcanary.internal.activity.LeakActivity.onNewScreen(Lleakcanary/internal/navigation/Screen;)V	-1	-1	android.view.View.setAlpha(F)V	android.view.View.setVisibility(I)V	SDK_INT <= 10	BackwardImprovement	"If you want to support older versions (<= 10), add a check and handle using these APIs: android.view.View.setVisibility(I)V"	0.0
io.github.subhamtyagi.lastlauncher.debug	null	14	28	leakcanary.internal.activity.LeakActivity.onNewScreen(Lleakcanary/internal/navigation/Screen;)V	-1	-1	android.view.View.setAlpha(F)V	android.view.View.setVisibility(I)V	SDK_INT <= 10	BackwardImprovement	"If you want to support older versions (<= 10), add a check and handle using these APIs: android.view.View.setVisibility(I)V"	0.0
io.github.subhamtyagi.lastlauncher.debug	null	14	28	leakcanary.internal.activity.LeakActivity.onNewScreen(Lleakcanary/internal/navigation/Screen;)V	-1	-1	android.view.View.setAlpha(F)V	android.view.View.setVisibility(I)V	SDK_INT <= 10	BackwardImprovement	"If you want to support older versions (<= 10), add a check and handle using these APIs: android.view.View.setVisibility(I)V"	0.0
io.github.subhamtyagi.lastlauncher.debug	null	14	28	leakcanary.internal.activity.LeakActivity.onNewScreen(Lleakcanary/internal/navigation/Screen;)V	-1	-1	android.view.View.setAlpha(F)V	android.view.View.setVisibility(I)V	SDK_INT <= 10	BackwardImprovement	"If you want to support older versions (<= 10), add a check and handle using these APIs: android.view.View.setVisibility(I)V"	0.0
io.github.subhamtyagi.lastlauncher.debug	null	14	28	leakcanary.internal.activity.screen.LeakScreen.onLeakTraceSelected(Landroid/view/View;Lshark/HeapAnalysisSuccess;JI)V	-1	-1	android.view.View.setAlpha(F)V	android.view.View.setVisibility(I)V	SDK_INT <= 10	BackwardImprovement	"If you want to support older versions (<= 10), add a check and handle using these APIs: android.view.View.setVisibility(I)V"	0.0
