app	version	sdk_min	sdk_trg	method	fromLine	toLine	apis	alternative	ruleCheck	warning	message	confidence
acr.browser.lightning	4.5.1	19	28	acr.browser.lightning.view.LightningView.initializeSettings()V	-1	-1	android.webkit.WebSettings.setMixedContentMode(I)V		SDK_INT <= 20	BackwardCriticalBug	"[Critical] The APIs you are using must be used only in new Android versions (SDK_INT <= 20). Check the Android version before using them. "	0.0
acr.browser.lightning	4.5.1	19	28	acr.browser.lightning.view.LightningView.initializeSettings()V	-1	-1	android.webkit.WebSettings.setMixedContentMode(I)V		SDK_INT <= 20	BackwardCriticalBug	"[Critical] The APIs you are using must be used only in new Android versions (SDK_INT <= 20). Check the Android version before using them. "	0.0
acr.browser.lightning	4.5.1	19	28	acr.browser.lightning.view.LightningWebClient.shouldInterceptRequest(Landroid/webkit/WebView;Landroid/webkit/WebResourceRequest;)Landroid/webkit/WebResourceResponse;	-1	-1	android.webkit.WebResourceResponse.<init>(Ljava/lang/String;Ljava/lang/String;Ljava/io/InputStream;)V	android.webkit.WebResourceResponse.<init>(Ljava/lang/String;Ljava/lang/String;ILjava/lang/String;Ljava/util/Map;Ljava/io/InputStream;)V	SDK_INT <= 20	ForwardImprovement	"[Info] You should use these APIs differently in newer Android releases (SDK_INT > 20). Add a check and handle with: android.webkit.WebResourceResponse.<init>(Ljava/lang/String;Ljava/lang/String;ILjava/lang/String;Ljava/util/Map;Ljava/io/InputStream;)V."	0.0
acr.browser.lightning	4.5.1	19	28	info.guardianproject.netcipher.webkit.WebkitProxy.setWebkitProxyLollipop(Landroid/content/Context;Ljava/lang/String;I)Z	-1	-1	android.util.Log.d(Ljava/lang/String;Ljava/lang/String;)I		SDK_INT <= 20	ForwardImprovement	"[Info] The APIs you are using should be used only in older Android versions (SDK_INT <= 20). Add a check."	0.0
acr.browser.lightning	4.5.1	19	28	info.guardianproject.netcipher.webkit.WebkitProxy.setWebkitProxyLollipop(Landroid/content/Context;Ljava/lang/String;I)Z	-1	-1	android.util.Log.d(Ljava/lang/String;Ljava/lang/String;)I		SDK_INT <= 20	ForwardImprovement	"[Info] The APIs you are using should be used only in older Android versions (SDK_INT <= 20). Add a check."	0.0
acr.browser.lightning	4.5.1	19	28	info.guardianproject.netcipher.webkit.WebkitProxy.setWebkitProxyLollipop(Landroid/content/Context;Ljava/lang/String;I)Z	-1	-1	android.util.Log.d(Ljava/lang/String;Ljava/lang/String;)I		SDK_INT <= 20	ForwardImprovement	"[Info] The APIs you are using should be used only in older Android versions (SDK_INT <= 20). Add a check."	0.0
acr.browser.lightning	4.5.1	19	28	info.guardianproject.netcipher.webkit.WebkitProxy.setWebkitProxyLollipop(Landroid/content/Context;Ljava/lang/String;I)Z	-1	-1	android.util.Log.d(Ljava/lang/String;Ljava/lang/String;)I		SDK_INT <= 20	ForwardImprovement	"[Info] The APIs you are using should be used only in older Android versions (SDK_INT <= 20). Add a check."	0.0
acr.browser.lightning	4.5.1	19	28	info.guardianproject.netcipher.webkit.WebkitProxy.setWebkitProxyLollipop(Landroid/content/Context;Ljava/lang/String;I)Z	-1	-1	android.util.Log.d(Ljava/lang/String;Ljava/lang/String;)I		SDK_INT <= 20	ForwardImprovement	"[Info] The APIs you are using should be used only in older Android versions (SDK_INT <= 20). Add a check."	0.0
acr.browser.lightning	4.5.1	19	28	acr.browser.lightning.favicon.FaviconModel$faviconCache$1.sizeOf(Ljava/lang/String;Landroid/graphics/Bitmap;)I	-1	-1	android.graphics.Bitmap.getByteCount()I	android.graphics.Bitmap.getRowBytes()I&android.graphics.Bitmap.getHeight()I	SDK_INT <= 11	BackwardImprovement	"If you want to support older versions (<= 11), add a check and handle using these APIs: android.graphics.Bitmap.getRowBytes()I --- android.graphics.Bitmap.getHeight()I"	0.0
acr.browser.lightning	4.5.1	19	28	acr.browser.lightning.view.LightningView.initializeSettings()V	-1	-1	android.webkit.WebSettings.setMediaPlaybackRequiresUserGesture(Z)V		SDK_INT <= 16	BackwardImprovement	"If you want to support older versions (<= 16), add a check and handle using these APIs: "	0.0
acr.browser.lightning	4.5.1	19	28	acr.browser.lightning.view.LightningView.initializeSettings()V	-1	-1	android.webkit.WebSettings.setAllowUniversalAccessFromFileURLs(Z)V		SDK_INT <= 15	BackwardImprovement	"If you want to support older versions (<= 15), add a check and handle using these APIs: "	0.0
acr.browser.lightning	4.5.1	19	28	acr.browser.lightning.reading.activity.ReadingActivity.setText(Ljava/lang/String;Ljava/lang/String;)V	-1	-1	android.view.View.setAlpha(F)V	android.view.View.setVisibility(I)V	SDK_INT <= 10	BackwardImprovement	"If you want to support older versions (<= 10), add a check and handle using these APIs: android.view.View.setVisibility(I)V"	0.0
acr.browser.lightning	4.5.1	19	28	acr.browser.lightning.reading.activity.ReadingActivity.setText(Ljava/lang/String;Ljava/lang/String;)V	-1	-1	android.view.View.setAlpha(F)V	android.view.View.setVisibility(I)V	SDK_INT <= 10	BackwardImprovement	"If you want to support older versions (<= 10), add a check and handle using these APIs: android.view.View.setVisibility(I)V"	0.0
