app	version	sdk_min	sdk_trg	method	fromLine	toLine	apis	alternative	ruleCheck	warning	message	confidence
org.isoron.uhabits	1.7.1	15	25	org.isoron.uhabits.tasks.AndroidTaskRunner.execute(Lorg/isoron/uhabits/tasks/Task;)V	-1	-1	android.os.AsyncTask.execute([Ljava/lang/Object;)Landroid/os/AsyncTask;	android.os.AsyncTask.executeOnExecutor(Ljava/util/concurrent/Executor;[Ljava/lang/Object;)Landroid/os/AsyncTask;	SDK_INT <= -1	ForwardImprovement	"[Info] You should use alternative APIs, since you do not support old Android versions (SDK_INT <= -1). Please, use: android.os.AsyncTask.executeOnExecutor(Ljava/util/concurrent/Executor;[Ljava/lang/Object;)Landroid/os/AsyncTask;."	0.0
org.isoron.uhabits	1.7.1	15	25	org.isoron.uhabits.activities.habits.list.views.HintView.initEditMode()V	-1	-1	android.view.View.setAlpha(F)V	android.view.View.setVisibility(I)V	SDK_INT <= 10	BackwardImprovement	"If you want to support older versions (<= 10), add a check and handle using these APIs: android.view.View.setVisibility(I)V"	0.0
org.isoron.uhabits	1.7.1	15	25	org.isoron.uhabits.activities.habits.list.views.HintView.showNext()V	-1	-1	android.view.View.setAlpha(F)V	android.view.View.setVisibility(I)V	SDK_INT <= 10	BackwardImprovement	"If you want to support older versions (<= 10), add a check and handle using these APIs: android.view.View.setVisibility(I)V"	0.0
org.isoron.uhabits	1.7.1	15	25	com.github.paolorotolo.appintro.FadePageTransformer.transformPage(Landroid/view/View;F)V	-1	-1	android.view.View.setAlpha(F)V	android.view.View.setVisibility(I)V	SDK_INT <= 10	BackwardImprovement	"If you want to support older versions (<= 10), add a check and handle using these APIs: android.view.View.setVisibility(I)V"	0.0
org.isoron.uhabits	1.7.1	15	25	com.github.paolorotolo.appintro.FadePageTransformer.transformPage(Landroid/view/View;F)V	-1	-1	android.view.View.setAlpha(F)V	android.view.View.setVisibility(I)V	SDK_INT <= 10	BackwardImprovement	"If you want to support older versions (<= 10), add a check and handle using these APIs: android.view.View.setVisibility(I)V"	0.0
org.isoron.uhabits	1.7.1	15	25	com.github.paolorotolo.appintro.FadePageTransformer.transformPage(Landroid/view/View;F)V	-1	-1	android.view.View.setAlpha(F)V	android.view.View.setVisibility(I)V	SDK_INT <= 10	BackwardImprovement	"If you want to support older versions (<= 10), add a check and handle using these APIs: android.view.View.setVisibility(I)V"	0.0
org.isoron.uhabits	1.7.1	15	25	com.github.paolorotolo.appintro.ViewPageTransformer.transformPage(Landroid/view/View;F)V	-1	-1	android.view.View.setAlpha(F)V	android.view.View.setVisibility(I)V	SDK_INT <= 10	BackwardImprovement	"If you want to support older versions (<= 10), add a check and handle using these APIs: android.view.View.setVisibility(I)V"	0.0
org.isoron.uhabits	1.7.1	15	25	com.github.paolorotolo.appintro.ViewPageTransformer.transformPage(Landroid/view/View;F)V	-1	-1	android.view.View.setAlpha(F)V	android.view.View.setVisibility(I)V	SDK_INT <= 10	BackwardImprovement	"If you want to support older versions (<= 10), add a check and handle using these APIs: android.view.View.setVisibility(I)V"	0.0
org.isoron.uhabits	1.7.1	15	25	com.github.paolorotolo.appintro.ViewPageTransformer.transformPage(Landroid/view/View;F)V	-1	-1	android.view.View.setAlpha(F)V	android.view.View.setVisibility(I)V	SDK_INT <= 10	BackwardImprovement	"If you want to support older versions (<= 10), add a check and handle using these APIs: android.view.View.setVisibility(I)V"	0.0
org.isoron.uhabits	1.7.1	15	25	com.github.paolorotolo.appintro.ViewPageTransformer.transformPage(Landroid/view/View;F)V	-1	-1	android.view.View.setScaleY(F)V		SDK_INT <= 10	BackwardImprovement	"If you want to support older versions (<= 10), add a check and handle using these APIs: "	0.0
org.isoron.uhabits	1.7.1	15	25	com.github.paolorotolo.appintro.ViewPageTransformer.transformPage(Landroid/view/View;F)V	-1	-1	android.view.View.setAlpha(F)V	android.view.View.setVisibility(I)V	SDK_INT <= 10	BackwardImprovement	"If you want to support older versions (<= 10), add a check and handle using these APIs: android.view.View.setVisibility(I)V"	0.0
