app	version	sdk_min	sdk_trg	method	fromLine	toLine	apis	alternative	ruleCheck	warning	message	confidence
com.aminbandali.mathtools.app	1.0	19	19	it.gmariotti.cardslib.library.view.component.CardThumbnailView.loadBitmap(ILandroid/widget/ImageView;)V	-1	-1	android.os.AsyncTask.execute([Ljava/lang/Object;)Landroid/os/AsyncTask;	android.os.AsyncTask.executeOnExecutor(Ljava/util/concurrent/Executor;[Ljava/lang/Object;)Landroid/os/AsyncTask;	SDK_INT <= -1	ForwardImprovement	"[Info] You should use alternative APIs, since you do not support old Android versions (SDK_INT <= -1). Please, use: android.os.AsyncTask.executeOnExecutor(Ljava/util/concurrent/Executor;[Ljava/lang/Object;)Landroid/os/AsyncTask;."	0.0
com.aminbandali.mathtools.app	1.0	19	19	it.gmariotti.cardslib.library.view.component.CardThumbnailView.loadBitmap(Lit/gmariotti/cardslib/library/internal/CardThumbnail$CustomSource;Landroid/widget/ImageView;)V	-1	-1	android.os.AsyncTask.execute([Ljava/lang/Object;)Landroid/os/AsyncTask;	android.os.AsyncTask.executeOnExecutor(Ljava/util/concurrent/Executor;[Ljava/lang/Object;)Landroid/os/AsyncTask;	SDK_INT <= -1	ForwardImprovement	"[Info] You should use alternative APIs, since you do not support old Android versions (SDK_INT <= -1). Please, use: android.os.AsyncTask.executeOnExecutor(Ljava/util/concurrent/Executor;[Ljava/lang/Object;)Landroid/os/AsyncTask;."	0.0
com.aminbandali.mathtools.app	1.0	19	19	it.gmariotti.cardslib.library.view.component.CardThumbnailView.loadBitmap(Ljava/lang/String;Landroid/widget/ImageView;)V	-1	-1	android.os.AsyncTask.execute([Ljava/lang/Object;)Landroid/os/AsyncTask;	android.os.AsyncTask.executeOnExecutor(Ljava/util/concurrent/Executor;[Ljava/lang/Object;)Landroid/os/AsyncTask;	SDK_INT <= -1	ForwardImprovement	"[Info] You should use alternative APIs, since you do not support old Android versions (SDK_INT <= -1). Please, use: android.os.AsyncTask.executeOnExecutor(Ljava/util/concurrent/Executor;[Ljava/lang/Object;)Landroid/os/AsyncTask;."	0.0
com.aminbandali.mathtools.app	1.0	19	19	it.gmariotti.cardslib.library.internal.dismissanimation.BaseDismissAnimation$1.onAnimationEnd(Landroid/animation/Animator;)V	-1	-1	android.view.View.setAlpha(F)V	android.view.View.setVisibility(I)V	SDK_INT <= 10	BackwardImprovement	"If you want to support older versions (<= 10), add a check and handle using these APIs: android.view.View.setVisibility(I)V"	0.0
com.aminbandali.mathtools.app	1.0	19	19	it.gmariotti.cardslib.library.internal.overflowanimation.TwoCardOverlayAnimation$2.onAnimationEnd(Landroid/animation/Animator;)V	-1	-1	android.view.View.setAlpha(F)V	android.view.View.setVisibility(I)V	SDK_INT <= 10	BackwardImprovement	"If you want to support older versions (<= 10), add a check and handle using these APIs: android.view.View.setVisibility(I)V"	0.0
com.aminbandali.mathtools.app	1.0	19	19	it.gmariotti.cardslib.library.view.CardGridView$2$1.onAnimationEnd(Landroid/animation/Animator;)V	-1	-1	android.view.View.setAlpha(F)V	android.view.View.setVisibility(I)V	SDK_INT <= 10	BackwardImprovement	"If you want to support older versions (<= 10), add a check and handle using these APIs: android.view.View.setVisibility(I)V"	0.0
com.aminbandali.mathtools.app	1.0	19	19	it.gmariotti.cardslib.library.view.listener.SwipeDismissListViewTouchListener$2.onAnimationEnd(Landroid/animation/Animator;)V	-1	-1	android.view.View.setAlpha(F)V	android.view.View.setVisibility(I)V	SDK_INT <= 10	BackwardImprovement	"If you want to support older versions (<= 10), add a check and handle using these APIs: android.view.View.setVisibility(I)V"	0.0
com.aminbandali.mathtools.app	1.0	19	19	it.gmariotti.cardslib.library.view.listener.SwipeDismissListViewTouchListener.onTouch(Landroid/view/View;Landroid/view/MotionEvent;)Z	-1	-1	android.view.View.setAlpha(F)V	android.view.View.setVisibility(I)V	SDK_INT <= 10	BackwardImprovement	"If you want to support older versions (<= 10), add a check and handle using these APIs: android.view.View.setVisibility(I)V"	0.0
com.aminbandali.mathtools.app	1.0	19	19	it.gmariotti.cardslib.library.view.listener.SwipeDismissListViewTouchListener.onTouch(Landroid/view/View;Landroid/view/MotionEvent;)Z	-1	-1	android.view.MotionEvent.getActionMasked()I	android.view.MotionEvent.getAction()I	SDK_INT <= 7	BackwardImprovement	"If you want to support older versions (<= 7), add a check and handle using these APIs: android.view.MotionEvent.getAction()I"	0.0
com.aminbandali.mathtools.app	1.0	19	19	it.gmariotti.cardslib.library.view.listener.SwipeDismissViewTouchListener$2.onAnimationEnd(Landroid/animation/Animator;)V	-1	-1	android.view.View.setAlpha(F)V	android.view.View.setVisibility(I)V	SDK_INT <= 10	BackwardImprovement	"If you want to support older versions (<= 10), add a check and handle using these APIs: android.view.View.setVisibility(I)V"	0.0
com.aminbandali.mathtools.app	1.0	19	19	it.gmariotti.cardslib.library.view.listener.SwipeDismissViewTouchListener.onTouch(Landroid/view/View;Landroid/view/MotionEvent;)Z	-1	-1	android.view.View.setAlpha(F)V	android.view.View.setVisibility(I)V	SDK_INT <= 10	BackwardImprovement	"If you want to support older versions (<= 10), add a check and handle using these APIs: android.view.View.setVisibility(I)V"	0.0
com.aminbandali.mathtools.app	1.0	19	19	it.gmariotti.cardslib.library.view.listener.SwipeDismissViewTouchListener.onTouch(Landroid/view/View;Landroid/view/MotionEvent;)Z	-1	-1	android.view.MotionEvent.getActionMasked()I	android.view.MotionEvent.getAction()I	SDK_INT <= 7	BackwardImprovement	"If you want to support older versions (<= 7), add a check and handle using these APIs: android.view.MotionEvent.getAction()I"	0.0
com.aminbandali.mathtools.app	1.0	19	19	it.gmariotti.cardslib.library.view.listener.UndoBarController.hideUndoBar(Z)V	-1	-1	android.view.View.setAlpha(F)V	android.view.View.setVisibility(I)V	SDK_INT <= 10	BackwardImprovement	"If you want to support older versions (<= 10), add a check and handle using these APIs: android.view.View.setVisibility(I)V"	0.0
com.aminbandali.mathtools.app	1.0	19	19	it.gmariotti.cardslib.library.view.listener.UndoBarController.showUndoBar(ZLjava/lang/CharSequence;Landroid/os/Parcelable;)V	-1	-1	android.view.View.setAlpha(F)V	android.view.View.setVisibility(I)V	SDK_INT <= 10	BackwardImprovement	"If you want to support older versions (<= 10), add a check and handle using these APIs: android.view.View.setVisibility(I)V"	0.0
