app	version	sdk_min	sdk_trg	method	fromLine	toLine	apis	alternative	ruleCheck	warning	message	confidence
de.chaosdorf.meteroid	2.5.0	9	28	com.nineoldandroids.view.ViewHelper$Honeycomb.setAlpha(Landroid/view/View;F)V	-1	-1	android.view.View.setAlpha(F)V	android.view.View.setVisibility(I)V	SDK_INT <= 10	BackwardCriticalBug	"[Critical] You should use different APIs in old Android versions (SDK_INT > 10). Use these APIs instead: android.view.View.setVisibility(I)V."	0.0
de.chaosdorf.meteroid	2.5.0	9	28	com.nineoldandroids.view.ViewHelper$Honeycomb.setScaleY(Landroid/view/View;F)V	-1	-1	android.view.View.setScaleY(F)V		SDK_INT <= 10	BackwardCriticalBug	"[Critical] The APIs you are using must be used only in new Android versions (SDK_INT <= 10). Check the Android version before using them. "	0.0
de.chaosdorf.meteroid	2.5.0	9	28	com.nineoldandroids.view.ViewPropertyAnimatorHC.setValue(IF)V	-1	-1	android.view.View.setAlpha(F)V	android.view.View.setVisibility(I)V	SDK_INT <= 10	BackwardCriticalBug	"[Critical] You should use different APIs in old Android versions (SDK_INT > 10). Use these APIs instead: android.view.View.setVisibility(I)V."	0.0
de.chaosdorf.meteroid	2.5.0	9	28	com.nineoldandroids.view.ViewPropertyAnimatorHC.setValue(IF)V	-1	-1	android.view.View.setScaleY(F)V		SDK_INT <= 10	BackwardCriticalBug	"[Critical] The APIs you are using must be used only in new Android versions (SDK_INT <= 10). Check the Android version before using them. "	0.0
