app	version	sdk_min	sdk_trg	method	fromLine	toLine	apis	alternative	ruleCheck	warning	message	confidence
com.limelight.debug	9.7.4	19	30	com.limelight.utils.TvChannelHelper.updateChannelIcon(J)V	-1	-1	android.content.res.Resources.getDrawable(I)Landroid/graphics/drawable/Drawable;	android.content.res.Resources.getDrawable(ILandroid/content/res/Resources$Theme;)Landroid/graphics/drawable/Drawable;	SDK_INT <= 20	ForwardBadSmell	"[Warning] You should use this APIs differently in newer Android versions (SDK_INT > 20). For new versions, consider using these APIs: android.content.res.Resources.getDrawable(ILandroid/content/res/Resources$Theme;)Landroid/graphics/drawable/Drawable;."	0.0
com.limelight.debug	9.7.4	19	30	com.limelight.binding.input.virtual_controller.VirtualController.<init>(Lcom/limelight/binding/input/ControllerHandler;Landroid/widget/FrameLayout;Landroid/content/Context;)V	-1	-1	android.view.View.setAlpha(F)V	android.view.View.setVisibility(I)V	SDK_INT <= 10	BackwardImprovement	"If you want to support older versions (<= 10), add a check and handle using these APIs: android.view.View.setVisibility(I)V"	0.0
com.limelight.debug	9.7.4	19	30	com.limelight.binding.input.virtual_controller.VirtualControllerElement.onTouchEvent(Landroid/view/MotionEvent;)Z	-1	-1	android.view.MotionEvent.getActionMasked()I	android.view.MotionEvent.getAction()I	SDK_INT <= 7	BackwardImprovement	"If you want to support older versions (<= 7), add a check and handle using these APIs: android.view.MotionEvent.getAction()I"	0.0
com.limelight.debug	9.7.4	19	30	com.limelight.grid.assets.MemoryAssetLoader$1.sizeOf(Ljava/lang/String;Lcom/limelight/grid/assets/ScaledBitmap;)I	-1	-1	android.graphics.Bitmap.getByteCount()I	android.graphics.Bitmap.getRowBytes()I&android.graphics.Bitmap.getHeight()I	SDK_INT <= 11	BackwardImprovement	"If you want to support older versions (<= 11), add a check and handle using these APIs: android.graphics.Bitmap.getRowBytes()I --- android.graphics.Bitmap.getHeight()I"	0.0
com.limelight.debug	9.7.4	19	30	com.limelight.Game.handleMotionEvent(Landroid/view/View;Landroid/view/MotionEvent;)Z	-1	-1	android.view.MotionEvent.getActionMasked()I	android.view.MotionEvent.getAction()I	SDK_INT <= 7	BackwardImprovement	"If you want to support older versions (<= 7), add a check and handle using these APIs: android.view.MotionEvent.getAction()I"	0.0
com.limelight.debug	9.7.4	19	30	com.limelight.Game.handleMotionEvent(Landroid/view/View;Landroid/view/MotionEvent;)Z	-1	-1	android.view.MotionEvent.getActionMasked()I	android.view.MotionEvent.getAction()I	SDK_INT <= 7	BackwardImprovement	"If you want to support older versions (<= 7), add a check and handle using these APIs: android.view.MotionEvent.getAction()I"	0.0
com.limelight.debug	9.7.4	19	30	com.limelight.Game.handleMotionEvent(Landroid/view/View;Landroid/view/MotionEvent;)Z	-1	-1	android.view.MotionEvent.getActionMasked()I	android.view.MotionEvent.getAction()I	SDK_INT <= 7	BackwardImprovement	"If you want to support older versions (<= 7), add a check and handle using these APIs: android.view.MotionEvent.getAction()I"	0.0
com.limelight.debug	9.7.4	19	30	com.limelight.Game.handleMotionEvent(Landroid/view/View;Landroid/view/MotionEvent;)Z	-1	-1	android.view.MotionEvent.getActionMasked()I	android.view.MotionEvent.getAction()I	SDK_INT <= 7	BackwardImprovement	"If you want to support older versions (<= 7), add a check and handle using these APIs: android.view.MotionEvent.getAction()I"	0.0
com.limelight.debug	9.7.4	19	30	com.limelight.Game.handleMotionEvent(Landroid/view/View;Landroid/view/MotionEvent;)Z	-1	-1	android.view.MotionEvent.getActionMasked()I	android.view.MotionEvent.getAction()I	SDK_INT <= 7	BackwardImprovement	"If you want to support older versions (<= 7), add a check and handle using these APIs: android.view.MotionEvent.getAction()I"	0.0
com.limelight.debug	9.7.4	19	30	com.limelight.Game.handleMotionEvent(Landroid/view/View;Landroid/view/MotionEvent;)Z	-1	-1	android.view.MotionEvent.getActionMasked()I	android.view.MotionEvent.getAction()I	SDK_INT <= 7	BackwardImprovement	"If you want to support older versions (<= 7), add a check and handle using these APIs: android.view.MotionEvent.getAction()I"	0.0
com.limelight.debug	9.7.4	19	30	com.limelight.Game.updateMousePosition(Landroid/view/View;Landroid/view/MotionEvent;)V	-1	-1	android.view.MotionEvent.getActionMasked()I	android.view.MotionEvent.getAction()I	SDK_INT <= 7	BackwardImprovement	"If you want to support older versions (<= 7), add a check and handle using these APIs: android.view.MotionEvent.getAction()I"	0.0
com.limelight.debug	9.7.4	19	30	com.limelight.binding.input.virtual_controller.AnalogStick.onElementTouchEvent(Landroid/view/MotionEvent;)Z	-1	-1	android.view.MotionEvent.getActionMasked()I	android.view.MotionEvent.getAction()I	SDK_INT <= 7	BackwardImprovement	"If you want to support older versions (<= 7), add a check and handle using these APIs: android.view.MotionEvent.getAction()I"	0.0
com.limelight.debug	9.7.4	19	30	com.limelight.binding.input.virtual_controller.DigitalButton.onElementTouchEvent(Landroid/view/MotionEvent;)Z	-1	-1	android.view.MotionEvent.getActionMasked()I	android.view.MotionEvent.getAction()I	SDK_INT <= 7	BackwardImprovement	"If you want to support older versions (<= 7), add a check and handle using these APIs: android.view.MotionEvent.getAction()I"	0.0
com.limelight.debug	9.7.4	19	30	com.limelight.binding.input.virtual_controller.DigitalPad.onElementTouchEvent(Landroid/view/MotionEvent;)Z	-1	-1	android.view.MotionEvent.getActionMasked()I	android.view.MotionEvent.getAction()I	SDK_INT <= 7	BackwardImprovement	"If you want to support older versions (<= 7), add a check and handle using these APIs: android.view.MotionEvent.getAction()I"	0.0
com.limelight.debug	9.7.4	19	30	com.limelight.grid.AppGridAdapter.populateView(Landroid/view/View;Landroid/widget/ImageView;Landroid/widget/ProgressBar;Landroid/widget/TextView;Landroid/widget/ImageView;Lcom/limelight/AppView$AppObject;)V	-1	-1	android.view.View.setAlpha(F)V	android.view.View.setVisibility(I)V	SDK_INT <= 10	BackwardImprovement	"If you want to support older versions (<= 10), add a check and handle using these APIs: android.view.View.setVisibility(I)V"	0.0
com.limelight.debug	9.7.4	19	30	com.limelight.grid.AppGridAdapter.populateView(Landroid/view/View;Landroid/widget/ImageView;Landroid/widget/ProgressBar;Landroid/widget/TextView;Landroid/widget/ImageView;Lcom/limelight/AppView$AppObject;)V	-1	-1	android.view.View.setAlpha(F)V	android.view.View.setVisibility(I)V	SDK_INT <= 10	BackwardImprovement	"If you want to support older versions (<= 10), add a check and handle using these APIs: android.view.View.setVisibility(I)V"	0.0
com.limelight.debug	9.7.4	19	30	com.limelight.grid.PcGridAdapter.populateView(Landroid/view/View;Landroid/widget/ImageView;Landroid/widget/ProgressBar;Landroid/widget/TextView;Landroid/widget/ImageView;Lcom/limelight/PcView$ComputerObject;)V	-1	-1	android.view.View.setAlpha(F)V	android.view.View.setVisibility(I)V	SDK_INT <= 10	BackwardImprovement	"If you want to support older versions (<= 10), add a check and handle using these APIs: android.view.View.setVisibility(I)V"	0.0
com.limelight.debug	9.7.4	19	30	com.limelight.grid.PcGridAdapter.populateView(Landroid/view/View;Landroid/widget/ImageView;Landroid/widget/ProgressBar;Landroid/widget/TextView;Landroid/widget/ImageView;Lcom/limelight/PcView$ComputerObject;)V	-1	-1	android.view.View.setAlpha(F)V	android.view.View.setVisibility(I)V	SDK_INT <= 10	BackwardImprovement	"If you want to support older versions (<= 10), add a check and handle using these APIs: android.view.View.setVisibility(I)V"	0.0
com.limelight.debug	9.7.4	19	30	com.limelight.grid.PcGridAdapter.populateView(Landroid/view/View;Landroid/widget/ImageView;Landroid/widget/ProgressBar;Landroid/widget/TextView;Landroid/widget/ImageView;Lcom/limelight/PcView$ComputerObject;)V	-1	-1	android.view.View.setAlpha(F)V	android.view.View.setVisibility(I)V	SDK_INT <= 10	BackwardImprovement	"If you want to support older versions (<= 10), add a check and handle using these APIs: android.view.View.setVisibility(I)V"	0.0
com.limelight.debug	9.7.4	19	30	com.limelight.grid.PcGridAdapter.populateView(Landroid/view/View;Landroid/widget/ImageView;Landroid/widget/ProgressBar;Landroid/widget/TextView;Landroid/widget/ImageView;Lcom/limelight/PcView$ComputerObject;)V	-1	-1	android.view.View.setAlpha(F)V	android.view.View.setVisibility(I)V	SDK_INT <= 10	BackwardImprovement	"If you want to support older versions (<= 10), add a check and handle using these APIs: android.view.View.setVisibility(I)V"	0.0
com.limelight.debug	9.7.4	19	30	com.limelight.grid.PcGridAdapter.populateView(Landroid/view/View;Landroid/widget/ImageView;Landroid/widget/ProgressBar;Landroid/widget/TextView;Landroid/widget/ImageView;Lcom/limelight/PcView$ComputerObject;)V	-1	-1	android.view.View.setAlpha(F)V	android.view.View.setVisibility(I)V	SDK_INT <= 10	BackwardImprovement	"If you want to support older versions (<= 10), add a check and handle using these APIs: android.view.View.setVisibility(I)V"	0.0
com.limelight.debug	9.7.4	19	30	com.limelight.grid.PcGridAdapter.populateView(Landroid/view/View;Landroid/widget/ImageView;Landroid/widget/ProgressBar;Landroid/widget/TextView;Landroid/widget/ImageView;Lcom/limelight/PcView$ComputerObject;)V	-1	-1	android.view.View.setAlpha(F)V	android.view.View.setVisibility(I)V	SDK_INT <= 10	BackwardImprovement	"If you want to support older versions (<= 10), add a check and handle using these APIs: android.view.View.setVisibility(I)V"	0.0
