app	version	sdk_min	sdk_trg	method	fromLine	toLine	apis	alternative	ruleCheck	warning	message	confidence
com.tomer.poke.notifier	1.5	19	24	com.github.clans.fab.FloatingActionButton.<init>(Landroid/content/Context;Landroid/util/AttributeSet;II)V	-1	-1	android.view.View.getContext()Landroid/content/Context;		SDK_INT <= 13	ForwardImprovement	"[Info] You should not use these APIs, which are commonly used in old Android versions which you do not support (SDK_INT <= 13)."	0.0
com.tomer.poke.notifier	1.5	19	24	com.github.clans.fab.FloatingActionButton.<init>(Landroid/content/Context;Landroid/util/AttributeSet;II)V	-1	-1	android.view.View.getContext()Landroid/content/Context;		SDK_INT <= 13	ForwardImprovement	"[Info] You should not use these APIs, which are commonly used in old Android versions which you do not support (SDK_INT <= 13)."	0.0
com.tomer.poke.notifier	1.5	19	24	com.github.clans.fab.FloatingActionButton.<init>(Landroid/content/Context;Landroid/util/AttributeSet;II)V	-1	-1	android.view.View.getContext()Landroid/content/Context;		SDK_INT <= 13	ForwardImprovement	"[Info] You should not use these APIs, which are commonly used in old Android versions which you do not support (SDK_INT <= 13)."	0.0
com.tomer.poke.notifier	1.5	19	24	com.github.clans.fab.FloatingActionButton.<init>(Landroid/content/Context;Landroid/util/AttributeSet;II)V	-1	-1	android.view.View.getContext()Landroid/content/Context;		SDK_INT <= 13	ForwardImprovement	"[Info] You should not use these APIs, which are commonly used in old Android versions which you do not support (SDK_INT <= 13)."	0.0
com.tomer.poke.notifier	1.5	19	24	com.github.clans.fab.FloatingActionButton.<init>(Landroid/content/Context;Landroid/util/AttributeSet;II)V	-1	-1	android.view.View.getContext()Landroid/content/Context;		SDK_INT <= 13	ForwardImprovement	"[Info] You should not use these APIs, which are commonly used in old Android versions which you do not support (SDK_INT <= 13)."	0.0
com.tomer.poke.notifier	1.5	19	24	com.github.clans.fab.FloatingActionButton.<init>(Landroid/content/Context;Landroid/util/AttributeSet;II)V	-1	-1	android.view.View.getContext()Landroid/content/Context;		SDK_INT <= 13	ForwardImprovement	"[Info] You should not use these APIs, which are commonly used in old Android versions which you do not support (SDK_INT <= 13)."	0.0
com.tomer.poke.notifier	1.5	19	24	com.heinrichreimersoftware.androidissuereporter.IssueReporterActivity$ReportIssueTask.report(Landroid/app/Activity;Lcom/heinrichreimersoftware/androidissuereporter/model/Report;Lcom/heinrichreimersoftware/androidissuereporter/model/github/GithubTarget;Lcom/heinrichreimersoftware/androidissuereporter/model/github/GithubLogin;)V	-1	-1	android.os.AsyncTask.execute([Ljava/lang/Object;)Landroid/os/AsyncTask;	android.os.AsyncTask.executeOnExecutor(Ljava/util/concurrent/Executor;[Ljava/lang/Object;)Landroid/os/AsyncTask;	SDK_INT <= -1	ForwardImprovement	"[Info] You should use alternative APIs, since you do not support old Android versions (SDK_INT <= -1). Please, use: android.os.AsyncTask.executeOnExecutor(Ljava/util/concurrent/Executor;[Ljava/lang/Object;)Landroid/os/AsyncTask;."	0.0
com.tomer.poke.notifier	1.5	19	24	com.nineoldandroids.view.ViewHelper$Honeycomb.setAlpha(Landroid/view/View;F)V	-1	-1	android.view.View.setAlpha(F)V	android.view.View.setVisibility(I)V	SDK_INT <= 10	BackwardImprovement	"If you want to support older versions (<= 10), add a check and handle using these APIs: android.view.View.setVisibility(I)V"	0.0
com.tomer.poke.notifier	1.5	19	24	com.nineoldandroids.view.ViewHelper$Honeycomb.setScaleY(Landroid/view/View;F)V	-1	-1	android.view.View.setScaleY(F)V		SDK_INT <= 10	BackwardImprovement	"If you want to support older versions (<= 10), add a check and handle using these APIs: "	0.0
com.tomer.poke.notifier	1.5	19	24	com.nineoldandroids.view.ViewPropertyAnimatorHC.setValue(IF)V	-1	-1	android.view.View.setAlpha(F)V	android.view.View.setVisibility(I)V	SDK_INT <= 10	BackwardImprovement	"If you want to support older versions (<= 10), add a check and handle using these APIs: android.view.View.setVisibility(I)V"	0.0
com.tomer.poke.notifier	1.5	19	24	com.nineoldandroids.view.ViewPropertyAnimatorHC.setValue(IF)V	-1	-1	android.view.View.setScaleY(F)V		SDK_INT <= 10	BackwardImprovement	"If you want to support older versions (<= 10), add a check and handle using these APIs: "	0.0
com.tomer.poke.notifier	1.5	19	24	com.tomer.poke.notifier.plus.MainService$1.onMenuToggle(Z)V	-1	-1	android.view.View.setAlpha(F)V	android.view.View.setVisibility(I)V	SDK_INT <= 10	BackwardImprovement	"If you want to support older versions (<= 10), add a check and handle using these APIs: android.view.View.setVisibility(I)V"	0.0
com.tomer.poke.notifier	1.5	19	24	com.tomer.poke.notifier.plus.MainService.initFloatingActionButton()V	-1	-1	android.view.View.setAlpha(F)V	android.view.View.setVisibility(I)V	SDK_INT <= 10	BackwardImprovement	"If you want to support older versions (<= 10), add a check and handle using these APIs: android.view.View.setVisibility(I)V"	0.0
