app	version	sdk_min	sdk_trg	method	fromLine	toLine	apis	alternative	ruleCheck	warning	message	confidence
com.dsbeckham.nasaimageryfetcher	1.1	19	25	com.dsbeckham.nasaimageryfetcher.fragment.InformationFragment$3.onScrollChange(Landroid/support/v4/widget/NestedScrollView;IIII)V	-1	-1	android.view.View.setBackground(Landroid/graphics/drawable/Drawable;)V	android.view.View.setBackgroundDrawable(Landroid/graphics/drawable/Drawable;)V	SDK_INT <= 15	BackwardImprovement	"If you want to support older versions (<= 15), add a check and handle using these APIs: android.view.View.setBackgroundDrawable(Landroid/graphics/drawable/Drawable;)V"	0.0
com.dsbeckham.nasaimageryfetcher	1.1	19	25	com.dsbeckham.nasaimageryfetcher.util.UiUtils$DepthPageTransformer.transformPage(Landroid/view/View;F)V	-1	-1	android.view.View.setScaleY(F)V		SDK_INT <= 10	BackwardImprovement	"If you want to support older versions (<= 10), add a check and handle using these APIs: "	0.0
com.dsbeckham.nasaimageryfetcher	1.1	19	25	com.dsbeckham.nasaimageryfetcher.util.UiUtils$DepthPageTransformer.transformPage(Landroid/view/View;F)V	-1	-1	android.view.View.setAlpha(F)V	android.view.View.setVisibility(I)V	SDK_INT <= 10	BackwardImprovement	"If you want to support older versions (<= 10), add a check and handle using these APIs: android.view.View.setVisibility(I)V"	0.0
com.dsbeckham.nasaimageryfetcher	1.1	19	25	com.dsbeckham.nasaimageryfetcher.util.UiUtils$DepthPageTransformer.transformPage(Landroid/view/View;F)V	-1	-1	android.view.View.setAlpha(F)V	android.view.View.setVisibility(I)V	SDK_INT <= 10	BackwardImprovement	"If you want to support older versions (<= 10), add a check and handle using these APIs: android.view.View.setVisibility(I)V"	0.0
com.dsbeckham.nasaimageryfetcher	1.1	19	25	com.dsbeckham.nasaimageryfetcher.util.UiUtils$DepthPageTransformer.transformPage(Landroid/view/View;F)V	-1	-1	android.view.View.setScaleY(F)V		SDK_INT <= 10	BackwardImprovement	"If you want to support older versions (<= 10), add a check and handle using these APIs: "	0.0
