app	version	sdk_min	sdk_trg	method	fromLine	toLine	apis	alternative	ruleCheck	warning	message	confidence
eu.faircode.netguard	2.288	22	30	androidx.core.widget.o.e(Landroid/content/pm/ResolveInfo;Landroid/content/Context;)Z	-1	-1	android.content.Context.checkSelfPermission(Ljava/lang/String;)I		SDK_INT <= 22	BackwardCriticalBug	"[Critical] The APIs you are using must be used only in new Android versions (SDK_INT <= 22). Check the Android version before using them. "	0.0
eu.faircode.netguard	2.288	22	30	eu.faircode.netguard.AdapterAccess.bindView(Landroid/view/View;Landroid/content/Context;Landroid/database/Cursor;)V	-1	-1	android.os.AsyncTask.execute([Ljava/lang/Object;)Landroid/os/AsyncTask;	android.os.AsyncTask.executeOnExecutor(Ljava/util/concurrent/Executor;[Ljava/lang/Object;)Landroid/os/AsyncTask;	SDK_INT <= -1	ForwardImprovement	"[Info] You should use alternative APIs, since you do not support old Android versions (SDK_INT <= -1). Please, use: android.os.AsyncTask.executeOnExecutor(Ljava/util/concurrent/Executor;[Ljava/lang/Object;)Landroid/os/AsyncTask;."	0.0
eu.faircode.netguard	2.288	22	30	eu.faircode.netguard.AdapterLog.bindView(Landroid/view/View;Landroid/content/Context;Landroid/database/Cursor;)V	-1	-1	android.os.AsyncTask.execute([Ljava/lang/Object;)Landroid/os/AsyncTask;	android.os.AsyncTask.executeOnExecutor(Ljava/util/concurrent/Executor;[Ljava/lang/Object;)Landroid/os/AsyncTask;	SDK_INT <= -1	ForwardImprovement	"[Info] You should use alternative APIs, since you do not support old Android versions (SDK_INT <= -1). Please, use: android.os.AsyncTask.executeOnExecutor(Ljava/util/concurrent/Executor;[Ljava/lang/Object;)Landroid/os/AsyncTask;."	0.0
eu.faircode.netguard	2.288	22	30	eu.faircode.netguard.AdapterLog.bindView(Landroid/view/View;Landroid/content/Context;Landroid/database/Cursor;)V	-1	-1	android.os.AsyncTask.execute([Ljava/lang/Object;)Landroid/os/AsyncTask;	android.os.AsyncTask.executeOnExecutor(Ljava/util/concurrent/Executor;[Ljava/lang/Object;)Landroid/os/AsyncTask;	SDK_INT <= -1	ForwardImprovement	"[Info] You should use alternative APIs, since you do not support old Android versions (SDK_INT <= -1). Please, use: android.os.AsyncTask.executeOnExecutor(Ljava/util/concurrent/Executor;[Ljava/lang/Object;)Landroid/os/AsyncTask;."	0.0
eu.faircode.netguard	2.288	22	30	eu.faircode.netguard.AdapterRule$15$1.onMenuItemClick(Landroid/view/MenuItem;)Z	-1	-1	android.os.AsyncTask.execute([Ljava/lang/Object;)Landroid/os/AsyncTask;	android.os.AsyncTask.executeOnExecutor(Ljava/util/concurrent/Executor;[Ljava/lang/Object;)Landroid/os/AsyncTask;	SDK_INT <= -1	ForwardImprovement	"[Info] You should use alternative APIs, since you do not support old Android versions (SDK_INT <= -1). Please, use: android.os.AsyncTask.executeOnExecutor(Ljava/util/concurrent/Executor;[Ljava/lang/Object;)Landroid/os/AsyncTask;."	0.0
eu.faircode.netguard	2.288	22	30	eu.faircode.netguard.ServiceSinkhole$3.onReceive(Landroid/content/Context;Landroid/content/Intent;)V	-1	-1	android.util.Log.i(Ljava/lang/String;Ljava/lang/String;)I	android.webkit.WebView.addJavascriptInterface(Ljava/lang/Object;Ljava/lang/String;)V	SDK_INT <= 16	ForwardImprovement	"[Info] You should use alternative APIs, since you do not support old Android versions (SDK_INT <= 16). Please, use: android.webkit.WebView.addJavascriptInterface(Ljava/lang/Object;Ljava/lang/String;)V."	0.0
eu.faircode.netguard	2.288	22	30	eu.faircode.netguard.ServiceSinkhole$3.onReceive(Landroid/content/Context;Landroid/content/Intent;)V	-1	-1	android.util.Log.i(Ljava/lang/String;Ljava/lang/String;)I	android.webkit.WebView.addJavascriptInterface(Ljava/lang/Object;Ljava/lang/String;)V	SDK_INT <= 16	ForwardImprovement	"[Info] You should use alternative APIs, since you do not support old Android versions (SDK_INT <= 16). Please, use: android.webkit.WebView.addJavascriptInterface(Ljava/lang/Object;Ljava/lang/String;)V."	0.0
eu.faircode.netguard	2.288	22	30	eu.faircode.netguard.ServiceSinkhole$4.onReceive(Landroid/content/Context;Landroid/content/Intent;)V	-1	-1	android.util.Log.i(Ljava/lang/String;Ljava/lang/String;)I	android.util.Log.w(Ljava/lang/String;Ljava/lang/String;)I&android.content.pm.PackageManager.getPackageInfo(Ljava/lang/String;I)Landroid/content/pm/PackageInfo;&android.content.Context.getPackageName()Ljava/lang/String;&android.content.Context.getPackageManager()Landroid/content/pm/PackageManager;&android.util.Log.e(Ljava/lang/String;Ljava/lang/String;Ljava/lang/Throwable;)I	SDK_INT <= 22	ForwardImprovement	"[Info] You should use these APIs differently in newer Android releases (SDK_INT > 22). Add a check and handle with: android.util.Log.w(Ljava/lang/String;Ljava/lang/String;)I --- android.content.pm.PackageManager.getPackageInfo(Ljava/lang/String;I)Landroid/content/pm/PackageInfo; --- android.content.Context.getPackageName()Ljava/lang/String; --- android.content.Context.getPackageManager()Landroid/content/pm/PackageManager; --- android.util.Log.e(Ljava/lang/String;Ljava/lang/String;Ljava/lang/Throwable;)I."	0.0
eu.faircode.netguard	2.288	22	30	eu.faircode.netguard.ServiceSinkhole$4.onReceive(Landroid/content/Context;Landroid/content/Intent;)V	-1	-1	android.util.Log.i(Ljava/lang/String;Ljava/lang/String;)I	android.webkit.WebView.addJavascriptInterface(Ljava/lang/Object;Ljava/lang/String;)V	SDK_INT <= 16	ForwardImprovement	"[Info] You should use alternative APIs, since you do not support old Android versions (SDK_INT <= 16). Please, use: android.webkit.WebView.addJavascriptInterface(Ljava/lang/Object;Ljava/lang/String;)V."	0.0
eu.faircode.netguard	2.288	22	30	eu.faircode.netguard.ServiceSinkhole$4.onReceive(Landroid/content/Context;Landroid/content/Intent;)V	-1	-1	android.util.Log.i(Ljava/lang/String;Ljava/lang/String;)I	android.util.Log.w(Ljava/lang/String;Ljava/lang/String;)I&android.content.pm.PackageManager.getPackageInfo(Ljava/lang/String;I)Landroid/content/pm/PackageInfo;&android.content.Context.getPackageName()Ljava/lang/String;&android.content.Context.getPackageManager()Landroid/content/pm/PackageManager;&android.util.Log.e(Ljava/lang/String;Ljava/lang/String;Ljava/lang/Throwable;)I	SDK_INT <= 22	ForwardImprovement	"[Info] You should use these APIs differently in newer Android releases (SDK_INT > 22). Add a check and handle with: android.util.Log.w(Ljava/lang/String;Ljava/lang/String;)I --- android.content.pm.PackageManager.getPackageInfo(Ljava/lang/String;I)Landroid/content/pm/PackageInfo; --- android.content.Context.getPackageName()Ljava/lang/String; --- android.content.Context.getPackageManager()Landroid/content/pm/PackageManager; --- android.util.Log.e(Ljava/lang/String;Ljava/lang/String;Ljava/lang/Throwable;)I."	0.0
eu.faircode.netguard	2.288	22	30	eu.faircode.netguard.ServiceSinkhole$4.onReceive(Landroid/content/Context;Landroid/content/Intent;)V	-1	-1	android.util.Log.i(Ljava/lang/String;Ljava/lang/String;)I	android.webkit.WebView.addJavascriptInterface(Ljava/lang/Object;Ljava/lang/String;)V	SDK_INT <= 16	ForwardImprovement	"[Info] You should use alternative APIs, since you do not support old Android versions (SDK_INT <= 16). Please, use: android.webkit.WebView.addJavascriptInterface(Ljava/lang/Object;Ljava/lang/String;)V."	0.0
eu.faircode.netguard	2.288	22	30	eu.faircode.netguard.ServiceSinkhole.getUidQ(IILjava/lang/String;ILjava/lang/String;I)I	-1	-1	android.util.Log.i(Ljava/lang/String;Ljava/lang/String;)I	android.util.Log.w(Ljava/lang/String;Ljava/lang/String;)I&android.content.pm.PackageManager.getPackageInfo(Ljava/lang/String;I)Landroid/content/pm/PackageInfo;&android.content.Context.getPackageName()Ljava/lang/String;&android.content.Context.getPackageManager()Landroid/content/pm/PackageManager;&android.util.Log.e(Ljava/lang/String;Ljava/lang/String;Ljava/lang/Throwable;)I	SDK_INT <= 22	ForwardImprovement	"[Info] You should use these APIs differently in newer Android releases (SDK_INT > 22). Add a check and handle with: android.util.Log.w(Ljava/lang/String;Ljava/lang/String;)I --- android.content.pm.PackageManager.getPackageInfo(Ljava/lang/String;I)Landroid/content/pm/PackageInfo; --- android.content.Context.getPackageName()Ljava/lang/String; --- android.content.Context.getPackageManager()Landroid/content/pm/PackageManager; --- android.util.Log.e(Ljava/lang/String;Ljava/lang/String;Ljava/lang/Throwable;)I."	0.0
eu.faircode.netguard	2.288	22	30	eu.faircode.netguard.ServiceSinkhole.getUidQ(IILjava/lang/String;ILjava/lang/String;I)I	-1	-1	android.util.Log.i(Ljava/lang/String;Ljava/lang/String;)I	android.webkit.WebView.addJavascriptInterface(Ljava/lang/Object;Ljava/lang/String;)V	SDK_INT <= 16	ForwardImprovement	"[Info] You should use alternative APIs, since you do not support old Android versions (SDK_INT <= 16). Please, use: android.webkit.WebView.addJavascriptInterface(Ljava/lang/Object;Ljava/lang/String;)V."	0.0
eu.faircode.netguard	2.288	22	30	eu.faircode.netguard.ServiceSinkhole.getUidQ(IILjava/lang/String;ILjava/lang/String;I)I	-1	-1	android.util.Log.i(Ljava/lang/String;Ljava/lang/String;)I	android.util.Log.w(Ljava/lang/String;Ljava/lang/String;)I&android.content.pm.PackageManager.getPackageInfo(Ljava/lang/String;I)Landroid/content/pm/PackageInfo;&android.content.Context.getPackageName()Ljava/lang/String;&android.content.Context.getPackageManager()Landroid/content/pm/PackageManager;&android.util.Log.e(Ljava/lang/String;Ljava/lang/String;Ljava/lang/Throwable;)I	SDK_INT <= 22	ForwardImprovement	"[Info] You should use these APIs differently in newer Android releases (SDK_INT > 22). Add a check and handle with: android.util.Log.w(Ljava/lang/String;Ljava/lang/String;)I --- android.content.pm.PackageManager.getPackageInfo(Ljava/lang/String;I)Landroid/content/pm/PackageInfo; --- android.content.Context.getPackageName()Ljava/lang/String; --- android.content.Context.getPackageManager()Landroid/content/pm/PackageManager; --- android.util.Log.e(Ljava/lang/String;Ljava/lang/String;Ljava/lang/Throwable;)I."	0.0
eu.faircode.netguard	2.288	22	30	eu.faircode.netguard.ServiceSinkhole.getUidQ(IILjava/lang/String;ILjava/lang/String;I)I	-1	-1	android.util.Log.i(Ljava/lang/String;Ljava/lang/String;)I	android.webkit.WebView.addJavascriptInterface(Ljava/lang/Object;Ljava/lang/String;)V	SDK_INT <= 16	ForwardImprovement	"[Info] You should use alternative APIs, since you do not support old Android versions (SDK_INT <= 16). Please, use: android.webkit.WebView.addJavascriptInterface(Ljava/lang/Object;Ljava/lang/String;)V."	0.0
eu.faircode.netguard	2.288	22	30	eu.faircode.netguard.ServiceSinkhole.listenNetworkChanges()V	-1	-1	android.util.Log.i(Ljava/lang/String;Ljava/lang/String;)I	android.webkit.WebView.addJavascriptInterface(Ljava/lang/Object;Ljava/lang/String;)V	SDK_INT <= 16	ForwardImprovement	"[Info] You should use alternative APIs, since you do not support old Android versions (SDK_INT <= 16). Please, use: android.webkit.WebView.addJavascriptInterface(Ljava/lang/Object;Ljava/lang/String;)V."	0.0
eu.faircode.netguard	2.288	22	30	eu.faircode.netguard.ServiceTileFilter.onClick()V	-1	-1	android.util.Log.i(Ljava/lang/String;Ljava/lang/String;)I	android.util.Log.w(Ljava/lang/String;Ljava/lang/String;)I&android.content.pm.PackageManager.getPackageInfo(Ljava/lang/String;I)Landroid/content/pm/PackageInfo;&android.content.Context.getPackageName()Ljava/lang/String;&android.content.Context.getPackageManager()Landroid/content/pm/PackageManager;&android.util.Log.e(Ljava/lang/String;Ljava/lang/String;Ljava/lang/Throwable;)I	SDK_INT <= 22	ForwardImprovement	"[Info] You should use these APIs differently in newer Android releases (SDK_INT > 22). Add a check and handle with: android.util.Log.w(Ljava/lang/String;Ljava/lang/String;)I --- android.content.pm.PackageManager.getPackageInfo(Ljava/lang/String;I)Landroid/content/pm/PackageInfo; --- android.content.Context.getPackageName()Ljava/lang/String; --- android.content.Context.getPackageManager()Landroid/content/pm/PackageManager; --- android.util.Log.e(Ljava/lang/String;Ljava/lang/String;Ljava/lang/Throwable;)I."	0.0
eu.faircode.netguard	2.288	22	30	eu.faircode.netguard.ServiceTileFilter.onClick()V	-1	-1	android.util.Log.i(Ljava/lang/String;Ljava/lang/String;)I	android.webkit.WebView.addJavascriptInterface(Ljava/lang/Object;Ljava/lang/String;)V	SDK_INT <= 16	ForwardImprovement	"[Info] You should use alternative APIs, since you do not support old Android versions (SDK_INT <= 16). Please, use: android.webkit.WebView.addJavascriptInterface(Ljava/lang/Object;Ljava/lang/String;)V."	0.0
eu.faircode.netguard	2.288	22	30	eu.faircode.netguard.ServiceTileFilter.onStartListening()V	-1	-1	android.util.Log.i(Ljava/lang/String;Ljava/lang/String;)I	android.util.Log.w(Ljava/lang/String;Ljava/lang/String;)I&android.content.pm.PackageManager.getPackageInfo(Ljava/lang/String;I)Landroid/content/pm/PackageInfo;&android.content.Context.getPackageName()Ljava/lang/String;&android.content.Context.getPackageManager()Landroid/content/pm/PackageManager;&android.util.Log.e(Ljava/lang/String;Ljava/lang/String;Ljava/lang/Throwable;)I	SDK_INT <= 22	ForwardImprovement	"[Info] You should use these APIs differently in newer Android releases (SDK_INT > 22). Add a check and handle with: android.util.Log.w(Ljava/lang/String;Ljava/lang/String;)I --- android.content.pm.PackageManager.getPackageInfo(Ljava/lang/String;I)Landroid/content/pm/PackageInfo; --- android.content.Context.getPackageName()Ljava/lang/String; --- android.content.Context.getPackageManager()Landroid/content/pm/PackageManager; --- android.util.Log.e(Ljava/lang/String;Ljava/lang/String;Ljava/lang/Throwable;)I."	0.0
eu.faircode.netguard	2.288	22	30	eu.faircode.netguard.ServiceTileFilter.onStartListening()V	-1	-1	android.util.Log.i(Ljava/lang/String;Ljava/lang/String;)I	android.webkit.WebView.addJavascriptInterface(Ljava/lang/Object;Ljava/lang/String;)V	SDK_INT <= 16	ForwardImprovement	"[Info] You should use alternative APIs, since you do not support old Android versions (SDK_INT <= 16). Please, use: android.webkit.WebView.addJavascriptInterface(Ljava/lang/Object;Ljava/lang/String;)V."	0.0
eu.faircode.netguard	2.288	22	30	eu.faircode.netguard.ServiceTileFilter.onStopListening()V	-1	-1	android.util.Log.i(Ljava/lang/String;Ljava/lang/String;)I	android.util.Log.w(Ljava/lang/String;Ljava/lang/String;)I&android.content.pm.PackageManager.getPackageInfo(Ljava/lang/String;I)Landroid/content/pm/PackageInfo;&android.content.Context.getPackageName()Ljava/lang/String;&android.content.Context.getPackageManager()Landroid/content/pm/PackageManager;&android.util.Log.e(Ljava/lang/String;Ljava/lang/String;Ljava/lang/Throwable;)I	SDK_INT <= 22	ForwardImprovement	"[Info] You should use these APIs differently in newer Android releases (SDK_INT > 22). Add a check and handle with: android.util.Log.w(Ljava/lang/String;Ljava/lang/String;)I --- android.content.pm.PackageManager.getPackageInfo(Ljava/lang/String;I)Landroid/content/pm/PackageInfo; --- android.content.Context.getPackageName()Ljava/lang/String; --- android.content.Context.getPackageManager()Landroid/content/pm/PackageManager; --- android.util.Log.e(Ljava/lang/String;Ljava/lang/String;Ljava/lang/Throwable;)I."	0.0
eu.faircode.netguard	2.288	22	30	eu.faircode.netguard.ServiceTileFilter.onStopListening()V	-1	-1	android.util.Log.i(Ljava/lang/String;Ljava/lang/String;)I	android.webkit.WebView.addJavascriptInterface(Ljava/lang/Object;Ljava/lang/String;)V	SDK_INT <= 16	ForwardImprovement	"[Info] You should use alternative APIs, since you do not support old Android versions (SDK_INT <= 16). Please, use: android.webkit.WebView.addJavascriptInterface(Ljava/lang/Object;Ljava/lang/String;)V."	0.0
eu.faircode.netguard	2.288	22	30	eu.faircode.netguard.ServiceTileGraph.onClick()V	-1	-1	android.util.Log.i(Ljava/lang/String;Ljava/lang/String;)I	android.util.Log.w(Ljava/lang/String;Ljava/lang/String;)I&android.content.pm.PackageManager.getPackageInfo(Ljava/lang/String;I)Landroid/content/pm/PackageInfo;&android.content.Context.getPackageName()Ljava/lang/String;&android.content.Context.getPackageManager()Landroid/content/pm/PackageManager;&android.util.Log.e(Ljava/lang/String;Ljava/lang/String;Ljava/lang/Throwable;)I	SDK_INT <= 22	ForwardImprovement	"[Info] You should use these APIs differently in newer Android releases (SDK_INT > 22). Add a check and handle with: android.util.Log.w(Ljava/lang/String;Ljava/lang/String;)I --- android.content.pm.PackageManager.getPackageInfo(Ljava/lang/String;I)Landroid/content/pm/PackageInfo; --- android.content.Context.getPackageName()Ljava/lang/String; --- android.content.Context.getPackageManager()Landroid/content/pm/PackageManager; --- android.util.Log.e(Ljava/lang/String;Ljava/lang/String;Ljava/lang/Throwable;)I."	0.0
eu.faircode.netguard	2.288	22	30	eu.faircode.netguard.ServiceTileGraph.onClick()V	-1	-1	android.util.Log.i(Ljava/lang/String;Ljava/lang/String;)I	android.webkit.WebView.addJavascriptInterface(Ljava/lang/Object;Ljava/lang/String;)V	SDK_INT <= 16	ForwardImprovement	"[Info] You should use alternative APIs, since you do not support old Android versions (SDK_INT <= 16). Please, use: android.webkit.WebView.addJavascriptInterface(Ljava/lang/Object;Ljava/lang/String;)V."	0.0
eu.faircode.netguard	2.288	22	30	eu.faircode.netguard.ServiceTileGraph.onStartListening()V	-1	-1	android.util.Log.i(Ljava/lang/String;Ljava/lang/String;)I	android.util.Log.w(Ljava/lang/String;Ljava/lang/String;)I&android.content.pm.PackageManager.getPackageInfo(Ljava/lang/String;I)Landroid/content/pm/PackageInfo;&android.content.Context.getPackageName()Ljava/lang/String;&android.content.Context.getPackageManager()Landroid/content/pm/PackageManager;&android.util.Log.e(Ljava/lang/String;Ljava/lang/String;Ljava/lang/Throwable;)I	SDK_INT <= 22	ForwardImprovement	"[Info] You should use these APIs differently in newer Android releases (SDK_INT > 22). Add a check and handle with: android.util.Log.w(Ljava/lang/String;Ljava/lang/String;)I --- android.content.pm.PackageManager.getPackageInfo(Ljava/lang/String;I)Landroid/content/pm/PackageInfo; --- android.content.Context.getPackageName()Ljava/lang/String; --- android.content.Context.getPackageManager()Landroid/content/pm/PackageManager; --- android.util.Log.e(Ljava/lang/String;Ljava/lang/String;Ljava/lang/Throwable;)I."	0.0
eu.faircode.netguard	2.288	22	30	eu.faircode.netguard.ServiceTileGraph.onStartListening()V	-1	-1	android.util.Log.i(Ljava/lang/String;Ljava/lang/String;)I	android.webkit.WebView.addJavascriptInterface(Ljava/lang/Object;Ljava/lang/String;)V	SDK_INT <= 16	ForwardImprovement	"[Info] You should use alternative APIs, since you do not support old Android versions (SDK_INT <= 16). Please, use: android.webkit.WebView.addJavascriptInterface(Ljava/lang/Object;Ljava/lang/String;)V."	0.0
eu.faircode.netguard	2.288	22	30	eu.faircode.netguard.ServiceTileGraph.onStopListening()V	-1	-1	android.util.Log.i(Ljava/lang/String;Ljava/lang/String;)I	android.util.Log.w(Ljava/lang/String;Ljava/lang/String;)I&android.content.pm.PackageManager.getPackageInfo(Ljava/lang/String;I)Landroid/content/pm/PackageInfo;&android.content.Context.getPackageName()Ljava/lang/String;&android.content.Context.getPackageManager()Landroid/content/pm/PackageManager;&android.util.Log.e(Ljava/lang/String;Ljava/lang/String;Ljava/lang/Throwable;)I	SDK_INT <= 22	ForwardImprovement	"[Info] You should use these APIs differently in newer Android releases (SDK_INT > 22). Add a check and handle with: android.util.Log.w(Ljava/lang/String;Ljava/lang/String;)I --- android.content.pm.PackageManager.getPackageInfo(Ljava/lang/String;I)Landroid/content/pm/PackageInfo; --- android.content.Context.getPackageName()Ljava/lang/String; --- android.content.Context.getPackageManager()Landroid/content/pm/PackageManager; --- android.util.Log.e(Ljava/lang/String;Ljava/lang/String;Ljava/lang/Throwable;)I."	0.0
eu.faircode.netguard	2.288	22	30	eu.faircode.netguard.ServiceTileGraph.onStopListening()V	-1	-1	android.util.Log.i(Ljava/lang/String;Ljava/lang/String;)I	android.webkit.WebView.addJavascriptInterface(Ljava/lang/Object;Ljava/lang/String;)V	SDK_INT <= 16	ForwardImprovement	"[Info] You should use alternative APIs, since you do not support old Android versions (SDK_INT <= 16). Please, use: android.webkit.WebView.addJavascriptInterface(Ljava/lang/Object;Ljava/lang/String;)V."	0.0
eu.faircode.netguard	2.288	22	30	eu.faircode.netguard.ServiceTileLockdown.onClick()V	-1	-1	android.util.Log.i(Ljava/lang/String;Ljava/lang/String;)I	android.util.Log.w(Ljava/lang/String;Ljava/lang/String;)I&android.content.pm.PackageManager.getPackageInfo(Ljava/lang/String;I)Landroid/content/pm/PackageInfo;&android.content.Context.getPackageName()Ljava/lang/String;&android.content.Context.getPackageManager()Landroid/content/pm/PackageManager;&android.util.Log.e(Ljava/lang/String;Ljava/lang/String;Ljava/lang/Throwable;)I	SDK_INT <= 22	ForwardImprovement	"[Info] You should use these APIs differently in newer Android releases (SDK_INT > 22). Add a check and handle with: android.util.Log.w(Ljava/lang/String;Ljava/lang/String;)I --- android.content.pm.PackageManager.getPackageInfo(Ljava/lang/String;I)Landroid/content/pm/PackageInfo; --- android.content.Context.getPackageName()Ljava/lang/String; --- android.content.Context.getPackageManager()Landroid/content/pm/PackageManager; --- android.util.Log.e(Ljava/lang/String;Ljava/lang/String;Ljava/lang/Throwable;)I."	0.0
eu.faircode.netguard	2.288	22	30	eu.faircode.netguard.ServiceTileLockdown.onClick()V	-1	-1	android.util.Log.i(Ljava/lang/String;Ljava/lang/String;)I	android.webkit.WebView.addJavascriptInterface(Ljava/lang/Object;Ljava/lang/String;)V	SDK_INT <= 16	ForwardImprovement	"[Info] You should use alternative APIs, since you do not support old Android versions (SDK_INT <= 16). Please, use: android.webkit.WebView.addJavascriptInterface(Ljava/lang/Object;Ljava/lang/String;)V."	0.0
eu.faircode.netguard	2.288	22	30	eu.faircode.netguard.ServiceTileLockdown.onStartListening()V	-1	-1	android.util.Log.i(Ljava/lang/String;Ljava/lang/String;)I	android.util.Log.w(Ljava/lang/String;Ljava/lang/String;)I&android.content.pm.PackageManager.getPackageInfo(Ljava/lang/String;I)Landroid/content/pm/PackageInfo;&android.content.Context.getPackageName()Ljava/lang/String;&android.content.Context.getPackageManager()Landroid/content/pm/PackageManager;&android.util.Log.e(Ljava/lang/String;Ljava/lang/String;Ljava/lang/Throwable;)I	SDK_INT <= 22	ForwardImprovement	"[Info] You should use these APIs differently in newer Android releases (SDK_INT > 22). Add a check and handle with: android.util.Log.w(Ljava/lang/String;Ljava/lang/String;)I --- android.content.pm.PackageManager.getPackageInfo(Ljava/lang/String;I)Landroid/content/pm/PackageInfo; --- android.content.Context.getPackageName()Ljava/lang/String; --- android.content.Context.getPackageManager()Landroid/content/pm/PackageManager; --- android.util.Log.e(Ljava/lang/String;Ljava/lang/String;Ljava/lang/Throwable;)I."	0.0
eu.faircode.netguard	2.288	22	30	eu.faircode.netguard.ServiceTileLockdown.onStartListening()V	-1	-1	android.util.Log.i(Ljava/lang/String;Ljava/lang/String;)I	android.webkit.WebView.addJavascriptInterface(Ljava/lang/Object;Ljava/lang/String;)V	SDK_INT <= 16	ForwardImprovement	"[Info] You should use alternative APIs, since you do not support old Android versions (SDK_INT <= 16). Please, use: android.webkit.WebView.addJavascriptInterface(Ljava/lang/Object;Ljava/lang/String;)V."	0.0
eu.faircode.netguard	2.288	22	30	eu.faircode.netguard.ServiceTileLockdown.onStopListening()V	-1	-1	android.util.Log.i(Ljava/lang/String;Ljava/lang/String;)I	android.util.Log.w(Ljava/lang/String;Ljava/lang/String;)I&android.content.pm.PackageManager.getPackageInfo(Ljava/lang/String;I)Landroid/content/pm/PackageInfo;&android.content.Context.getPackageName()Ljava/lang/String;&android.content.Context.getPackageManager()Landroid/content/pm/PackageManager;&android.util.Log.e(Ljava/lang/String;Ljava/lang/String;Ljava/lang/Throwable;)I	SDK_INT <= 22	ForwardImprovement	"[Info] You should use these APIs differently in newer Android releases (SDK_INT > 22). Add a check and handle with: android.util.Log.w(Ljava/lang/String;Ljava/lang/String;)I --- android.content.pm.PackageManager.getPackageInfo(Ljava/lang/String;I)Landroid/content/pm/PackageInfo; --- android.content.Context.getPackageName()Ljava/lang/String; --- android.content.Context.getPackageManager()Landroid/content/pm/PackageManager; --- android.util.Log.e(Ljava/lang/String;Ljava/lang/String;Ljava/lang/Throwable;)I."	0.0
eu.faircode.netguard	2.288	22	30	eu.faircode.netguard.ServiceTileLockdown.onStopListening()V	-1	-1	android.util.Log.i(Ljava/lang/String;Ljava/lang/String;)I	android.webkit.WebView.addJavascriptInterface(Ljava/lang/Object;Ljava/lang/String;)V	SDK_INT <= 16	ForwardImprovement	"[Info] You should use alternative APIs, since you do not support old Android versions (SDK_INT <= 16). Please, use: android.webkit.WebView.addJavascriptInterface(Ljava/lang/Object;Ljava/lang/String;)V."	0.0
eu.faircode.netguard	2.288	22	30	eu.faircode.netguard.ServiceTileMain.onClick()V	-1	-1	android.util.Log.i(Ljava/lang/String;Ljava/lang/String;)I	android.util.Log.w(Ljava/lang/String;Ljava/lang/String;)I&android.content.pm.PackageManager.getPackageInfo(Ljava/lang/String;I)Landroid/content/pm/PackageInfo;&android.content.Context.getPackageName()Ljava/lang/String;&android.content.Context.getPackageManager()Landroid/content/pm/PackageManager;&android.util.Log.e(Ljava/lang/String;Ljava/lang/String;Ljava/lang/Throwable;)I	SDK_INT <= 22	ForwardImprovement	"[Info] You should use these APIs differently in newer Android releases (SDK_INT > 22). Add a check and handle with: android.util.Log.w(Ljava/lang/String;Ljava/lang/String;)I --- android.content.pm.PackageManager.getPackageInfo(Ljava/lang/String;I)Landroid/content/pm/PackageInfo; --- android.content.Context.getPackageName()Ljava/lang/String; --- android.content.Context.getPackageManager()Landroid/content/pm/PackageManager; --- android.util.Log.e(Ljava/lang/String;Ljava/lang/String;Ljava/lang/Throwable;)I."	0.0
eu.faircode.netguard	2.288	22	30	eu.faircode.netguard.ServiceTileMain.onClick()V	-1	-1	android.util.Log.i(Ljava/lang/String;Ljava/lang/String;)I	android.webkit.WebView.addJavascriptInterface(Ljava/lang/Object;Ljava/lang/String;)V	SDK_INT <= 16	ForwardImprovement	"[Info] You should use alternative APIs, since you do not support old Android versions (SDK_INT <= 16). Please, use: android.webkit.WebView.addJavascriptInterface(Ljava/lang/Object;Ljava/lang/String;)V."	0.0
eu.faircode.netguard	2.288	22	30	eu.faircode.netguard.ServiceTileMain.onClick()V	-1	-1	android.util.Log.i(Ljava/lang/String;Ljava/lang/String;)I	android.util.Log.w(Ljava/lang/String;Ljava/lang/String;)I&android.content.pm.PackageManager.getPackageInfo(Ljava/lang/String;I)Landroid/content/pm/PackageInfo;&android.content.Context.getPackageName()Ljava/lang/String;&android.content.Context.getPackageManager()Landroid/content/pm/PackageManager;&android.util.Log.e(Ljava/lang/String;Ljava/lang/String;Ljava/lang/Throwable;)I	SDK_INT <= 22	ForwardImprovement	"[Info] You should use these APIs differently in newer Android releases (SDK_INT > 22). Add a check and handle with: android.util.Log.w(Ljava/lang/String;Ljava/lang/String;)I --- android.content.pm.PackageManager.getPackageInfo(Ljava/lang/String;I)Landroid/content/pm/PackageInfo; --- android.content.Context.getPackageName()Ljava/lang/String; --- android.content.Context.getPackageManager()Landroid/content/pm/PackageManager; --- android.util.Log.e(Ljava/lang/String;Ljava/lang/String;Ljava/lang/Throwable;)I."	0.0
eu.faircode.netguard	2.288	22	30	eu.faircode.netguard.ServiceTileMain.onClick()V	-1	-1	android.util.Log.i(Ljava/lang/String;Ljava/lang/String;)I	android.webkit.WebView.addJavascriptInterface(Ljava/lang/Object;Ljava/lang/String;)V	SDK_INT <= 16	ForwardImprovement	"[Info] You should use alternative APIs, since you do not support old Android versions (SDK_INT <= 16). Please, use: android.webkit.WebView.addJavascriptInterface(Ljava/lang/Object;Ljava/lang/String;)V."	0.0
eu.faircode.netguard	2.288	22	30	eu.faircode.netguard.ServiceTileMain.onStartListening()V	-1	-1	android.util.Log.i(Ljava/lang/String;Ljava/lang/String;)I	android.util.Log.w(Ljava/lang/String;Ljava/lang/String;)I&android.content.pm.PackageManager.getPackageInfo(Ljava/lang/String;I)Landroid/content/pm/PackageInfo;&android.content.Context.getPackageName()Ljava/lang/String;&android.content.Context.getPackageManager()Landroid/content/pm/PackageManager;&android.util.Log.e(Ljava/lang/String;Ljava/lang/String;Ljava/lang/Throwable;)I	SDK_INT <= 22	ForwardImprovement	"[Info] You should use these APIs differently in newer Android releases (SDK_INT > 22). Add a check and handle with: android.util.Log.w(Ljava/lang/String;Ljava/lang/String;)I --- android.content.pm.PackageManager.getPackageInfo(Ljava/lang/String;I)Landroid/content/pm/PackageInfo; --- android.content.Context.getPackageName()Ljava/lang/String; --- android.content.Context.getPackageManager()Landroid/content/pm/PackageManager; --- android.util.Log.e(Ljava/lang/String;Ljava/lang/String;Ljava/lang/Throwable;)I."	0.0
eu.faircode.netguard	2.288	22	30	eu.faircode.netguard.ServiceTileMain.onStartListening()V	-1	-1	android.util.Log.i(Ljava/lang/String;Ljava/lang/String;)I	android.webkit.WebView.addJavascriptInterface(Ljava/lang/Object;Ljava/lang/String;)V	SDK_INT <= 16	ForwardImprovement	"[Info] You should use alternative APIs, since you do not support old Android versions (SDK_INT <= 16). Please, use: android.webkit.WebView.addJavascriptInterface(Ljava/lang/Object;Ljava/lang/String;)V."	0.0
eu.faircode.netguard	2.288	22	30	eu.faircode.netguard.ServiceTileMain.onStopListening()V	-1	-1	android.util.Log.i(Ljava/lang/String;Ljava/lang/String;)I	android.util.Log.w(Ljava/lang/String;Ljava/lang/String;)I&android.content.pm.PackageManager.getPackageInfo(Ljava/lang/String;I)Landroid/content/pm/PackageInfo;&android.content.Context.getPackageName()Ljava/lang/String;&android.content.Context.getPackageManager()Landroid/content/pm/PackageManager;&android.util.Log.e(Ljava/lang/String;Ljava/lang/String;Ljava/lang/Throwable;)I	SDK_INT <= 22	ForwardImprovement	"[Info] You should use these APIs differently in newer Android releases (SDK_INT > 22). Add a check and handle with: android.util.Log.w(Ljava/lang/String;Ljava/lang/String;)I --- android.content.pm.PackageManager.getPackageInfo(Ljava/lang/String;I)Landroid/content/pm/PackageInfo; --- android.content.Context.getPackageName()Ljava/lang/String; --- android.content.Context.getPackageManager()Landroid/content/pm/PackageManager; --- android.util.Log.e(Ljava/lang/String;Ljava/lang/String;Ljava/lang/Throwable;)I."	0.0
eu.faircode.netguard	2.288	22	30	eu.faircode.netguard.ServiceTileMain.onStopListening()V	-1	-1	android.util.Log.i(Ljava/lang/String;Ljava/lang/String;)I	android.webkit.WebView.addJavascriptInterface(Ljava/lang/Object;Ljava/lang/String;)V	SDK_INT <= 16	ForwardImprovement	"[Info] You should use alternative APIs, since you do not support old Android versions (SDK_INT <= 16). Please, use: android.webkit.WebView.addJavascriptInterface(Ljava/lang/Object;Ljava/lang/String;)V."	0.0
eu.faircode.netguard	2.288	22	30	eu.faircode.netguard.ActivitySettings.onSharedPreferenceChanged(Landroid/content/SharedPreferences;Ljava/lang/String;)V	-1	-1	android.util.Log.w(Ljava/lang/String;Ljava/lang/String;)I	android.os.PersistableBundle.<init>()V&android.app.job.JobScheduler.schedule(Landroid/app/job/JobInfo;)I&android.app.job.JobInfo$Builder.build()Landroid/app/job/JobInfo;&android.app.job.JobScheduler.getAllPendingJobs()Ljava/util/List;&android.app.job.JobInfo$Builder.<init>(ILandroid/content/ComponentName;)V&android.content.Context.getSystemService(Ljava/lang/String;)Ljava/lang/Object;&android.util.Log.i(Ljava/lang/String;Ljava/lang/String;)I&android.os.BaseBundle.putString(Ljava/lang/String;Ljava/lang/String;)V&android.app.job.JobInfo$Builder.setPeriodic(J)Landroid/app/job/JobInfo$Builder;&android.app.job.JobInfo$Builder.setRequiresCharging(Z)Landroid/app/job/JobInfo$Builder;&android.content.ComponentName.<init>(Landroid/content/Context;Ljava/lang/Class;)V&android.app.job.JobInfo.getId()I&android.app.job.JobInfo$Builder.setExtras(Landroid/os/PersistableBundle;)Landroid/app/job/JobInfo$Builder;&android.content.Context.getApplicationContext()Landroid/content/Context;&android.util.Log.wtf(Ljava/lang/String;Ljava/lang/String;)I&android.app.job.JobInfo$Builder.setRequiresDeviceIdle(Z)Landroid/app/job/JobInfo$Builder;&android.app.job.JobInfo$Builder.setPersisted(Z)Landroid/app/job/JobInfo$Builder;&android.app.job.JobInfo$Builder.setRequiredNetworkType(I)Landroid/app/job/JobInfo$Builder;	SDK_INT <= 20	ForwardImprovement	"[Info] You should use alternative APIs, since you do not support old Android versions (SDK_INT <= 20). Please, use: android.os.PersistableBundle.<init>()V --- android.app.job.JobScheduler.schedule(Landroid/app/job/JobInfo;)I --- android.app.job.JobInfo$Builder.build()Landroid/app/job/JobInfo; --- android.app.job.JobScheduler.getAllPendingJobs()Ljava/util/List; --- android.app.job.JobInfo$Builder.<init>(ILandroid/content/ComponentName;)V --- android.content.Context.getSystemService(Ljava/lang/String;)Ljava/lang/Object; --- android.util.Log.i(Ljava/lang/String;Ljava/lang/String;)I --- android.os.BaseBundle.putString(Ljava/lang/String;Ljava/lang/String;)V --- android.app.job.JobInfo$Builder.setPeriodic(J)Landroid/app/job/JobInfo$Builder; --- android.app.job.JobInfo$Builder.setRequiresCharging(Z)Landroid/app/job/JobInfo$Builder; --- android.content.ComponentName.<init>(Landroid/content/Context;Ljava/lang/Class;)V --- android.app.job.JobInfo.getId()I --- android.app.job.JobInfo$Builder.setExtras(Landroid/os/PersistableBundle;)Landroid/app/job/JobInfo$Builder; --- android.content.Context.getApplicationContext()Landroid/content/Context; --- android.util.Log.wtf(Ljava/lang/String;Ljava/lang/String;)I --- android.app.job.JobInfo$Builder.setRequiresDeviceIdle(Z)Landroid/app/job/JobInfo$Builder; --- android.app.job.JobInfo$Builder.setPersisted(Z)Landroid/app/job/JobInfo$Builder; --- android.app.job.JobInfo$Builder.setRequiredNetworkType(I)Landroid/app/job/JobInfo$Builder;."	0.0
eu.faircode.netguard	2.288	22	30	eu.faircode.netguard.ActivitySettings.onSharedPreferenceChanged(Landroid/content/SharedPreferences;Ljava/lang/String;)V	-1	-1	android.util.Log.w(Ljava/lang/String;Ljava/lang/String;)I		SDK_INT <= 20	ForwardImprovement	"[Info] You should not use these APIs, which are commonly used in old Android versions which you do not support (SDK_INT <= 20)."	0.0
eu.faircode.netguard	2.288	22	30	a.e.j.A.L(Landroid/view/View;Landroid/graphics/drawable/Drawable;)V	-1	-1	android.view.View.setBackground(Landroid/graphics/drawable/Drawable;)V	android.view.View.setBackgroundDrawable(Landroid/graphics/drawable/Drawable;)V	SDK_INT <= 15	BackwardImprovement	"If you want to support older versions (<= 15), add a check and handle using these APIs: android.view.View.setBackgroundDrawable(Landroid/graphics/drawable/Drawable;)V"	0.0
eu.faircode.netguard	2.288	22	30	androidx.appcompat.app.y.run()V	-1	-1	android.view.View.setAlpha(F)V	android.view.View.setVisibility(I)V	SDK_INT <= 10	BackwardImprovement	"If you want to support older versions (<= 10), add a check and handle using these APIs: android.view.View.setVisibility(I)V"	0.0
eu.faircode.netguard	2.288	22	30	androidx.appcompat.app.y.run()V	-1	-1	android.view.View.setAlpha(F)V	android.view.View.setVisibility(I)V	SDK_INT <= 10	BackwardImprovement	"If you want to support older versions (<= 10), add a check and handle using these APIs: android.view.View.setVisibility(I)V"	0.0
eu.faircode.netguard	2.288	22	30	androidx.appcompat.widget.AbsActionBarView.onHoverEvent(Landroid/view/MotionEvent;)Z	-1	-1	android.view.MotionEvent.getActionMasked()I	android.view.MotionEvent.getAction()I	SDK_INT <= 7	BackwardImprovement	"If you want to support older versions (<= 7), add a check and handle using these APIs: android.view.MotionEvent.getAction()I"	0.0
eu.faircode.netguard	2.288	22	30	androidx.appcompat.widget.AbsActionBarView.onTouchEvent(Landroid/view/MotionEvent;)Z	-1	-1	android.view.MotionEvent.getActionMasked()I	android.view.MotionEvent.getAction()I	SDK_INT <= 7	BackwardImprovement	"If you want to support older versions (<= 7), add a check and handle using these APIs: android.view.MotionEvent.getAction()I"	0.0
eu.faircode.netguard	2.288	22	30	androidx.appcompat.widget.AbsActionBarView.setupAnimatorToVisibility(IJ)La/e/j/G;	-1	-1	android.view.View.setAlpha(F)V	android.view.View.setVisibility(I)V	SDK_INT <= 10	BackwardImprovement	"If you want to support older versions (<= 10), add a check and handle using these APIs: android.view.View.setVisibility(I)V"	0.0
eu.faircode.netguard	2.288	22	30	androidx.appcompat.widget.DropDownListView.onForwardedEvent(Landroid/view/MotionEvent;I)Z	-1	-1	android.view.MotionEvent.getActionMasked()I	android.view.MotionEvent.getAction()I	SDK_INT <= 7	BackwardImprovement	"If you want to support older versions (<= 7), add a check and handle using these APIs: android.view.MotionEvent.getAction()I"	0.0
eu.faircode.netguard	2.288	22	30	androidx.appcompat.widget.ForwardingListener.onTouchForwarded(Landroid/view/MotionEvent;)Z	-1	-1	android.view.MotionEvent.getActionMasked()I	android.view.MotionEvent.getAction()I	SDK_INT <= 7	BackwardImprovement	"If you want to support older versions (<= 7), add a check and handle using these APIs: android.view.MotionEvent.getAction()I"	0.0
eu.faircode.netguard	2.288	22	30	androidx.appcompat.widget.ForwardingListener.onTouchObserved(Landroid/view/MotionEvent;)Z	-1	-1	android.view.MotionEvent.getActionMasked()I	android.view.MotionEvent.getAction()I	SDK_INT <= 7	BackwardImprovement	"If you want to support older versions (<= 7), add a check and handle using these APIs: android.view.MotionEvent.getAction()I"	0.0
eu.faircode.netguard	2.288	22	30	androidx.appcompat.widget.ScrollingTabContainerView.animateToVisibility(I)V	-1	-1	android.view.View.setAlpha(F)V	android.view.View.setVisibility(I)V	SDK_INT <= 10	BackwardImprovement	"If you want to support older versions (<= 10), add a check and handle using these APIs: android.view.View.setVisibility(I)V"	0.0
eu.faircode.netguard	2.288	22	30	androidx.appcompat.widget.SwitchCompat.onTouchEvent(Landroid/view/MotionEvent;)Z	-1	-1	android.view.MotionEvent.getActionMasked()I	android.view.MotionEvent.getAction()I	SDK_INT <= 7	BackwardImprovement	"If you want to support older versions (<= 7), add a check and handle using these APIs: android.view.MotionEvent.getAction()I"	0.0
eu.faircode.netguard	2.288	22	30	androidx.appcompat.widget.Toolbar.onHoverEvent(Landroid/view/MotionEvent;)Z	-1	-1	android.view.MotionEvent.getActionMasked()I	android.view.MotionEvent.getAction()I	SDK_INT <= 7	BackwardImprovement	"If you want to support older versions (<= 7), add a check and handle using these APIs: android.view.MotionEvent.getAction()I"	0.0
eu.faircode.netguard	2.288	22	30	androidx.appcompat.widget.Toolbar.onTouchEvent(Landroid/view/MotionEvent;)Z	-1	-1	android.view.MotionEvent.getActionMasked()I	android.view.MotionEvent.getAction()I	SDK_INT <= 7	BackwardImprovement	"If you want to support older versions (<= 7), add a check and handle using these APIs: android.view.MotionEvent.getAction()I"	0.0
eu.faircode.netguard	2.288	22	30	androidx.core.widget.c.onTouch(Landroid/view/View;Landroid/view/MotionEvent;)Z	-1	-1	android.view.MotionEvent.getActionMasked()I	android.view.MotionEvent.getAction()I	SDK_INT <= 7	BackwardImprovement	"If you want to support older versions (<= 7), add a check and handle using these APIs: android.view.MotionEvent.getAction()I"	0.0
eu.faircode.netguard	2.288	22	30	androidx.recyclerview.widget.RecyclerView.onInterceptTouchEvent(Landroid/view/MotionEvent;)Z	-1	-1	android.view.MotionEvent.getActionMasked()I	android.view.MotionEvent.getAction()I	SDK_INT <= 7	BackwardImprovement	"If you want to support older versions (<= 7), add a check and handle using these APIs: android.view.MotionEvent.getAction()I"	0.0
eu.faircode.netguard	2.288	22	30	androidx.recyclerview.widget.RecyclerView.onTouchEvent(Landroid/view/MotionEvent;)Z	-1	-1	android.view.MotionEvent.getActionMasked()I	android.view.MotionEvent.getAction()I	SDK_INT <= 7	BackwardImprovement	"If you want to support older versions (<= 7), add a check and handle using these APIs: android.view.MotionEvent.getAction()I"	0.0
eu.faircode.netguard	2.288	22	30	androidx.recyclerview.widget.j.onAnimationEnd(Landroid/animation/Animator;)V	-1	-1	android.view.View.setAlpha(F)V	android.view.View.setVisibility(I)V	SDK_INT <= 10	BackwardImprovement	"If you want to support older versions (<= 10), add a check and handle using these APIs: android.view.View.setVisibility(I)V"	0.0
eu.faircode.netguard	2.288	22	30	androidx.recyclerview.widget.k.onAnimationCancel(Landroid/animation/Animator;)V	-1	-1	android.view.View.setAlpha(F)V	android.view.View.setVisibility(I)V	SDK_INT <= 10	BackwardImprovement	"If you want to support older versions (<= 10), add a check and handle using these APIs: android.view.View.setVisibility(I)V"	0.0
eu.faircode.netguard	2.288	22	30	androidx.recyclerview.widget.m.onAnimationEnd(Landroid/animation/Animator;)V	-1	-1	android.view.View.setAlpha(F)V	android.view.View.setVisibility(I)V	SDK_INT <= 10	BackwardImprovement	"If you want to support older versions (<= 10), add a check and handle using these APIs: android.view.View.setVisibility(I)V"	0.0
eu.faircode.netguard	2.288	22	30	androidx.recyclerview.widget.n.onAnimationEnd(Landroid/animation/Animator;)V	-1	-1	android.view.View.setAlpha(F)V	android.view.View.setVisibility(I)V	SDK_INT <= 10	BackwardImprovement	"If you want to support older versions (<= 10), add a check and handle using these APIs: android.view.View.setVisibility(I)V"	0.0
eu.faircode.netguard	2.288	22	30	androidx.swiperefreshlayout.widget.SwipeRefreshLayout.h(F)V	-1	-1	android.view.View.setScaleY(F)V		SDK_INT <= 10	BackwardImprovement	"If you want to support older versions (<= 10), add a check and handle using these APIs: "	0.0
eu.faircode.netguard	2.288	22	30	androidx.swiperefreshlayout.widget.SwipeRefreshLayout.l(F)V	-1	-1	android.view.View.setScaleY(F)V		SDK_INT <= 10	BackwardImprovement	"If you want to support older versions (<= 10), add a check and handle using these APIs: "	0.0
eu.faircode.netguard	2.288	22	30	androidx.swiperefreshlayout.widget.SwipeRefreshLayout.onInterceptTouchEvent(Landroid/view/MotionEvent;)Z	-1	-1	android.view.MotionEvent.getActionMasked()I	android.view.MotionEvent.getAction()I	SDK_INT <= 7	BackwardImprovement	"If you want to support older versions (<= 7), add a check and handle using these APIs: android.view.MotionEvent.getAction()I"	0.0
eu.faircode.netguard	2.288	22	30	androidx.swiperefreshlayout.widget.SwipeRefreshLayout.onTouchEvent(Landroid/view/MotionEvent;)Z	-1	-1	android.view.MotionEvent.getActionMasked()I	android.view.MotionEvent.getAction()I	SDK_INT <= 7	BackwardImprovement	"If you want to support older versions (<= 7), add a check and handle using these APIs: android.view.MotionEvent.getAction()I"	0.0
eu.faircode.netguard	2.288	22	30	androidx.appcompat.app.L.B0(La/b/f/b;)La/b/f/c;	-1	-1	android.view.View.setAlpha(F)V	android.view.View.setVisibility(I)V	SDK_INT <= 10	BackwardImprovement	"If you want to support older versions (<= 10), add a check and handle using these APIs: android.view.View.setVisibility(I)V"	0.0
eu.faircode.netguard	2.288	22	30	androidx.appcompat.app.L.B0(La/b/f/b;)La/b/f/c;	-1	-1	android.view.View.setAlpha(F)V	android.view.View.setVisibility(I)V	SDK_INT <= 10	BackwardImprovement	"If you want to support older versions (<= 10), add a check and handle using these APIs: android.view.View.setVisibility(I)V"	0.0
eu.faircode.netguard	2.288	22	30	androidx.appcompat.app.Y.y(Z)V	-1	-1	android.view.View.setAlpha(F)V	android.view.View.setVisibility(I)V	SDK_INT <= 10	BackwardImprovement	"If you want to support older versions (<= 10), add a check and handle using these APIs: android.view.View.setVisibility(I)V"	0.0
eu.faircode.netguard	2.288	22	30	androidx.appcompat.app.Y.z(Z)V	-1	-1	android.view.View.setAlpha(F)V	android.view.View.setVisibility(I)V	SDK_INT <= 10	BackwardImprovement	"If you want to support older versions (<= 10), add a check and handle using these APIs: android.view.View.setVisibility(I)V"	0.0
eu.faircode.netguard	2.288	22	30	androidx.fragment.app.E.L0(La/d/d;)V	-1	-1	android.view.View.setAlpha(F)V	android.view.View.setVisibility(I)V	SDK_INT <= 10	BackwardImprovement	"If you want to support older versions (<= 10), add a check and handle using these APIs: android.view.View.setVisibility(I)V"	0.0
eu.faircode.netguard	2.288	22	30	androidx.fragment.app.E.M0(Landroidx/fragment/app/j;)V	-1	-1	android.view.View.setAlpha(F)V	android.view.View.setVisibility(I)V	SDK_INT <= 10	BackwardImprovement	"If you want to support older versions (<= 10), add a check and handle using these APIs: android.view.View.setVisibility(I)V"	0.0
eu.faircode.netguard	2.288	22	30	androidx.fragment.app.E.t(Landroidx/fragment/app/a;ZZZ)V	-1	-1	android.view.View.setAlpha(F)V	android.view.View.setVisibility(I)V	SDK_INT <= 10	BackwardImprovement	"If you want to support older versions (<= 10), add a check and handle using these APIs: android.view.View.setVisibility(I)V"	0.0
eu.faircode.netguard	2.288	22	30	androidx.appcompat.app.x.onAnimationEnd(Landroid/view/View;)V	-1	-1	android.view.View.setAlpha(F)V	android.view.View.setVisibility(I)V	SDK_INT <= 10	BackwardImprovement	"If you want to support older versions (<= 10), add a check and handle using these APIs: android.view.View.setVisibility(I)V"	0.0
eu.faircode.netguard	2.288	22	30	androidx.appcompat.app.z.onAnimationEnd(Landroid/view/View;)V	-1	-1	android.view.View.setAlpha(F)V	android.view.View.setVisibility(I)V	SDK_INT <= 10	BackwardImprovement	"If you want to support older versions (<= 10), add a check and handle using these APIs: android.view.View.setVisibility(I)V"	0.0
eu.faircode.netguard	2.288	22	30	androidx.core.widget.NestedScrollView.onTouchEvent(Landroid/view/MotionEvent;)Z	-1	-1	android.view.MotionEvent.getActionMasked()I	android.view.MotionEvent.getAction()I	SDK_INT <= 7	BackwardImprovement	"If you want to support older versions (<= 7), add a check and handle using these APIs: android.view.MotionEvent.getAction()I"	0.0
eu.faircode.netguard	2.288	22	30	androidx.recyclerview.widget.q.Y(Landroidx/recyclerview/widget/o;Landroidx/recyclerview/widget/w0;)Z	-1	-1	android.view.View.setAlpha(F)V	android.view.View.setVisibility(I)V	SDK_INT <= 10	BackwardImprovement	"If you want to support older versions (<= 10), add a check and handle using these APIs: android.view.View.setVisibility(I)V"	0.0
eu.faircode.netguard	2.288	22	30	androidx.recyclerview.widget.q.j(Landroidx/recyclerview/widget/w0;)V	-1	-1	android.view.View.setAlpha(F)V	android.view.View.setVisibility(I)V	SDK_INT <= 10	BackwardImprovement	"If you want to support older versions (<= 10), add a check and handle using these APIs: android.view.View.setVisibility(I)V"	0.0
eu.faircode.netguard	2.288	22	30	androidx.recyclerview.widget.q.j(Landroidx/recyclerview/widget/w0;)V	-1	-1	android.view.View.setAlpha(F)V	android.view.View.setVisibility(I)V	SDK_INT <= 10	BackwardImprovement	"If you want to support older versions (<= 10), add a check and handle using these APIs: android.view.View.setVisibility(I)V"	0.0
eu.faircode.netguard	2.288	22	30	androidx.recyclerview.widget.q.j(Landroidx/recyclerview/widget/w0;)V	-1	-1	android.view.View.setAlpha(F)V	android.view.View.setVisibility(I)V	SDK_INT <= 10	BackwardImprovement	"If you want to support older versions (<= 10), add a check and handle using these APIs: android.view.View.setVisibility(I)V"	0.0
eu.faircode.netguard	2.288	22	30	androidx.recyclerview.widget.q.k()V	-1	-1	android.view.View.setAlpha(F)V	android.view.View.setVisibility(I)V	SDK_INT <= 10	BackwardImprovement	"If you want to support older versions (<= 10), add a check and handle using these APIs: android.view.View.setVisibility(I)V"	0.0
eu.faircode.netguard	2.288	22	30	androidx.recyclerview.widget.q.k()V	-1	-1	android.view.View.setAlpha(F)V	android.view.View.setVisibility(I)V	SDK_INT <= 10	BackwardImprovement	"If you want to support older versions (<= 10), add a check and handle using these APIs: android.view.View.setVisibility(I)V"	0.0
eu.faircode.netguard	2.288	22	30	androidx.recyclerview.widget.q.w(Landroidx/recyclerview/widget/w0;)Z	-1	-1	android.view.View.setAlpha(F)V	android.view.View.setVisibility(I)V	SDK_INT <= 10	BackwardImprovement	"If you want to support older versions (<= 10), add a check and handle using these APIs: android.view.View.setVisibility(I)V"	0.0
eu.faircode.netguard	2.288	22	30	androidx.recyclerview.widget.q.x(Landroidx/recyclerview/widget/w0;Landroidx/recyclerview/widget/w0;IIII)Z	-1	-1	android.view.View.setAlpha(F)V	android.view.View.setVisibility(I)V	SDK_INT <= 10	BackwardImprovement	"If you want to support older versions (<= 10), add a check and handle using these APIs: android.view.View.setVisibility(I)V"	0.0
eu.faircode.netguard	2.288	22	30	androidx.recyclerview.widget.q.x(Landroidx/recyclerview/widget/w0;Landroidx/recyclerview/widget/w0;IIII)Z	-1	-1	android.view.View.setAlpha(F)V	android.view.View.setVisibility(I)V	SDK_INT <= 10	BackwardImprovement	"If you want to support older versions (<= 10), add a check and handle using these APIs: android.view.View.setVisibility(I)V"	0.0
