app	version	sdk_min	sdk_trg	method	fromLine	toLine	apis	alternative	ruleCheck	warning	message	confidence
com.corphish.nightlight.donate	1.2.0	19	27	com.corphish.nightlight.engine.Core.applyNightModeAsync(ZLandroid/content/Context;I)V	-1	-1	android.os.AsyncTask.execute([Ljava/lang/Object;)Landroid/os/AsyncTask;	android.os.AsyncTask.executeOnExecutor(Ljava/util/concurrent/Executor;[Ljava/lang/Object;)Landroid/os/AsyncTask;	SDK_INT <= -1	ForwardImprovement	"[Info] You should use alternative APIs, since you do not support old Android versions (SDK_INT <= -1). Please, use: android.os.AsyncTask.executeOnExecutor(Ljava/util/concurrent/Executor;[Ljava/lang/Object;)Landroid/os/AsyncTask;."	0.0
com.corphish.nightlight.donate	1.2.0	19	27	com.corphish.nightlight.engine.Core.applyNightModeAsync(ZLandroid/content/Context;II)V	-1	-1	android.os.AsyncTask.execute([Ljava/lang/Object;)Landroid/os/AsyncTask;	android.os.AsyncTask.executeOnExecutor(Ljava/util/concurrent/Executor;[Ljava/lang/Object;)Landroid/os/AsyncTask;	SDK_INT <= -1	ForwardImprovement	"[Info] You should use alternative APIs, since you do not support old Android versions (SDK_INT <= -1). Please, use: android.os.AsyncTask.executeOnExecutor(Ljava/util/concurrent/Executor;[Ljava/lang/Object;)Landroid/os/AsyncTask;."	0.0
com.corphish.nightlight.donate	1.2.0	19	27	com.corphish.nightlight.engine.Core.applyNightModeAsync(ZLandroid/content/Context;IIZ)V	-1	-1	android.os.AsyncTask.execute([Ljava/lang/Object;)Landroid/os/AsyncTask;	android.os.AsyncTask.executeOnExecutor(Ljava/util/concurrent/Executor;[Ljava/lang/Object;)Landroid/os/AsyncTask;	SDK_INT <= -1	ForwardImprovement	"[Info] You should use alternative APIs, since you do not support old Android versions (SDK_INT <= -1). Please, use: android.os.AsyncTask.executeOnExecutor(Ljava/util/concurrent/Executor;[Ljava/lang/Object;)Landroid/os/AsyncTask;."	0.0
com.corphish.nightlight.donate	1.2.0	19	27	com.corphish.nightlight.engine.Core.applyNightModeAsync(ZLandroid/content/Context;IZ)V	-1	-1	android.os.AsyncTask.execute([Ljava/lang/Object;)Landroid/os/AsyncTask;	android.os.AsyncTask.executeOnExecutor(Ljava/util/concurrent/Executor;[Ljava/lang/Object;)Landroid/os/AsyncTask;	SDK_INT <= -1	ForwardImprovement	"[Info] You should use alternative APIs, since you do not support old Android versions (SDK_INT <= -1). Please, use: android.os.AsyncTask.executeOnExecutor(Ljava/util/concurrent/Executor;[Ljava/lang/Object;)Landroid/os/AsyncTask;."	0.0
com.corphish.nightlight.donate	1.2.0	19	27	com.corphish.nightlight.services.BootCompleteJobService.schedule(Landroid/content/Context;)V	-1	-1	android.util.Log.i(Ljava/lang/String;Ljava/lang/String;)I	android.webkit.WebView.addJavascriptInterface(Ljava/lang/Object;Ljava/lang/String;)V	SDK_INT <= 16	ForwardImprovement	"[Info] You should use alternative APIs, since you do not support old Android versions (SDK_INT <= 16). Please, use: android.webkit.WebView.addJavascriptInterface(Ljava/lang/Object;Ljava/lang/String;)V."	0.0
com.corphish.nightlight.donate	1.2.0	19	27	com.corphish.nightlight.services.BootCompleteJobService.onStartJob(Landroid/app/job/JobParameters;)Z	-1	-1	android.util.Log.i(Ljava/lang/String;Ljava/lang/String;)I	android.webkit.WebView.addJavascriptInterface(Ljava/lang/Object;Ljava/lang/String;)V	SDK_INT <= 16	ForwardImprovement	"[Info] You should use alternative APIs, since you do not support old Android versions (SDK_INT <= 16). Please, use: android.webkit.WebView.addJavascriptInterface(Ljava/lang/Object;Ljava/lang/String;)V."	0.0
com.corphish.nightlight.donate	1.2.0	19	27	com.corphish.nightlight.services.BootCompleteJobService.onStopJob(Landroid/app/job/JobParameters;)Z	-1	-1	android.util.Log.i(Ljava/lang/String;Ljava/lang/String;)I	android.webkit.WebView.addJavascriptInterface(Ljava/lang/Object;Ljava/lang/String;)V	SDK_INT <= 16	ForwardImprovement	"[Info] You should use alternative APIs, since you do not support old Android versions (SDK_INT <= 16). Please, use: android.webkit.WebView.addJavascriptInterface(Ljava/lang/Object;Ljava/lang/String;)V."	0.0
com.corphish.nightlight.donate	1.2.0	19	27	com.crashlytics.android.core.CrashTest.crashAsyncTask(J)V	-1	-1	android.os.AsyncTask.execute([Ljava/lang/Object;)Landroid/os/AsyncTask;	android.os.AsyncTask.executeOnExecutor(Ljava/util/concurrent/Executor;[Ljava/lang/Object;)Landroid/os/AsyncTask;	SDK_INT <= -1	ForwardImprovement	"[Info] You should use alternative APIs, since you do not support old Android versions (SDK_INT <= -1). Please, use: android.os.AsyncTask.executeOnExecutor(Ljava/util/concurrent/Executor;[Ljava/lang/Object;)Landroid/os/AsyncTask;."	0.0
com.corphish.nightlight.donate	1.2.0	19	27	com.corphish.nightlight.StartActivity.onCreate(Landroid/os/Bundle;)V	-1	-1	android.os.AsyncTask.execute([Ljava/lang/Object;)Landroid/os/AsyncTask;	android.os.AsyncTask.executeOnExecutor(Ljava/util/concurrent/Executor;[Ljava/lang/Object;)Landroid/os/AsyncTask;	SDK_INT <= -1	ForwardImprovement	"[Info] You should use alternative APIs, since you do not support old Android versions (SDK_INT <= -1). Please, use: android.os.AsyncTask.executeOnExecutor(Ljava/util/concurrent/Executor;[Ljava/lang/Object;)Landroid/os/AsyncTask;."	0.0
