app	version	sdk_min	sdk_trg	method	fromLine	toLine	apis	alternative	ruleCheck	warning	message	confidence
info.papdt.blackblub	null	21	26	info.papdt.blackblub.service.MaskTileService.onClick()V	-1	-1	android.util.Log.d(Ljava/lang/String;Ljava/lang/String;)I		SDK_INT <= 20	ForwardImprovement	"[Info] You should not use these APIs, which are commonly used in old Android versions which you do not support (SDK_INT <= 20)."	0.0
info.papdt.blackblub	null	21	26	info.papdt.blackblub.service.MaskTileService.onClick()V	-1	-1	android.util.Log.d(Ljava/lang/String;Ljava/lang/String;)I		SDK_INT <= 20	ForwardImprovement	"[Info] You should not use these APIs, which are commonly used in old Android versions which you do not support (SDK_INT <= 20)."	0.0
info.papdt.blackblub	null	21	26	com.wdullaer.materialdatetimepicker.time.RadialPickerLayout.transitionWithoutAnimation(I)V	-1	-1	android.view.View.setAlpha(F)V	android.view.View.setVisibility(I)V	SDK_INT <= 10	BackwardImprovement	"If you want to support older versions (<= 10), add a check and handle using these APIs: android.view.View.setVisibility(I)V"	0.0
info.papdt.blackblub	null	21	26	com.wdullaer.materialdatetimepicker.time.RadialPickerLayout.transitionWithoutAnimation(I)V	-1	-1	android.view.View.setAlpha(F)V	android.view.View.setVisibility(I)V	SDK_INT <= 10	BackwardImprovement	"If you want to support older versions (<= 10), add a check and handle using these APIs: android.view.View.setVisibility(I)V"	0.0
info.papdt.blackblub	null	21	26	com.wdullaer.materialdatetimepicker.time.RadialPickerLayout.transitionWithoutAnimation(I)V	-1	-1	android.view.View.setAlpha(F)V	android.view.View.setVisibility(I)V	SDK_INT <= 10	BackwardImprovement	"If you want to support older versions (<= 10), add a check and handle using these APIs: android.view.View.setVisibility(I)V"	0.0
info.papdt.blackblub	null	21	26	com.wdullaer.materialdatetimepicker.time.RadialPickerLayout.transitionWithoutAnimation(I)V	-1	-1	android.view.View.setAlpha(F)V	android.view.View.setVisibility(I)V	SDK_INT <= 10	BackwardImprovement	"If you want to support older versions (<= 10), add a check and handle using these APIs: android.view.View.setVisibility(I)V"	0.0
info.papdt.blackblub	null	21	26	com.wdullaer.materialdatetimepicker.time.RadialPickerLayout.transitionWithoutAnimation(I)V	-1	-1	android.view.View.setAlpha(F)V	android.view.View.setVisibility(I)V	SDK_INT <= 10	BackwardImprovement	"If you want to support older versions (<= 10), add a check and handle using these APIs: android.view.View.setVisibility(I)V"	0.0
info.papdt.blackblub	null	21	26	com.wdullaer.materialdatetimepicker.time.RadialPickerLayout.transitionWithoutAnimation(I)V	-1	-1	android.view.View.setAlpha(F)V	android.view.View.setVisibility(I)V	SDK_INT <= 10	BackwardImprovement	"If you want to support older versions (<= 10), add a check and handle using these APIs: android.view.View.setVisibility(I)V"	0.0
info.papdt.blackblub	null	21	26	info.papdt.blackblub.service.MaskService.createMaskView()V	-1	-1	android.view.View.setAlpha(F)V	android.view.View.setVisibility(I)V	SDK_INT <= 10	BackwardImprovement	"If you want to support older versions (<= 10), add a check and handle using these APIs: android.view.View.setVisibility(I)V"	0.0
