app	version	sdk_min	sdk_trg	method	fromLine	toLine	apis	alternative	ruleCheck	warning	message	confidence
org.numixproject.hermes	1.2.4	16	22	com.facebook.GraphRequestAsyncTask.executeOnSettingsExecutor()Lcom/facebook/GraphRequestAsyncTask;	-1	-1	android.os.AsyncTask.execute([Ljava/lang/Object;)Landroid/os/AsyncTask;	android.os.AsyncTask.executeOnExecutor(Ljava/util/concurrent/Executor;[Ljava/lang/Object;)Landroid/os/AsyncTask;	SDK_INT <= -1	ForwardImprovement	"[Info] You should use alternative APIs, since you do not support old Android versions (SDK_INT <= -1). Please, use: android.os.AsyncTask.executeOnExecutor(Ljava/util/concurrent/Executor;[Ljava/lang/Object;)Landroid/os/AsyncTask;."	0.0
org.numixproject.hermes	1.2.4	16	22	com.facebook.ads.MediaView.setNativeAd(Lcom/facebook/ads/NativeAd;)V	-1	-1	android.os.AsyncTask.execute([Ljava/lang/Object;)Landroid/os/AsyncTask;	android.os.AsyncTask.executeOnExecutor(Ljava/util/concurrent/Executor;[Ljava/lang/Object;)Landroid/os/AsyncTask;	SDK_INT <= -1	ForwardImprovement	"[Info] You should use alternative APIs, since you do not support old Android versions (SDK_INT <= -1). Please, use: android.os.AsyncTask.executeOnExecutor(Ljava/util/concurrent/Executor;[Ljava/lang/Object;)Landroid/os/AsyncTask;."	0.0
org.numixproject.hermes	1.2.4	16	22	com.facebook.ads.internal.action.a.a(Landroid/content/Context;Landroid/net/Uri;)V	-1	-1	android.os.AsyncTask.execute([Ljava/lang/Object;)Landroid/os/AsyncTask;	android.os.AsyncTask.executeOnExecutor(Ljava/util/concurrent/Executor;[Ljava/lang/Object;)Landroid/os/AsyncTask;	SDK_INT <= -1	ForwardImprovement	"[Info] You should use alternative APIs, since you do not support old Android versions (SDK_INT <= -1). Please, use: android.os.AsyncTask.executeOnExecutor(Ljava/util/concurrent/Executor;[Ljava/lang/Object;)Landroid/os/AsyncTask;."	0.0
org.numixproject.hermes	1.2.4	16	22	com.facebook.ads.internal.adapters.n$1.run()V	-1	-1	android.os.AsyncTask.execute([Ljava/lang/Object;)Landroid/os/AsyncTask;	android.os.AsyncTask.executeOnExecutor(Ljava/util/concurrent/Executor;[Ljava/lang/Object;)Landroid/os/AsyncTask;	SDK_INT <= -1	ForwardImprovement	"[Info] You should use alternative APIs, since you do not support old Android versions (SDK_INT <= -1). Please, use: android.os.AsyncTask.executeOnExecutor(Ljava/util/concurrent/Executor;[Ljava/lang/Object;)Landroid/os/AsyncTask;."	0.0
org.numixproject.hermes	1.2.4	16	22	com.facebook.ads.internal.adapters.n$a.a(Ljava/lang/String;)V	-1	-1	android.os.AsyncTask.execute([Ljava/lang/Object;)Landroid/os/AsyncTask;	android.os.AsyncTask.executeOnExecutor(Ljava/util/concurrent/Executor;[Ljava/lang/Object;)Landroid/os/AsyncTask;	SDK_INT <= -1	ForwardImprovement	"[Info] You should use alternative APIs, since you do not support old Android versions (SDK_INT <= -1). Please, use: android.os.AsyncTask.executeOnExecutor(Ljava/util/concurrent/Executor;[Ljava/lang/Object;)Landroid/os/AsyncTask;."	0.0
org.numixproject.hermes	1.2.4	16	22	com.facebook.ads.internal.util.f.a(Landroid/content/Context;Lcom/facebook/ads/internal/adapters/a;)Z	-1	-1	android.os.AsyncTask.execute([Ljava/lang/Object;)Landroid/os/AsyncTask;	android.os.AsyncTask.executeOnExecutor(Ljava/util/concurrent/Executor;[Ljava/lang/Object;)Landroid/os/AsyncTask;	SDK_INT <= -1	ForwardImprovement	"[Info] You should use alternative APIs, since you do not support old Android versions (SDK_INT <= -1). Please, use: android.os.AsyncTask.executeOnExecutor(Ljava/util/concurrent/Executor;[Ljava/lang/Object;)Landroid/os/AsyncTask;."	0.0
org.numixproject.hermes	1.2.4	16	22	com.facebook.ads.internal.util.m.a(Landroid/content/Context;Ljava/util/List;Lcom/facebook/ads/internal/util/l;)V	-1	-1	android.os.AsyncTask.execute([Ljava/lang/Object;)Landroid/os/AsyncTask;	android.os.AsyncTask.executeOnExecutor(Ljava/util/concurrent/Executor;[Ljava/lang/Object;)Landroid/os/AsyncTask;	SDK_INT <= -1	ForwardImprovement	"[Info] You should use alternative APIs, since you do not support old Android versions (SDK_INT <= -1). Please, use: android.os.AsyncTask.executeOnExecutor(Ljava/util/concurrent/Executor;[Ljava/lang/Object;)Landroid/os/AsyncTask;."	0.0
org.numixproject.hermes	1.2.4	16	22	com.facebook.ads.internal.view.b.a(Landroid/view/ViewGroup;)V	-1	-1	android.os.AsyncTask.execute([Ljava/lang/Object;)Landroid/os/AsyncTask;	android.os.AsyncTask.executeOnExecutor(Ljava/util/concurrent/Executor;[Ljava/lang/Object;)Landroid/os/AsyncTask;	SDK_INT <= -1	ForwardImprovement	"[Info] You should use alternative APIs, since you do not support old Android versions (SDK_INT <= -1). Please, use: android.os.AsyncTask.executeOnExecutor(Ljava/util/concurrent/Executor;[Ljava/lang/Object;)Landroid/os/AsyncTask;."	0.0
org.numixproject.hermes	1.2.4	16	22	com.facebook.ads.NativeAd.downloadAndDisplayImage(Lcom/facebook/ads/NativeAd$Image;Landroid/widget/ImageView;)V	-1	-1	android.os.AsyncTask.execute([Ljava/lang/Object;)Landroid/os/AsyncTask;	android.os.AsyncTask.executeOnExecutor(Ljava/util/concurrent/Executor;[Ljava/lang/Object;)Landroid/os/AsyncTask;	SDK_INT <= -1	ForwardImprovement	"[Info] You should use alternative APIs, since you do not support old Android versions (SDK_INT <= -1). Please, use: android.os.AsyncTask.executeOnExecutor(Ljava/util/concurrent/Executor;[Ljava/lang/Object;)Landroid/os/AsyncTask;."	0.0
org.numixproject.hermes	1.2.4	16	22	com.facebook.ads.internal.adapters.m.a(Ljava/util/Map;)V	-1	-1	android.os.AsyncTask.execute([Ljava/lang/Object;)Landroid/os/AsyncTask;	android.os.AsyncTask.executeOnExecutor(Ljava/util/concurrent/Executor;[Ljava/lang/Object;)Landroid/os/AsyncTask;	SDK_INT <= -1	ForwardImprovement	"[Info] You should use alternative APIs, since you do not support old Android versions (SDK_INT <= -1). Please, use: android.os.AsyncTask.executeOnExecutor(Ljava/util/concurrent/Executor;[Ljava/lang/Object;)Landroid/os/AsyncTask;."	0.0
org.numixproject.hermes	1.2.4	16	22	com.facebook.ads.internal.adapters.n.v()V	-1	-1	android.os.AsyncTask.execute([Ljava/lang/Object;)Landroid/os/AsyncTask;	android.os.AsyncTask.executeOnExecutor(Ljava/util/concurrent/Executor;[Ljava/lang/Object;)Landroid/os/AsyncTask;	SDK_INT <= -1	ForwardImprovement	"[Info] You should use alternative APIs, since you do not support old Android versions (SDK_INT <= -1). Please, use: android.os.AsyncTask.executeOnExecutor(Ljava/util/concurrent/Executor;[Ljava/lang/Object;)Landroid/os/AsyncTask;."	0.0
org.numixproject.hermes	1.2.4	16	22	com.facebook.ads.internal.adapters.n.a(Landroid/content/Context;Ljava/util/Map;)V	-1	-1	android.os.AsyncTask.execute([Ljava/lang/Object;)Landroid/os/AsyncTask;	android.os.AsyncTask.executeOnExecutor(Ljava/util/concurrent/Executor;[Ljava/lang/Object;)Landroid/os/AsyncTask;	SDK_INT <= -1	ForwardImprovement	"[Info] You should use alternative APIs, since you do not support old Android versions (SDK_INT <= -1). Please, use: android.os.AsyncTask.executeOnExecutor(Ljava/util/concurrent/Executor;[Ljava/lang/Object;)Landroid/os/AsyncTask;."	0.0
org.numixproject.hermes	1.2.4	16	22	com.facebook.ads.internal.adapters.n.a(Ljava/util/Map;)V	-1	-1	android.os.AsyncTask.execute([Ljava/lang/Object;)Landroid/os/AsyncTask;	android.os.AsyncTask.executeOnExecutor(Ljava/util/concurrent/Executor;[Ljava/lang/Object;)Landroid/os/AsyncTask;	SDK_INT <= -1	ForwardImprovement	"[Info] You should use alternative APIs, since you do not support old Android versions (SDK_INT <= -1). Please, use: android.os.AsyncTask.executeOnExecutor(Ljava/util/concurrent/Executor;[Ljava/lang/Object;)Landroid/os/AsyncTask;."	0.0
org.numixproject.hermes	1.2.4	16	22	com.github.paolorotolo.gitty_reporter.GittyReporter.sendBugReport()V	-1	-1	android.os.AsyncTask.execute([Ljava/lang/Object;)Landroid/os/AsyncTask;	android.os.AsyncTask.executeOnExecutor(Ljava/util/concurrent/Executor;[Ljava/lang/Object;)Landroid/os/AsyncTask;	SDK_INT <= -1	ForwardImprovement	"[Info] You should use alternative APIs, since you do not support old Android versions (SDK_INT <= -1). Please, use: android.os.AsyncTask.executeOnExecutor(Ljava/util/concurrent/Executor;[Ljava/lang/Object;)Landroid/os/AsyncTask;."	0.0
org.numixproject.hermes	1.2.4	16	22	com.facebook.internal.WebDialog$DialogWebViewClient.onReceivedSslError(Landroid/webkit/WebView;Landroid/webkit/SslErrorHandler;Landroid/net/http/SslError;)V	-1	-1	android.webkit.WebViewClient.onReceivedSslError(Landroid/webkit/WebView;Landroid/webkit/SslErrorHandler;Landroid/net/http/SslError;)V	android.os.Bundle.<init>()V&android.os.BaseBundle.putInt(Ljava/lang/String;I)V&android.os.BaseBundle.putString(Ljava/lang/String;Ljava/lang/String;)V&android.os.Bundle.toString()Ljava/lang/String;&android.net.http.SslError.toString()Ljava/lang/String;	SDK_INT <= 7	BackwardImprovement	"If you want to support older versions (<= 7), add a check and handle using these APIs: android.os.Bundle.<init>()V --- android.os.BaseBundle.putInt(Ljava/lang/String;I)V --- android.os.BaseBundle.putString(Ljava/lang/String;Ljava/lang/String;)V --- android.os.Bundle.toString()Ljava/lang/String; --- android.net.http.SslError.toString()Ljava/lang/String;"	0.0
org.numixproject.hermes	1.2.4	16	22	com.facebook.internal.WebDialog$DialogWebViewClient.onReceivedSslError(Landroid/webkit/WebView;Landroid/webkit/SslErrorHandler;Landroid/net/http/SslError;)V	-1	-1	android.webkit.WebViewClient.onReceivedSslError(Landroid/webkit/WebView;Landroid/webkit/SslErrorHandler;Landroid/net/http/SslError;)V	android.os.Bundle.<init>()V&android.os.BaseBundle.putInt(Ljava/lang/String;I)V&android.net.http.SslError.getPrimaryError()I&android.net.http.SslError.getUrl()Ljava/lang/String;&android.util.Log.i(Ljava/lang/String;Ljava/lang/String;)I&android.os.BaseBundle.putString(Ljava/lang/String;Ljava/lang/String;)V&android.content.Context.getPackageName()Ljava/lang/String;&android.text.TextUtils.isEmpty(Ljava/lang/CharSequence;)Z	SDK_INT <= 7	BackwardImprovement	"If you want to support older versions (<= 7), add a check and handle using these APIs: android.os.Bundle.<init>()V --- android.os.BaseBundle.putInt(Ljava/lang/String;I)V --- android.net.http.SslError.getPrimaryError()I --- android.net.http.SslError.getUrl()Ljava/lang/String; --- android.util.Log.i(Ljava/lang/String;Ljava/lang/String;)I --- android.os.BaseBundle.putString(Ljava/lang/String;Ljava/lang/String;)V --- android.content.Context.getPackageName()Ljava/lang/String; --- android.text.TextUtils.isEmpty(Ljava/lang/CharSequence;)Z"	0.0
org.numixproject.hermes	1.2.4	16	22	com.nineoldandroids.view.ViewHelper$Honeycomb.setAlpha(Landroid/view/View;F)V	-1	-1	android.view.View.setAlpha(F)V	android.view.View.setVisibility(I)V	SDK_INT <= 10	BackwardImprovement	"If you want to support older versions (<= 10), add a check and handle using these APIs: android.view.View.setVisibility(I)V"	0.0
org.numixproject.hermes	1.2.4	16	22	com.nineoldandroids.view.ViewHelper$Honeycomb.setScaleY(Landroid/view/View;F)V	-1	-1	android.view.View.setScaleY(F)V		SDK_INT <= 10	BackwardImprovement	"If you want to support older versions (<= 10), add a check and handle using these APIs: "	0.0
org.numixproject.hermes	1.2.4	16	22	org.numixproject.hermes.utils.SwipeDismissListViewTouchListener$3.onAnimationEnd(Landroid/animation/Animator;)V	-1	-1	android.view.View.setAlpha(F)V	android.view.View.setVisibility(I)V	SDK_INT <= 10	BackwardImprovement	"If you want to support older versions (<= 10), add a check and handle using these APIs: android.view.View.setVisibility(I)V"	0.0
org.numixproject.hermes	1.2.4	16	22	org.numixproject.hermes.utils.SwipeDismissListViewTouchListener.onTouch(Landroid/view/View;Landroid/view/MotionEvent;)Z	-1	-1	android.view.View.setAlpha(F)V	android.view.View.setVisibility(I)V	SDK_INT <= 10	BackwardImprovement	"If you want to support older versions (<= 10), add a check and handle using these APIs: android.view.View.setVisibility(I)V"	0.0
org.numixproject.hermes	1.2.4	16	22	org.numixproject.hermes.utils.SwipeDismissListViewTouchListener.onTouch(Landroid/view/View;Landroid/view/MotionEvent;)Z	-1	-1	android.view.MotionEvent.getActionMasked()I	android.view.MotionEvent.getAction()I	SDK_INT <= 7	BackwardImprovement	"If you want to support older versions (<= 7), add a check and handle using these APIs: android.view.MotionEvent.getAction()I"	0.0
org.numixproject.hermes	1.2.4	16	22	org.numixproject.hermes.utils.SwipeDismissTouchListener$2.onAnimationEnd(Landroid/animation/Animator;)V	-1	-1	android.view.View.setAlpha(F)V	android.view.View.setVisibility(I)V	SDK_INT <= 10	BackwardImprovement	"If you want to support older versions (<= 10), add a check and handle using these APIs: android.view.View.setVisibility(I)V"	0.0
org.numixproject.hermes	1.2.4	16	22	org.numixproject.hermes.utils.SwipeDismissTouchListener.onTouch(Landroid/view/View;Landroid/view/MotionEvent;)Z	-1	-1	android.view.MotionEvent.getActionMasked()I	android.view.MotionEvent.getAction()I	SDK_INT <= 7	BackwardImprovement	"If you want to support older versions (<= 7), add a check and handle using these APIs: android.view.MotionEvent.getAction()I"	0.0
org.numixproject.hermes	1.2.4	16	22	org.numixproject.hermes.utils.SwipeDismissTouchListener.onTouch(Landroid/view/View;Landroid/view/MotionEvent;)Z	-1	-1	android.view.View.setAlpha(F)V	android.view.View.setVisibility(I)V	SDK_INT <= 10	BackwardImprovement	"If you want to support older versions (<= 10), add a check and handle using these APIs: android.view.View.setVisibility(I)V"	0.0
org.numixproject.hermes	1.2.4	16	22	com.nineoldandroids.view.ViewPropertyAnimatorHC.setValue(IF)V	-1	-1	android.view.View.setAlpha(F)V	android.view.View.setVisibility(I)V	SDK_INT <= 10	BackwardImprovement	"If you want to support older versions (<= 10), add a check and handle using these APIs: android.view.View.setVisibility(I)V"	0.0
org.numixproject.hermes	1.2.4	16	22	com.nineoldandroids.view.ViewPropertyAnimatorHC.setValue(IF)V	-1	-1	android.view.View.setScaleY(F)V		SDK_INT <= 10	BackwardImprovement	"If you want to support older versions (<= 10), add a check and handle using these APIs: "	0.0
