app	version	sdk_min	sdk_trg	method	fromLine	toLine	apis	alternative	ruleCheck	warning	message	confidence
org.dmfs.tasks	1.1.8.2	8	22	org.dmfs.tasks.TaskListFragment.selectChild(ILandroid/database/Cursor;)V	-1	-1	android.os.AsyncTask.execute([Ljava/lang/Object;)Landroid/os/AsyncTask;	android.os.AsyncTask.executeOnExecutor(Ljava/util/concurrent/Executor;[Ljava/lang/Object;)Landroid/os/AsyncTask;	SDK_INT <= -1	ForwardImprovement	"[Info] You should use alternative APIs, since you do not support old Android versions (SDK_INT <= -1). Please, use: android.os.AsyncTask.executeOnExecutor(Ljava/util/concurrent/Executor;[Ljava/lang/Object;)Landroid/os/AsyncTask;."	0.0
org.dmfs.tasks	1.1.8.2	8	22	org.dmfs.tasks.groupings.ByDueDate$1.populateView(Landroid/view/View;Landroid/database/Cursor;Landroid/widget/BaseExpandableListAdapter;I)V	-1	-1	android.view.View.setVisibility(I)V	android.view.View.setAlpha(F)V	SDK_INT <= 10	ForwardImprovement	"[Info] You should use these APIs differently in newer Android releases (SDK_INT > 10). Add a check and handle with: android.view.View.setAlpha(F)V."	0.0
org.dmfs.tasks	1.1.8.2	8	22	org.dmfs.tasks.groupings.ByDueDate$1.populateView(Landroid/view/View;Landroid/database/Cursor;Landroid/widget/BaseExpandableListAdapter;I)V	-1	-1	android.view.View.setVisibility(I)V	android.view.animation.AlphaAnimation.<init>(FF)V&android.view.animation.Animation.setRepeatCount(I)V&android.view.View.startAnimation(Landroid/view/animation/Animation;)V&android.view.animation.Animation.setFillAfter(Z)V&android.view.animation.Animation.setDuration(J)V	SDK_INT <= 10	ForwardImprovement	"[Info] You should use these APIs differently in newer Android releases (SDK_INT > 10). Add a check and handle with: android.view.animation.AlphaAnimation.<init>(FF)V --- android.view.animation.Animation.setRepeatCount(I)V --- android.view.View.startAnimation(Landroid/view/animation/Animation;)V --- android.view.animation.Animation.setFillAfter(Z)V --- android.view.animation.Animation.setDuration(J)V."	0.0
org.dmfs.tasks	1.1.8.2	8	22	org.dmfs.tasks.groupings.ByDueDate$1.populateView(Landroid/view/View;Landroid/database/Cursor;Landroid/widget/BaseExpandableListAdapter;I)V	-1	-1	android.view.View.setVisibility(I)V	android.view.View.setAlpha(F)V	SDK_INT <= 10	ForwardImprovement	"[Info] You should use these APIs differently in newer Android releases (SDK_INT > 10). Add a check and handle with: android.view.View.setAlpha(F)V."	0.0
org.dmfs.tasks	1.1.8.2	8	22	org.dmfs.tasks.groupings.ByDueDate$1.populateView(Landroid/view/View;Landroid/database/Cursor;Landroid/widget/BaseExpandableListAdapter;I)V	-1	-1	android.view.View.setVisibility(I)V	android.view.animation.AlphaAnimation.<init>(FF)V&android.view.animation.Animation.setRepeatCount(I)V&android.view.View.startAnimation(Landroid/view/animation/Animation;)V&android.view.animation.Animation.setFillAfter(Z)V&android.view.animation.Animation.setDuration(J)V	SDK_INT <= 10	ForwardImprovement	"[Info] You should use these APIs differently in newer Android releases (SDK_INT > 10). Add a check and handle with: android.view.animation.AlphaAnimation.<init>(FF)V --- android.view.animation.Animation.setRepeatCount(I)V --- android.view.View.startAnimation(Landroid/view/animation/Animation;)V --- android.view.animation.Animation.setFillAfter(Z)V --- android.view.animation.Animation.setDuration(J)V."	0.0
org.dmfs.tasks	1.1.8.2	8	22	org.dmfs.tasks.groupings.ByStartDate$1.populateView(Landroid/view/View;Landroid/database/Cursor;Landroid/widget/BaseExpandableListAdapter;I)V	-1	-1	android.view.View.setVisibility(I)V	android.view.View.setAlpha(F)V	SDK_INT <= 10	ForwardImprovement	"[Info] You should use these APIs differently in newer Android releases (SDK_INT > 10). Add a check and handle with: android.view.View.setAlpha(F)V."	0.0
org.dmfs.tasks	1.1.8.2	8	22	org.dmfs.tasks.groupings.ByStartDate$1.populateView(Landroid/view/View;Landroid/database/Cursor;Landroid/widget/BaseExpandableListAdapter;I)V	-1	-1	android.view.View.setVisibility(I)V	android.view.animation.AlphaAnimation.<init>(FF)V&android.view.animation.Animation.setRepeatCount(I)V&android.view.View.startAnimation(Landroid/view/animation/Animation;)V&android.view.animation.Animation.setFillAfter(Z)V&android.view.animation.Animation.setDuration(J)V	SDK_INT <= 10	ForwardImprovement	"[Info] You should use these APIs differently in newer Android releases (SDK_INT > 10). Add a check and handle with: android.view.animation.AlphaAnimation.<init>(FF)V --- android.view.animation.Animation.setRepeatCount(I)V --- android.view.View.startAnimation(Landroid/view/animation/Animation;)V --- android.view.animation.Animation.setFillAfter(Z)V --- android.view.animation.Animation.setDuration(J)V."	0.0
org.dmfs.tasks	1.1.8.2	8	22	org.dmfs.tasks.groupings.ByStartDate$1.populateView(Landroid/view/View;Landroid/database/Cursor;Landroid/widget/BaseExpandableListAdapter;I)V	-1	-1	android.view.View.setVisibility(I)V	android.view.View.setAlpha(F)V	SDK_INT <= 10	ForwardImprovement	"[Info] You should use these APIs differently in newer Android releases (SDK_INT > 10). Add a check and handle with: android.view.View.setAlpha(F)V."	0.0
org.dmfs.tasks	1.1.8.2	8	22	org.dmfs.tasks.groupings.ByStartDate$1.populateView(Landroid/view/View;Landroid/database/Cursor;Landroid/widget/BaseExpandableListAdapter;I)V	-1	-1	android.view.View.setVisibility(I)V	android.view.animation.AlphaAnimation.<init>(FF)V&android.view.animation.Animation.setRepeatCount(I)V&android.view.View.startAnimation(Landroid/view/animation/Animation;)V&android.view.animation.Animation.setFillAfter(Z)V&android.view.animation.Animation.setDuration(J)V	SDK_INT <= 10	ForwardImprovement	"[Info] You should use these APIs differently in newer Android releases (SDK_INT > 10). Add a check and handle with: android.view.animation.AlphaAnimation.<init>(FF)V --- android.view.animation.Animation.setRepeatCount(I)V --- android.view.View.startAnimation(Landroid/view/animation/Animation;)V --- android.view.animation.Animation.setFillAfter(Z)V --- android.view.animation.Animation.setDuration(J)V."	0.0
org.dmfs.tasks	1.1.8.2	8	22	org.dmfs.tasks.groupings.ByStartDate$1.populateView(Landroid/view/View;Landroid/database/Cursor;Landroid/widget/BaseExpandableListAdapter;I)V	-1	-1	android.view.View.setVisibility(I)V	android.view.View.setAlpha(F)V	SDK_INT <= 10	ForwardImprovement	"[Info] You should use these APIs differently in newer Android releases (SDK_INT > 10). Add a check and handle with: android.view.View.setAlpha(F)V."	0.0
org.dmfs.tasks	1.1.8.2	8	22	org.dmfs.tasks.groupings.ByStartDate$1.populateView(Landroid/view/View;Landroid/database/Cursor;Landroid/widget/BaseExpandableListAdapter;I)V	-1	-1	android.view.View.setVisibility(I)V	android.view.animation.AlphaAnimation.<init>(FF)V&android.view.animation.Animation.setRepeatCount(I)V&android.view.View.startAnimation(Landroid/view/animation/Animation;)V&android.view.animation.Animation.setFillAfter(Z)V&android.view.animation.Animation.setDuration(J)V	SDK_INT <= 10	ForwardImprovement	"[Info] You should use these APIs differently in newer Android releases (SDK_INT > 10). Add a check and handle with: android.view.animation.AlphaAnimation.<init>(FF)V --- android.view.animation.Animation.setRepeatCount(I)V --- android.view.View.startAnimation(Landroid/view/animation/Animation;)V --- android.view.animation.Animation.setFillAfter(Z)V --- android.view.animation.Animation.setDuration(J)V."	0.0
org.dmfs.tasks	1.1.8.2	8	22	org.dmfs.tasks.model.ContentSet.update(Landroid/content/Context;Lorg/dmfs/tasks/utils/ContentValueMapper;)V	-1	-1	android.os.AsyncTask.execute([Ljava/lang/Object;)Landroid/os/AsyncTask;	android.os.AsyncTask.executeOnExecutor(Ljava/util/concurrent/Executor;[Ljava/lang/Object;)Landroid/os/AsyncTask;	SDK_INT <= -1	ForwardImprovement	"[Info] You should use alternative APIs, since you do not support old Android versions (SDK_INT <= -1). Please, use: android.os.AsyncTask.executeOnExecutor(Ljava/util/concurrent/Executor;[Ljava/lang/Object;)Landroid/os/AsyncTask;."	0.0
org.dmfs.tasks	1.1.8.2	8	22	org.dmfs.tasks.model.Sources.loadModelAsync(Landroid/content/Context;Ljava/lang/String;Lorg/dmfs/tasks/utils/OnModelLoadedListener;)Z	-1	-1	android.os.AsyncTask.execute([Ljava/lang/Object;)Landroid/os/AsyncTask;	android.os.AsyncTask.executeOnExecutor(Ljava/util/concurrent/Executor;[Ljava/lang/Object;)Landroid/os/AsyncTask;	SDK_INT <= -1	ForwardImprovement	"[Info] You should use alternative APIs, since you do not support old Android versions (SDK_INT <= -1). Please, use: android.os.AsyncTask.executeOnExecutor(Ljava/util/concurrent/Executor;[Ljava/lang/Object;)Landroid/os/AsyncTask;."	0.0
org.dmfs.tasks	1.1.8.2	8	22	org.dmfs.tasks.utils.FlingDetector.onTouch(Landroid/view/View;Landroid/view/MotionEvent;)Z	-1	-1	android.view.MotionEvent.getActionMasked()I	android.view.MotionEvent.getAction()I	SDK_INT <= 7	BackwardImprovement	"If you want to support older versions (<= 7), add a check and handle using these APIs: android.view.MotionEvent.getAction()I"	0.0
