app	version	sdk_min	sdk_trg	method	fromLine	toLine	apis	alternative	ruleCheck	warning	message	confidence
jp.redmine.redmineclient	3.23	9	28	jp.redmine.redmineclient.fragment.form.DownloadForm$ScaleListener.onScale(Landroid/view/ScaleGestureDetector;)Z	-1	-1	android.view.View.setScaleY(F)V		SDK_INT <= 10	BackwardCriticalBug	"[Critical] The APIs you are using must be used only in new Android versions (SDK_INT <= 10). Check the Android version before using them. "	0.0
jp.redmine.redmineclient	3.23	9	28	jp.redmine.redmineclient.fragment.IssueView$1.onClick(Landroid/view/View;)V	-1	-1	android.os.AsyncTask.execute([Ljava/lang/Object;)Landroid/os/AsyncTask;	android.os.AsyncTask.executeOnExecutor(Ljava/util/concurrent/Executor;[Ljava/lang/Object;)Landroid/os/AsyncTask;	SDK_INT <= -1	ForwardImprovement	"[Info] You should use alternative APIs, since you do not support old Android versions (SDK_INT <= -1). Please, use: android.os.AsyncTask.executeOnExecutor(Ljava/util/concurrent/Executor;[Ljava/lang/Object;)Landroid/os/AsyncTask;."	0.0
jp.redmine.redmineclient	3.23	9	28	jp.redmine.redmineclient.fragment.IssueEdit.onOptionsItemSelected(Landroid/view/MenuItem;)Z	-1	-1	android.os.AsyncTask.execute([Ljava/lang/Object;)Landroid/os/AsyncTask;	android.os.AsyncTask.executeOnExecutor(Ljava/util/concurrent/Executor;[Ljava/lang/Object;)Landroid/os/AsyncTask;	SDK_INT <= -1	ForwardImprovement	"[Info] You should use alternative APIs, since you do not support old Android versions (SDK_INT <= -1). Please, use: android.os.AsyncTask.executeOnExecutor(Ljava/util/concurrent/Executor;[Ljava/lang/Object;)Landroid/os/AsyncTask;."	0.0
jp.redmine.redmineclient	3.23	9	28	jp.redmine.redmineclient.fragment.IssueView.onFetchRemote()V	-1	-1	android.os.AsyncTask.execute([Ljava/lang/Object;)Landroid/os/AsyncTask;	android.os.AsyncTask.executeOnExecutor(Ljava/util/concurrent/Executor;[Ljava/lang/Object;)Landroid/os/AsyncTask;	SDK_INT <= -1	ForwardImprovement	"[Info] You should use alternative APIs, since you do not support old Android versions (SDK_INT <= -1). Please, use: android.os.AsyncTask.executeOnExecutor(Ljava/util/concurrent/Executor;[Ljava/lang/Object;)Landroid/os/AsyncTask;."	0.0
jp.redmine.redmineclient	3.23	9	28	jp.redmine.redmineclient.fragment.TimeEntryEdit.onOptionsItemSelected(Landroid/view/MenuItem;)Z	-1	-1	android.os.AsyncTask.execute([Ljava/lang/Object;)Landroid/os/AsyncTask;	android.os.AsyncTask.executeOnExecutor(Ljava/util/concurrent/Executor;[Ljava/lang/Object;)Landroid/os/AsyncTask;	SDK_INT <= -1	ForwardImprovement	"[Info] You should use alternative APIs, since you do not support old Android versions (SDK_INT <= -1). Please, use: android.os.AsyncTask.executeOnExecutor(Ljava/util/concurrent/Executor;[Ljava/lang/Object;)Landroid/os/AsyncTask;."	0.0
jp.redmine.redmineclient	3.23	9	28	jp.redmine.redmineclient.fragment.WikiDetail.onRefresh()V	-1	-1	android.os.AsyncTask.execute([Ljava/lang/Object;)Landroid/os/AsyncTask;	android.os.AsyncTask.executeOnExecutor(Ljava/util/concurrent/Executor;[Ljava/lang/Object;)Landroid/os/AsyncTask;	SDK_INT <= -1	ForwardImprovement	"[Info] You should use alternative APIs, since you do not support old Android versions (SDK_INT <= -1). Please, use: android.os.AsyncTask.executeOnExecutor(Ljava/util/concurrent/Executor;[Ljava/lang/Object;)Landroid/os/AsyncTask;."	0.0
jp.redmine.redmineclient	3.23	9	28	jp.redmine.redmineclient.fragment.NewsList.onRefresh()V	-1	-1	android.os.AsyncTask.execute([Ljava/lang/Object;)Landroid/os/AsyncTask;	android.os.AsyncTask.executeOnExecutor(Ljava/util/concurrent/Executor;[Ljava/lang/Object;)Landroid/os/AsyncTask;	SDK_INT <= -1	ForwardImprovement	"[Info] You should use alternative APIs, since you do not support old Android versions (SDK_INT <= -1). Please, use: android.os.AsyncTask.executeOnExecutor(Ljava/util/concurrent/Executor;[Ljava/lang/Object;)Landroid/os/AsyncTask;."	0.0
jp.redmine.redmineclient	3.23	9	28	jp.redmine.redmineclient.fragment.ProjectList.onRefresh()V	-1	-1	android.os.AsyncTask.execute([Ljava/lang/Object;)Landroid/os/AsyncTask;	android.os.AsyncTask.executeOnExecutor(Ljava/util/concurrent/Executor;[Ljava/lang/Object;)Landroid/os/AsyncTask;	SDK_INT <= -1	ForwardImprovement	"[Info] You should use alternative APIs, since you do not support old Android versions (SDK_INT <= -1). Please, use: android.os.AsyncTask.executeOnExecutor(Ljava/util/concurrent/Executor;[Ljava/lang/Object;)Landroid/os/AsyncTask;."	0.0
jp.redmine.redmineclient	3.23	9	28	jp.redmine.redmineclient.fragment.WikiList.onRefresh()V	-1	-1	android.os.AsyncTask.execute([Ljava/lang/Object;)Landroid/os/AsyncTask;	android.os.AsyncTask.executeOnExecutor(Ljava/util/concurrent/Executor;[Ljava/lang/Object;)Landroid/os/AsyncTask;	SDK_INT <= -1	ForwardImprovement	"[Info] You should use alternative APIs, since you do not support old Android versions (SDK_INT <= -1). Please, use: android.os.AsyncTask.executeOnExecutor(Ljava/util/concurrent/Executor;[Ljava/lang/Object;)Landroid/os/AsyncTask;."	0.0
jp.redmine.redmineclient	3.23	9	28	jp.redmine.redmineclient.form.helper.RedmineWebViewClient.onReceivedSslError(Landroid/webkit/WebView;Landroid/webkit/SslErrorHandler;Landroid/net/http/SslError;)V	-1	-1	android.webkit.WebViewClient.onReceivedSslError(Landroid/webkit/WebView;Landroid/webkit/SslErrorHandler;Landroid/net/http/SslError;)V	android.os.Bundle.<init>()V&android.os.BaseBundle.putInt(Ljava/lang/String;I)V&android.os.BaseBundle.putString(Ljava/lang/String;Ljava/lang/String;)V&android.os.Bundle.toString()Ljava/lang/String;&android.net.http.SslError.toString()Ljava/lang/String;	SDK_INT <= 7	BackwardImprovement	"If you want to support older versions (<= 7), add a check and handle using these APIs: android.os.Bundle.<init>()V --- android.os.BaseBundle.putInt(Ljava/lang/String;I)V --- android.os.BaseBundle.putString(Ljava/lang/String;Ljava/lang/String;)V --- android.os.Bundle.toString()Ljava/lang/String; --- android.net.http.SslError.toString()Ljava/lang/String;"	0.0
jp.redmine.redmineclient	3.23	9	28	jp.redmine.redmineclient.form.helper.RedmineWebViewClient.onReceivedSslError(Landroid/webkit/WebView;Landroid/webkit/SslErrorHandler;Landroid/net/http/SslError;)V	-1	-1	android.webkit.WebViewClient.onReceivedSslError(Landroid/webkit/WebView;Landroid/webkit/SslErrorHandler;Landroid/net/http/SslError;)V	android.os.Bundle.<init>()V&android.os.BaseBundle.putInt(Ljava/lang/String;I)V&android.net.http.SslError.getPrimaryError()I&android.net.http.SslError.getUrl()Ljava/lang/String;&android.util.Log.i(Ljava/lang/String;Ljava/lang/String;)I&android.os.BaseBundle.putString(Ljava/lang/String;Ljava/lang/String;)V&android.content.Context.getPackageName()Ljava/lang/String;&android.text.TextUtils.isEmpty(Ljava/lang/CharSequence;)Z	SDK_INT <= 7	BackwardImprovement	"If you want to support older versions (<= 7), add a check and handle using these APIs: android.os.Bundle.<init>()V --- android.os.BaseBundle.putInt(Ljava/lang/String;I)V --- android.net.http.SslError.getPrimaryError()I --- android.net.http.SslError.getUrl()Ljava/lang/String; --- android.util.Log.i(Ljava/lang/String;Ljava/lang/String;)I --- android.os.BaseBundle.putString(Ljava/lang/String;Ljava/lang/String;)V --- android.content.Context.getPackageName()Ljava/lang/String; --- android.text.TextUtils.isEmpty(Ljava/lang/CharSequence;)Z"	0.0
jp.redmine.redmineclient	3.23	9	28	jp.redmine.redmineclient.fragment.form.DownloadForm.onMove(Landroid/view/View;Landroid/view/MotionEvent;)Z	-1	-1	android.view.MotionEvent.getActionMasked()I	android.view.MotionEvent.getAction()I	SDK_INT <= 7	BackwardImprovement	"If you want to support older versions (<= 7), add a check and handle using these APIs: android.view.MotionEvent.getAction()I"	0.0
