app	version	sdk_min	sdk_trg	method	fromLine	toLine	apis	alternative	ruleCheck	warning	message	confidence
nya.miku.wishmaster	1.5.0	4	23	nya.miku.wishmaster.lib.gallery.FixedSubsamplingScaleImageView.initialiseBaseLayer(Landroid/graphics/Point;)V	-1	-1	android.os.AsyncTask.execute([Ljava/lang/Object;)Landroid/os/AsyncTask;	android.os.AsyncTask.executeOnExecutor(Ljava/util/concurrent/Executor;[Ljava/lang/Object;)Landroid/os/AsyncTask;	SDK_INT <= -1	ForwardImprovement	"[Info] You should use alternative APIs, since you do not support old Android versions (SDK_INT <= -1). Please, use: android.os.AsyncTask.executeOnExecutor(Ljava/util/concurrent/Executor;[Ljava/lang/Object;)Landroid/os/AsyncTask;."	0.0
nya.miku.wishmaster	1.5.0	4	23	nya.miku.wishmaster.lib.gallery.FixedSubsamplingScaleImageView.refreshRequiredTiles(Z)V	-1	-1	android.os.AsyncTask.execute([Ljava/lang/Object;)Landroid/os/AsyncTask;	android.os.AsyncTask.executeOnExecutor(Ljava/util/concurrent/Executor;[Ljava/lang/Object;)Landroid/os/AsyncTask;	SDK_INT <= -1	ForwardImprovement	"[Info] You should use alternative APIs, since you do not support old Android versions (SDK_INT <= -1). Please, use: android.os.AsyncTask.executeOnExecutor(Ljava/util/concurrent/Executor;[Ljava/lang/Object;)Landroid/os/AsyncTask;."	0.0
nya.miku.wishmaster	1.5.0	4	23	nya.miku.wishmaster.lib.gallery.FixedSubsamplingScaleImageView.onTouchEvent(Landroid/view/MotionEvent;)Z	-1	-1	android.view.MotionEvent.getAction()I	android.view.MotionEvent.getActionMasked()I	SDK_INT <= 7	ForwardImprovement	"[Info] You should use these APIs differently in newer Android releases (SDK_INT > 7). Add a check and handle with: android.view.MotionEvent.getActionMasked()I."	0.0
nya.miku.wishmaster	1.5.0	4	23	nya.miku.wishmaster.lib.gallery.FixedSubsamplingScaleImageView.setImageAsset(Ljava/lang/String;Lnya/miku/wishmaster/lib/gallery/FixedSubsamplingScaleImageView$ImageViewState;)V	-1	-1	android.os.AsyncTask.execute([Ljava/lang/Object;)Landroid/os/AsyncTask;	android.os.AsyncTask.executeOnExecutor(Ljava/util/concurrent/Executor;[Ljava/lang/Object;)Landroid/os/AsyncTask;	SDK_INT <= -1	ForwardImprovement	"[Info] You should use alternative APIs, since you do not support old Android versions (SDK_INT <= -1). Please, use: android.os.AsyncTask.executeOnExecutor(Ljava/util/concurrent/Executor;[Ljava/lang/Object;)Landroid/os/AsyncTask;."	0.0
nya.miku.wishmaster	1.5.0	4	23	nya.miku.wishmaster.lib.gallery.FixedSubsamplingScaleImageView.setImageFile(Ljava/lang/String;)V	-1	-1	android.os.AsyncTask.execute([Ljava/lang/Object;)Landroid/os/AsyncTask;	android.os.AsyncTask.executeOnExecutor(Ljava/util/concurrent/Executor;[Ljava/lang/Object;)Landroid/os/AsyncTask;	SDK_INT <= -1	ForwardImprovement	"[Info] You should use alternative APIs, since you do not support old Android versions (SDK_INT <= -1). Please, use: android.os.AsyncTask.executeOnExecutor(Ljava/util/concurrent/Executor;[Ljava/lang/Object;)Landroid/os/AsyncTask;."	0.0
nya.miku.wishmaster	1.5.0	4	23	nya.miku.wishmaster.lib.gallery.FixedSubsamplingScaleImageView.setImageFile(Ljava/lang/String;Lnya/miku/wishmaster/lib/gallery/FixedSubsamplingScaleImageView$ImageViewState;)V	-1	-1	android.os.AsyncTask.execute([Ljava/lang/Object;)Landroid/os/AsyncTask;	android.os.AsyncTask.executeOnExecutor(Ljava/util/concurrent/Executor;[Ljava/lang/Object;)Landroid/os/AsyncTask;	SDK_INT <= -1	ForwardImprovement	"[Info] You should use alternative APIs, since you do not support old Android versions (SDK_INT <= -1). Please, use: android.os.AsyncTask.executeOnExecutor(Ljava/util/concurrent/Executor;[Ljava/lang/Object;)Landroid/os/AsyncTask;."	0.0
