app	version	sdk_min	sdk_trg	method	fromLine	toLine	apis	alternative	ruleCheck	warning	message	confidence
net.nightwhistler.pageturner	null	7	19	com.actionbarsherlock.internal.nineoldandroids.view.NineViewGroup.setAlpha(F)V	-1	-1	android.view.View.setAlpha(F)V	android.view.View.setVisibility(I)V	SDK_INT <= 10	BackwardCriticalBug	"[Critical] You should use different APIs in old Android versions (SDK_INT > 10). Use these APIs instead: android.view.View.setVisibility(I)V."	0.0
net.nightwhistler.pageturner	null	7	19	com.actionbarsherlock.internal.nineoldandroids.widget.NineFrameLayout.setAlpha(F)V	-1	-1	android.view.View.setAlpha(F)V	android.view.View.setVisibility(I)V	SDK_INT <= 10	BackwardCriticalBug	"[Critical] You should use different APIs in old Android versions (SDK_INT > 10). Use these APIs instead: android.view.View.setVisibility(I)V."	0.0
net.nightwhistler.pageturner	null	7	19	com.actionbarsherlock.internal.nineoldandroids.widget.NineHorizontalScrollView.setAlpha(F)V	-1	-1	android.view.View.setAlpha(F)V	android.view.View.setVisibility(I)V	SDK_INT <= 10	BackwardCriticalBug	"[Critical] You should use different APIs in old Android versions (SDK_INT > 10). Use these APIs instead: android.view.View.setVisibility(I)V."	0.0
net.nightwhistler.pageturner	null	7	19	com.actionbarsherlock.internal.nineoldandroids.widget.NineLinearLayout.setAlpha(F)V	-1	-1	android.view.View.setAlpha(F)V	android.view.View.setVisibility(I)V	SDK_INT <= 10	BackwardCriticalBug	"[Critical] You should use different APIs in old Android versions (SDK_INT > 10). Use these APIs instead: android.view.View.setVisibility(I)V."	0.0
net.nightwhistler.pageturner	null	7	19	net.nightwhistler.pageturner.fragment.BookDetailsFragment.lambda$doSetFeed$3(Lnet/nightwhistler/pageturner/catalog/LoadThumbnailTask;Lnet/nightwhistler/nucular/atom/Link;)V	-1	-1	android.os.AsyncTask.execute([Ljava/lang/Object;)Landroid/os/AsyncTask;	android.os.AsyncTask.executeOnExecutor(Ljava/util/concurrent/Executor;[Ljava/lang/Object;)Landroid/os/AsyncTask;	SDK_INT <= -1	ForwardImprovement	"[Info] You should use alternative APIs, since you do not support old Android versions (SDK_INT <= -1). Please, use: android.os.AsyncTask.executeOnExecutor(Ljava/util/concurrent/Executor;[Ljava/lang/Object;)Landroid/os/AsyncTask;."	0.0
net.nightwhistler.pageturner	null	7	19	net.nightwhistler.pageturner.fragment.BookDetailsFragment.startDownload(ZLjava/lang/String;)V	-1	-1	android.os.AsyncTask.execute([Ljava/lang/Object;)Landroid/os/AsyncTask;	android.os.AsyncTask.executeOnExecutor(Ljava/util/concurrent/Executor;[Ljava/lang/Object;)Landroid/os/AsyncTask;	SDK_INT <= -1	ForwardImprovement	"[Info] You should use alternative APIs, since you do not support old Android versions (SDK_INT <= -1). Please, use: android.os.AsyncTask.executeOnExecutor(Ljava/util/concurrent/Executor;[Ljava/lang/Object;)Landroid/os/AsyncTask;."	0.0
net.nightwhistler.pageturner	null	7	19	net.nightwhistler.pageturner.fragment.ReadingFragment.loadNewBook(Ljava/lang/String;)V	-1	-1	android.os.AsyncTask.execute([Ljava/lang/Object;)Landroid/os/AsyncTask;	android.os.AsyncTask.executeOnExecutor(Ljava/util/concurrent/Executor;[Ljava/lang/Object;)Landroid/os/AsyncTask;	SDK_INT <= -1	ForwardImprovement	"[Info] You should use alternative APIs, since you do not support old Android versions (SDK_INT <= -1). Please, use: android.os.AsyncTask.executeOnExecutor(Ljava/util/concurrent/Executor;[Ljava/lang/Object;)Landroid/os/AsyncTask;."	0.0
net.nightwhistler.pageturner	null	7	19	net.nightwhistler.pageturner.fragment.ReadingFragment.onActivityCreated(Landroid/os/Bundle;)V	-1	-1	android.os.AsyncTask.execute([Ljava/lang/Object;)Landroid/os/AsyncTask;	android.os.AsyncTask.executeOnExecutor(Ljava/util/concurrent/Executor;[Ljava/lang/Object;)Landroid/os/AsyncTask;	SDK_INT <= -1	ForwardImprovement	"[Info] You should use alternative APIs, since you do not support old Android versions (SDK_INT <= -1). Please, use: android.os.AsyncTask.executeOnExecutor(Ljava/util/concurrent/Executor;[Ljava/lang/Object;)Landroid/os/AsyncTask;."	0.0
net.nightwhistler.pageturner	null	7	19	net.nightwhistler.pageturner.fragment.ReadingFragment.onOptionsItemSelected(Lcom/actionbarsherlock/view/MenuItem;)Z	-1	-1	android.os.AsyncTask.execute([Ljava/lang/Object;)Landroid/os/AsyncTask;	android.os.AsyncTask.executeOnExecutor(Ljava/util/concurrent/Executor;[Ljava/lang/Object;)Landroid/os/AsyncTask;	SDK_INT <= -1	ForwardImprovement	"[Info] You should use alternative APIs, since you do not support old Android versions (SDK_INT <= -1). Please, use: android.os.AsyncTask.executeOnExecutor(Ljava/util/concurrent/Executor;[Ljava/lang/Object;)Landroid/os/AsyncTask;."	0.0
