app	version	sdk_min	sdk_trg	method	fromLine	toLine	apis	alternative	ruleCheck	warning	message	confidence
org.secuso.privacyfriendlypaindiary	1.0	21	26	com.prolificinteractive.materialcalendarview.DirectionButton.setEnabled(Z)V	-1	-1	android.view.View.setAlpha(F)V	android.view.View.setVisibility(I)V	SDK_INT <= 10	BackwardImprovement	"If you want to support older versions (<= 10), add a check and handle using these APIs: android.view.View.setVisibility(I)V"	0.0
org.secuso.privacyfriendlypaindiary	1.0	21	26	com.prolificinteractive.materialcalendarview.TitleChanger.doChange(JLcom/prolificinteractive/materialcalendarview/CalendarDay;Z)V	-1	-1	android.view.View.setAlpha(F)V	android.view.View.setVisibility(I)V	SDK_INT <= 10	BackwardImprovement	"If you want to support older versions (<= 10), add a check and handle using these APIs: android.view.View.setVisibility(I)V"	0.0
org.secuso.privacyfriendlypaindiary	1.0	21	26	com.prolificinteractive.materialcalendarview.CalendarPagerAdapter.instantiateItem(Landroid/view/ViewGroup;I)Ljava/lang/Object;	-1	-1	android.view.View.setAlpha(F)V	android.view.View.setVisibility(I)V	SDK_INT <= 10	BackwardImprovement	"If you want to support older versions (<= 10), add a check and handle using these APIs: android.view.View.setVisibility(I)V"	0.0
org.secuso.privacyfriendlypaindiary	1.0	21	26	com.prolificinteractive.materialcalendarview.MaterialCalendarView$3.transformPage(Landroid/view/View;F)V	-1	-1	android.view.View.setAlpha(F)V	android.view.View.setVisibility(I)V	SDK_INT <= 10	BackwardImprovement	"If you want to support older versions (<= 10), add a check and handle using these APIs: android.view.View.setVisibility(I)V"	0.0
org.secuso.privacyfriendlypaindiary	1.0	21	26	com.prolificinteractive.materialcalendarview.TitleChanger$1.onAnimationCancel(Landroid/animation/Animator;)V	-1	-1	android.view.View.setAlpha(F)V	android.view.View.setVisibility(I)V	SDK_INT <= 10	BackwardImprovement	"If you want to support older versions (<= 10), add a check and handle using these APIs: android.view.View.setVisibility(I)V"	0.0
org.secuso.privacyfriendlypaindiary	1.0	21	26	org.secuso.privacyfriendlypaindiary.activities.AboutActivity.onCreate(Landroid/os/Bundle;)V	-1	-1	android.view.View.setAlpha(F)V	android.view.View.setVisibility(I)V	SDK_INT <= 10	BackwardImprovement	"If you want to support older versions (<= 10), add a check and handle using these APIs: android.view.View.setVisibility(I)V"	0.0
org.secuso.privacyfriendlypaindiary	1.0	21	26	org.secuso.privacyfriendlypaindiary.activities.BaseActivity.onPostCreate(Landroid/os/Bundle;)V	-1	-1	android.view.View.setAlpha(F)V	android.view.View.setVisibility(I)V	SDK_INT <= 10	BackwardImprovement	"If you want to support older versions (<= 10), add a check and handle using these APIs: android.view.View.setVisibility(I)V"	0.0
