app	version	sdk_min	sdk_trg	method	fromLine	toLine	apis	alternative	ruleCheck	warning	message	confidence
at.tacticaldevc.panictrigger	v0.4	23	28	org.osmdroid.tileprovider.cachemanager.CacheManager.execute(Lorg/osmdroid/tileprovider/cachemanager/CacheManager$CacheManagerTask;)Lorg/osmdroid/tileprovider/cachemanager/CacheManager$CacheManagerTask;	-1	-1	android.os.AsyncTask.execute([Ljava/lang/Object;)Landroid/os/AsyncTask;	android.os.AsyncTask.executeOnExecutor(Ljava/util/concurrent/Executor;[Ljava/lang/Object;)Landroid/os/AsyncTask;	SDK_INT <= -1	ForwardImprovement	"[Info] You should use alternative APIs, since you do not support old Android versions (SDK_INT <= -1). Please, use: android.os.AsyncTask.executeOnExecutor(Ljava/util/concurrent/Executor;[Ljava/lang/Object;)Landroid/os/AsyncTask;."	0.0
at.tacticaldevc.panictrigger	v0.4	23	28	at.tacticaldevc.panictrigger.TriggerActivity.onCreate(Landroid/os/Bundle;)V	-1	-1	android.content.ContextWrapper.checkSelfPermission(Ljava/lang/String;)I		SDK_INT <= 22	BackwardImprovement	"If you want to support older versions (<= 22), add a check and handle using these APIs: "	0.0
at.tacticaldevc.panictrigger	v0.4	23	28	at.tacticaldevc.panictrigger.TriggerActivity.onCreate(Landroid/os/Bundle;)V	-1	-1	android.content.ContextWrapper.checkSelfPermission(Ljava/lang/String;)I		SDK_INT <= 22	BackwardImprovement	"If you want to support older versions (<= 22), add a check and handle using these APIs: "	0.0
at.tacticaldevc.panictrigger	v0.4	23	28	at.tacticaldevc.panictrigger.TriggerActivity.onCreate(Landroid/os/Bundle;)V	-1	-1	android.content.ContextWrapper.checkSelfPermission(Ljava/lang/String;)I		SDK_INT <= 22	BackwardImprovement	"If you want to support older versions (<= 22), add a check and handle using these APIs: "	0.0
at.tacticaldevc.panictrigger	v0.4	23	28	at.tacticaldevc.panictrigger.TriggerActivity.onCreate(Landroid/os/Bundle;)V	-1	-1	android.content.ContextWrapper.checkSelfPermission(Ljava/lang/String;)I		SDK_INT <= 22	BackwardImprovement	"If you want to support older versions (<= 22), add a check and handle using these APIs: "	0.0
at.tacticaldevc.panictrigger	v0.4	23	28	at.tacticaldevc.panictrigger.TriggerActivity.onCreate(Landroid/os/Bundle;)V	-1	-1	android.content.ContextWrapper.checkSelfPermission(Ljava/lang/String;)I		SDK_INT <= 22	BackwardImprovement	"If you want to support older versions (<= 22), add a check and handle using these APIs: "	0.0
at.tacticaldevc.panictrigger	v0.4	23	28	at.tacticaldevc.panictrigger.TriggerActivity.onCreate(Landroid/os/Bundle;)V	-1	-1	android.app.Activity.requestPermissions([Ljava/lang/String;I)V		SDK_INT <= 22	BackwardImprovement	"If you want to support older versions (<= 22), add a check and handle using these APIs: "	0.0
at.tacticaldevc.panictrigger	v0.4	23	28	at.tacticaldevc.panictrigger.TriggerActivity.onCreate(Landroid/os/Bundle;)V	-1	-1	android.content.ContextWrapper.checkSelfPermission(Ljava/lang/String;)I		SDK_INT <= 22	BackwardImprovement	"If you want to support older versions (<= 22), add a check and handle using these APIs: "	0.0
at.tacticaldevc.panictrigger	v0.4	23	28	at.tacticaldevc.panictrigger.TriggerActivity.onCreate(Landroid/os/Bundle;)V	-1	-1	android.content.ContextWrapper.checkSelfPermission(Ljava/lang/String;)I		SDK_INT <= 22	BackwardImprovement	"If you want to support older versions (<= 22), add a check and handle using these APIs: "	0.0
at.tacticaldevc.panictrigger	v0.4	23	28	at.tacticaldevc.panictrigger.TriggerActivity.onCreate(Landroid/os/Bundle;)V	-1	-1	android.content.ContextWrapper.checkSelfPermission(Ljava/lang/String;)I		SDK_INT <= 22	BackwardImprovement	"If you want to support older versions (<= 22), add a check and handle using these APIs: "	0.0
at.tacticaldevc.panictrigger	v0.4	23	28	at.tacticaldevc.panictrigger.TriggerActivity.onCreate(Landroid/os/Bundle;)V	-1	-1	android.content.ContextWrapper.checkSelfPermission(Ljava/lang/String;)I		SDK_INT <= 22	BackwardImprovement	"If you want to support older versions (<= 22), add a check and handle using these APIs: "	0.0
at.tacticaldevc.panictrigger	v0.4	23	28	org.osmdroid.views.overlay.gestures.RotationGestureDetector.onTouch(Landroid/view/MotionEvent;)V	-1	-1	android.view.MotionEvent.getActionMasked()I	android.view.MotionEvent.getAction()I	SDK_INT <= 7	BackwardImprovement	"If you want to support older versions (<= 7), add a check and handle using these APIs: android.view.MotionEvent.getAction()I"	0.0
