app	version	sdk_min	sdk_trg	method	fromLine	toLine	apis	alternative	ruleCheck	warning	message	confidence
org.ligi.passandroid	3.4.9	9	25	com.nineoldandroids.view.ViewHelper$Honeycomb.setAlpha(Landroid/view/View;F)V	-1	-1	android.view.View.setAlpha(F)V	android.view.View.setVisibility(I)V	SDK_INT <= 10	BackwardCriticalBug	"[Critical] You should use different APIs in old Android versions (SDK_INT > 10). Use these APIs instead: android.view.View.setVisibility(I)V."	0.0
org.ligi.passandroid	3.4.9	9	25	com.nineoldandroids.view.ViewHelper$Honeycomb.setScaleY(Landroid/view/View;F)V	-1	-1	android.view.View.setScaleY(F)V		SDK_INT <= 10	BackwardCriticalBug	"[Critical] The APIs you are using must be used only in new Android versions (SDK_INT <= 10). Check the Android version before using them. "	0.0
org.ligi.passandroid	3.4.9	9	25	com.nineoldandroids.view.ViewPropertyAnimatorHC.setValue(IF)V	-1	-1	android.view.View.setAlpha(F)V	android.view.View.setVisibility(I)V	SDK_INT <= 10	BackwardCriticalBug	"[Critical] You should use different APIs in old Android versions (SDK_INT > 10). Use these APIs instead: android.view.View.setVisibility(I)V."	0.0
org.ligi.passandroid	3.4.9	9	25	com.nineoldandroids.view.ViewPropertyAnimatorHC.setValue(IF)V	-1	-1	android.view.View.setScaleY(F)V		SDK_INT <= 10	BackwardCriticalBug	"[Critical] The APIs you are using must be used only in new Android versions (SDK_INT <= 10). Check the Android version before using them. "	0.0
org.ligi.passandroid	3.4.9	9	25	com.squareup.leakcanary.internal.DisplayLeakActivity.updateUi()V	-1	-1	android.view.View.setVisibility(I)V	android.view.animation.AlphaAnimation.<init>(FF)V&android.view.animation.Animation.setRepeatCount(I)V&android.view.View.startAnimation(Landroid/view/animation/Animation;)V&android.view.animation.Animation.setFillAfter(Z)V&android.view.animation.Animation.setDuration(J)V	SDK_INT <= 10	ForwardImprovement	"[Info] You should use these APIs differently in newer Android releases (SDK_INT > 10). Add a check and handle with: android.view.animation.AlphaAnimation.<init>(FF)V --- android.view.animation.Animation.setRepeatCount(I)V --- android.view.View.startAnimation(Landroid/view/animation/Animation;)V --- android.view.animation.Animation.setFillAfter(Z)V --- android.view.animation.Animation.setDuration(J)V."	0.0
org.ligi.passandroid	3.4.9	9	25	com.squareup.leakcanary.internal.DisplayLeakActivity.updateUi()V	-1	-1	android.view.View.setVisibility(I)V	android.view.View.setAlpha(F)V	SDK_INT <= 10	ForwardImprovement	"[Info] You should use these APIs differently in newer Android releases (SDK_INT > 10). Add a check and handle with: android.view.View.setAlpha(F)V."	0.0
org.ligi.passandroid	3.4.9	9	25	com.squareup.leakcanary.internal.DisplayLeakActivity.updateUi()V	-1	-1	android.view.View.setVisibility(I)V	android.view.animation.AlphaAnimation.<init>(FF)V&android.view.animation.Animation.setRepeatCount(I)V&android.view.View.startAnimation(Landroid/view/animation/Animation;)V&android.view.animation.Animation.setFillAfter(Z)V&android.view.animation.Animation.setDuration(J)V	SDK_INT <= 10	ForwardImprovement	"[Info] You should use these APIs differently in newer Android releases (SDK_INT > 10). Add a check and handle with: android.view.animation.AlphaAnimation.<init>(FF)V --- android.view.animation.Animation.setRepeatCount(I)V --- android.view.View.startAnimation(Landroid/view/animation/Animation;)V --- android.view.animation.Animation.setFillAfter(Z)V --- android.view.animation.Animation.setDuration(J)V."	0.0
org.ligi.passandroid	3.4.9	9	25	com.squareup.leakcanary.internal.DisplayLeakActivity.updateUi()V	-1	-1	android.view.View.setVisibility(I)V	android.view.View.setAlpha(F)V	SDK_INT <= 10	ForwardImprovement	"[Info] You should use these APIs differently in newer Android releases (SDK_INT > 10). Add a check and handle with: android.view.View.setAlpha(F)V."	0.0
org.ligi.passandroid	3.4.9	9	25	com.squareup.leakcanary.internal.DisplayLeakActivity.updateUi()V	-1	-1	android.view.View.setVisibility(I)V	android.view.animation.AlphaAnimation.<init>(FF)V&android.view.animation.Animation.setRepeatCount(I)V&android.view.View.startAnimation(Landroid/view/animation/Animation;)V&android.view.animation.Animation.setFillAfter(Z)V&android.view.animation.Animation.setDuration(J)V	SDK_INT <= 10	ForwardImprovement	"[Info] You should use these APIs differently in newer Android releases (SDK_INT > 10). Add a check and handle with: android.view.animation.AlphaAnimation.<init>(FF)V --- android.view.animation.Animation.setRepeatCount(I)V --- android.view.View.startAnimation(Landroid/view/animation/Animation;)V --- android.view.animation.Animation.setFillAfter(Z)V --- android.view.animation.Animation.setDuration(J)V."	0.0
org.ligi.passandroid	3.4.9	9	25	com.squareup.leakcanary.internal.DisplayLeakActivity.updateUi()V	-1	-1	android.view.View.setVisibility(I)V	android.view.View.setAlpha(F)V	SDK_INT <= 10	ForwardImprovement	"[Info] You should use these APIs differently in newer Android releases (SDK_INT > 10). Add a check and handle with: android.view.View.setAlpha(F)V."	0.0
org.ligi.passandroid	3.4.9	9	25	com.squareup.leakcanary.internal.DisplayLeakActivity.updateUi()V	-1	-1	android.view.View.setVisibility(I)V	android.view.animation.AlphaAnimation.<init>(FF)V&android.view.animation.Animation.setRepeatCount(I)V&android.view.View.startAnimation(Landroid/view/animation/Animation;)V&android.view.animation.Animation.setFillAfter(Z)V&android.view.animation.Animation.setDuration(J)V	SDK_INT <= 10	ForwardImprovement	"[Info] You should use these APIs differently in newer Android releases (SDK_INT > 10). Add a check and handle with: android.view.animation.AlphaAnimation.<init>(FF)V --- android.view.animation.Animation.setRepeatCount(I)V --- android.view.View.startAnimation(Landroid/view/animation/Animation;)V --- android.view.animation.Animation.setFillAfter(Z)V --- android.view.animation.Animation.setDuration(J)V."	0.0
org.ligi.passandroid	3.4.9	9	25	com.squareup.leakcanary.internal.DisplayLeakActivity.updateUi()V	-1	-1	android.view.View.setVisibility(I)V	android.view.View.setAlpha(F)V	SDK_INT <= 10	ForwardImprovement	"[Info] You should use these APIs differently in newer Android releases (SDK_INT > 10). Add a check and handle with: android.view.View.setAlpha(F)V."	0.0
org.ligi.passandroid	3.4.9	9	25	com.squareup.leakcanary.internal.DisplayLeakActivity.updateUi()V	-1	-1	android.view.View.setVisibility(I)V	android.view.animation.AlphaAnimation.<init>(FF)V&android.view.animation.Animation.setRepeatCount(I)V&android.view.View.startAnimation(Landroid/view/animation/Animation;)V&android.view.animation.Animation.setFillAfter(Z)V&android.view.animation.Animation.setDuration(J)V	SDK_INT <= 10	ForwardImprovement	"[Info] You should use these APIs differently in newer Android releases (SDK_INT > 10). Add a check and handle with: android.view.animation.AlphaAnimation.<init>(FF)V --- android.view.animation.Animation.setRepeatCount(I)V --- android.view.View.startAnimation(Landroid/view/animation/Animation;)V --- android.view.animation.Animation.setFillAfter(Z)V --- android.view.animation.Animation.setDuration(J)V."	0.0
org.ligi.passandroid	3.4.9	9	25	com.squareup.leakcanary.internal.DisplayLeakActivity.updateUi()V	-1	-1	android.view.View.setVisibility(I)V	android.view.View.setAlpha(F)V	SDK_INT <= 10	ForwardImprovement	"[Info] You should use these APIs differently in newer Android releases (SDK_INT > 10). Add a check and handle with: android.view.View.setAlpha(F)V."	0.0
org.ligi.passandroid	3.4.9	9	25	com.squareup.leakcanary.internal.DisplayLeakActivity.updateUi()V	-1	-1	android.view.View.setVisibility(I)V	android.view.animation.AlphaAnimation.<init>(FF)V&android.view.animation.Animation.setRepeatCount(I)V&android.view.View.startAnimation(Landroid/view/animation/Animation;)V&android.view.animation.Animation.setFillAfter(Z)V&android.view.animation.Animation.setDuration(J)V	SDK_INT <= 10	ForwardImprovement	"[Info] You should use these APIs differently in newer Android releases (SDK_INT > 10). Add a check and handle with: android.view.animation.AlphaAnimation.<init>(FF)V --- android.view.animation.Animation.setRepeatCount(I)V --- android.view.View.startAnimation(Landroid/view/animation/Animation;)V --- android.view.animation.Animation.setFillAfter(Z)V --- android.view.animation.Animation.setDuration(J)V."	0.0
org.ligi.passandroid	3.4.9	9	25	com.squareup.leakcanary.internal.DisplayLeakActivity.updateUi()V	-1	-1	android.view.View.setVisibility(I)V	android.view.View.setAlpha(F)V	SDK_INT <= 10	ForwardImprovement	"[Info] You should use these APIs differently in newer Android releases (SDK_INT > 10). Add a check and handle with: android.view.View.setAlpha(F)V."	0.0
org.ligi.passandroid	3.4.9	9	25	com.squareup.leakcanary.internal.DisplayLeakActivity.updateUi()V	-1	-1	android.view.View.setVisibility(I)V	android.view.animation.AlphaAnimation.<init>(FF)V&android.view.animation.Animation.setRepeatCount(I)V&android.view.View.startAnimation(Landroid/view/animation/Animation;)V&android.view.animation.Animation.setFillAfter(Z)V&android.view.animation.Animation.setDuration(J)V	SDK_INT <= 10	ForwardImprovement	"[Info] You should use these APIs differently in newer Android releases (SDK_INT > 10). Add a check and handle with: android.view.animation.AlphaAnimation.<init>(FF)V --- android.view.animation.Animation.setRepeatCount(I)V --- android.view.View.startAnimation(Landroid/view/animation/Animation;)V --- android.view.animation.Animation.setFillAfter(Z)V --- android.view.animation.Animation.setDuration(J)V."	0.0
org.ligi.passandroid	3.4.9	9	25	com.squareup.leakcanary.internal.DisplayLeakActivity.updateUi()V	-1	-1	android.view.View.setVisibility(I)V	android.view.View.setAlpha(F)V	SDK_INT <= 10	ForwardImprovement	"[Info] You should use these APIs differently in newer Android releases (SDK_INT > 10). Add a check and handle with: android.view.View.setAlpha(F)V."	0.0
org.ligi.passandroid	3.4.9	9	25	org.ligi.passandroid.ui.ExtractURLAsIphoneActivity.onCreate(Landroid/os/Bundle;)V	-1	-1	android.os.AsyncTask.execute([Ljava/lang/Object;)Landroid/os/AsyncTask;	android.os.AsyncTask.executeOnExecutor(Ljava/util/concurrent/Executor;[Ljava/lang/Object;)Landroid/os/AsyncTask;	SDK_INT <= -1	ForwardImprovement	"[Info] You should use alternative APIs, since you do not support old Android versions (SDK_INT <= -1). Please, use: android.os.AsyncTask.executeOnExecutor(Ljava/util/concurrent/Executor;[Ljava/lang/Object;)Landroid/os/AsyncTask;."	0.0
