app	version	sdk_min	sdk_trg	method	fromLine	toLine	apis	alternative	ruleCheck	warning	message	confidence
com.kabouzeid.gramophone.debug	null	19	27	com.anjlab.android.iab.v3.BillingProcessor$1.onServiceConnected(Landroid/content/ComponentName;Landroid/os/IBinder;)V	-1	-1	android.os.AsyncTask.execute([Ljava/lang/Object;)Landroid/os/AsyncTask;	android.os.AsyncTask.executeOnExecutor(Ljava/util/concurrent/Executor;[Ljava/lang/Object;)Landroid/os/AsyncTask;	SDK_INT <= -1	ForwardImprovement	"[Info] You should use alternative APIs, since you do not support old Android versions (SDK_INT <= -1). Please, use: android.os.AsyncTask.executeOnExecutor(Ljava/util/concurrent/Executor;[Ljava/lang/Object;)Landroid/os/AsyncTask;."	0.0
com.kabouzeid.gramophone.debug	null	19	27	com.kabouzeid.gramophone.helper.menu.PlaylistMenuHelper.handleMenuClick(Landroid/support/v7/app/AppCompatActivity;Lcom/kabouzeid/gramophone/model/Playlist;Landroid/view/MenuItem;)Z	-1	-1	android.os.AsyncTask.execute([Ljava/lang/Object;)Landroid/os/AsyncTask;	android.os.AsyncTask.executeOnExecutor(Ljava/util/concurrent/Executor;[Ljava/lang/Object;)Landroid/os/AsyncTask;	SDK_INT <= -1	ForwardImprovement	"[Info] You should use alternative APIs, since you do not support old Android versions (SDK_INT <= -1). Please, use: android.os.AsyncTask.executeOnExecutor(Ljava/util/concurrent/Executor;[Ljava/lang/Object;)Landroid/os/AsyncTask;."	0.0
com.kabouzeid.gramophone.debug	null	19	27	com.kabouzeid.gramophone.util.CustomArtistImageUtil.resetCustomArtistImage(Lcom/kabouzeid/gramophone/model/Artist;)V	-1	-1	android.os.AsyncTask.execute([Ljava/lang/Object;)Landroid/os/AsyncTask;	android.os.AsyncTask.executeOnExecutor(Ljava/util/concurrent/Executor;[Ljava/lang/Object;)Landroid/os/AsyncTask;	SDK_INT <= -1	ForwardImprovement	"[Info] You should use alternative APIs, since you do not support old Android versions (SDK_INT <= -1). Please, use: android.os.AsyncTask.executeOnExecutor(Ljava/util/concurrent/Executor;[Ljava/lang/Object;)Landroid/os/AsyncTask;."	0.0
com.kabouzeid.gramophone.debug	null	19	27	com.kabouzeid.gramophone.adapter.PlaylistAdapter.onMultipleItemAction(Landroid/view/MenuItem;Ljava/util/ArrayList;)V	-1	-1	android.os.AsyncTask.execute([Ljava/lang/Object;)Landroid/os/AsyncTask;	android.os.AsyncTask.executeOnExecutor(Ljava/util/concurrent/Executor;[Ljava/lang/Object;)Landroid/os/AsyncTask;	SDK_INT <= -1	ForwardImprovement	"[Info] You should use alternative APIs, since you do not support old Android versions (SDK_INT <= -1). Please, use: android.os.AsyncTask.executeOnExecutor(Ljava/util/concurrent/Executor;[Ljava/lang/Object;)Landroid/os/AsyncTask;."	0.0
com.kabouzeid.gramophone.debug	null	19	27	com.kabouzeid.gramophone.ui.activities.bugreport.BugReportActivity$ReportIssueAsyncTask.report(Landroid/app/Activity;Lcom/kabouzeid/gramophone/ui/activities/bugreport/model/Report;Lcom/kabouzeid/gramophone/ui/activities/bugreport/model/github/GithubTarget;Lcom/kabouzeid/gramophone/ui/activities/bugreport/model/github/GithubLogin;)V	-1	-1	android.os.AsyncTask.execute([Ljava/lang/Object;)Landroid/os/AsyncTask;	android.os.AsyncTask.executeOnExecutor(Ljava/util/concurrent/Executor;[Ljava/lang/Object;)Landroid/os/AsyncTask;	SDK_INT <= -1	ForwardImprovement	"[Info] You should use alternative APIs, since you do not support old Android versions (SDK_INT <= -1). Please, use: android.os.AsyncTask.executeOnExecutor(Ljava/util/concurrent/Executor;[Ljava/lang/Object;)Landroid/os/AsyncTask;."	0.0
com.kabouzeid.gramophone.debug	null	19	27	com.kabouzeid.gramophone.dialogs.DonationsDialog.loadSkuDetails()V	-1	-1	android.os.AsyncTask.execute([Ljava/lang/Object;)Landroid/os/AsyncTask;	android.os.AsyncTask.executeOnExecutor(Ljava/util/concurrent/Executor;[Ljava/lang/Object;)Landroid/os/AsyncTask;	SDK_INT <= -1	ForwardImprovement	"[Info] You should use alternative APIs, since you do not support old Android versions (SDK_INT <= -1). Please, use: android.os.AsyncTask.executeOnExecutor(Ljava/util/concurrent/Executor;[Ljava/lang/Object;)Landroid/os/AsyncTask;."	0.0
com.kabouzeid.gramophone.debug	null	19	27	com.kabouzeid.gramophone.dialogs.ScanMediaFolderChooserDialog.lambda$onCreateDialog$1(Lcom/kabouzeid/gramophone/dialogs/ScanMediaFolderChooserDialog;Lcom/afollestad/materialdialogs/MaterialDialog;Lcom/afollestad/materialdialogs/DialogAction;)V	-1	-1	android.os.AsyncTask.execute([Ljava/lang/Object;)Landroid/os/AsyncTask;	android.os.AsyncTask.executeOnExecutor(Ljava/util/concurrent/Executor;[Ljava/lang/Object;)Landroid/os/AsyncTask;	SDK_INT <= -1	ForwardImprovement	"[Info] You should use alternative APIs, since you do not support old Android versions (SDK_INT <= -1). Please, use: android.os.AsyncTask.executeOnExecutor(Ljava/util/concurrent/Executor;[Ljava/lang/Object;)Landroid/os/AsyncTask;."	0.0
com.kabouzeid.gramophone.debug	null	19	27	com.kabouzeid.gramophone.ui.fragments.mainactivity.folders.FoldersFragment.lambda$onFileMenuClicked$11(Lcom/kabouzeid/gramophone/ui/fragments/mainactivity/folders/FoldersFragment;Ljava/io/File;Landroid/view/MenuItem;)Z	-1	-1	android.os.AsyncTask.execute([Ljava/lang/Object;)Landroid/os/AsyncTask;	android.os.AsyncTask.executeOnExecutor(Ljava/util/concurrent/Executor;[Ljava/lang/Object;)Landroid/os/AsyncTask;	SDK_INT <= -1	ForwardImprovement	"[Info] You should use alternative APIs, since you do not support old Android versions (SDK_INT <= -1). Please, use: android.os.AsyncTask.executeOnExecutor(Ljava/util/concurrent/Executor;[Ljava/lang/Object;)Landroid/os/AsyncTask;."	0.0
com.kabouzeid.gramophone.debug	null	19	27	com.kabouzeid.gramophone.ui.fragments.mainactivity.folders.FoldersFragment.lambda$onFileMenuClicked$8(Lcom/kabouzeid/gramophone/ui/fragments/mainactivity/folders/FoldersFragment;Ljava/io/File;Landroid/view/MenuItem;)Z	-1	-1	android.os.AsyncTask.execute([Ljava/lang/Object;)Landroid/os/AsyncTask;	android.os.AsyncTask.executeOnExecutor(Ljava/util/concurrent/Executor;[Ljava/lang/Object;)Landroid/os/AsyncTask;	SDK_INT <= -1	ForwardImprovement	"[Info] You should use alternative APIs, since you do not support old Android versions (SDK_INT <= -1). Please, use: android.os.AsyncTask.executeOnExecutor(Ljava/util/concurrent/Executor;[Ljava/lang/Object;)Landroid/os/AsyncTask;."	0.0
com.kabouzeid.gramophone.debug	null	19	27	com.kabouzeid.gramophone.ui.fragments.mainactivity.folders.FoldersFragment.lambda$onFileMenuClicked$8(Lcom/kabouzeid/gramophone/ui/fragments/mainactivity/folders/FoldersFragment;Ljava/io/File;Landroid/view/MenuItem;)Z	-1	-1	android.os.AsyncTask.execute([Ljava/lang/Object;)Landroid/os/AsyncTask;	android.os.AsyncTask.executeOnExecutor(Ljava/util/concurrent/Executor;[Ljava/lang/Object;)Landroid/os/AsyncTask;	SDK_INT <= -1	ForwardImprovement	"[Info] You should use alternative APIs, since you do not support old Android versions (SDK_INT <= -1). Please, use: android.os.AsyncTask.executeOnExecutor(Ljava/util/concurrent/Executor;[Ljava/lang/Object;)Landroid/os/AsyncTask;."	0.0
com.kabouzeid.gramophone.debug	null	19	27	com.kabouzeid.gramophone.ui.fragments.mainactivity.folders.FoldersFragment.onFileSelected(Ljava/io/File;)V	-1	-1	android.os.AsyncTask.execute([Ljava/lang/Object;)Landroid/os/AsyncTask;	android.os.AsyncTask.executeOnExecutor(Ljava/util/concurrent/Executor;[Ljava/lang/Object;)Landroid/os/AsyncTask;	SDK_INT <= -1	ForwardImprovement	"[Info] You should use alternative APIs, since you do not support old Android versions (SDK_INT <= -1). Please, use: android.os.AsyncTask.executeOnExecutor(Ljava/util/concurrent/Executor;[Ljava/lang/Object;)Landroid/os/AsyncTask;."	0.0
com.kabouzeid.gramophone.debug	null	19	27	com.kabouzeid.gramophone.ui.fragments.mainactivity.folders.FoldersFragment.onMultipleItemAction(Landroid/view/MenuItem;Ljava/util/ArrayList;)V	-1	-1	android.os.AsyncTask.execute([Ljava/lang/Object;)Landroid/os/AsyncTask;	android.os.AsyncTask.executeOnExecutor(Ljava/util/concurrent/Executor;[Ljava/lang/Object;)Landroid/os/AsyncTask;	SDK_INT <= -1	ForwardImprovement	"[Info] You should use alternative APIs, since you do not support old Android versions (SDK_INT <= -1). Please, use: android.os.AsyncTask.executeOnExecutor(Ljava/util/concurrent/Executor;[Ljava/lang/Object;)Landroid/os/AsyncTask;."	0.0
com.kabouzeid.gramophone.debug	null	19	27	com.kabouzeid.gramophone.ui.fragments.mainactivity.folders.FoldersFragment.onOptionsItemSelected(Landroid/view/MenuItem;)Z	-1	-1	android.os.AsyncTask.execute([Ljava/lang/Object;)Landroid/os/AsyncTask;	android.os.AsyncTask.executeOnExecutor(Ljava/util/concurrent/Executor;[Ljava/lang/Object;)Landroid/os/AsyncTask;	SDK_INT <= -1	ForwardImprovement	"[Info] You should use alternative APIs, since you do not support old Android versions (SDK_INT <= -1). Please, use: android.os.AsyncTask.executeOnExecutor(Ljava/util/concurrent/Executor;[Ljava/lang/Object;)Landroid/os/AsyncTask;."	0.0
com.kabouzeid.gramophone.debug	null	19	27	com.kabouzeid.gramophone.ui.fragments.player.card.CardPlayerFragment.updateIsFavorite()V	-1	-1	android.os.AsyncTask.execute([Ljava/lang/Object;)Landroid/os/AsyncTask;	android.os.AsyncTask.executeOnExecutor(Ljava/util/concurrent/Executor;[Ljava/lang/Object;)Landroid/os/AsyncTask;	SDK_INT <= -1	ForwardImprovement	"[Info] You should use alternative APIs, since you do not support old Android versions (SDK_INT <= -1). Please, use: android.os.AsyncTask.executeOnExecutor(Ljava/util/concurrent/Executor;[Ljava/lang/Object;)Landroid/os/AsyncTask;."	0.0
com.kabouzeid.gramophone.debug	null	19	27	com.kabouzeid.gramophone.ui.fragments.player.card.CardPlayerFragment.updateLyrics()V	-1	-1	android.os.AsyncTask.execute([Ljava/lang/Object;)Landroid/os/AsyncTask;	android.os.AsyncTask.executeOnExecutor(Ljava/util/concurrent/Executor;[Ljava/lang/Object;)Landroid/os/AsyncTask;	SDK_INT <= -1	ForwardImprovement	"[Info] You should use alternative APIs, since you do not support old Android versions (SDK_INT <= -1). Please, use: android.os.AsyncTask.executeOnExecutor(Ljava/util/concurrent/Executor;[Ljava/lang/Object;)Landroid/os/AsyncTask;."	0.0
com.kabouzeid.gramophone.debug	null	19	27	com.kabouzeid.gramophone.ui.fragments.player.flat.FlatPlayerFragment.updateIsFavorite()V	-1	-1	android.os.AsyncTask.execute([Ljava/lang/Object;)Landroid/os/AsyncTask;	android.os.AsyncTask.executeOnExecutor(Ljava/util/concurrent/Executor;[Ljava/lang/Object;)Landroid/os/AsyncTask;	SDK_INT <= -1	ForwardImprovement	"[Info] You should use alternative APIs, since you do not support old Android versions (SDK_INT <= -1). Please, use: android.os.AsyncTask.executeOnExecutor(Ljava/util/concurrent/Executor;[Ljava/lang/Object;)Landroid/os/AsyncTask;."	0.0
com.kabouzeid.gramophone.debug	null	19	27	com.kabouzeid.gramophone.ui.fragments.player.flat.FlatPlayerFragment.updateLyrics()V	-1	-1	android.os.AsyncTask.execute([Ljava/lang/Object;)Landroid/os/AsyncTask;	android.os.AsyncTask.executeOnExecutor(Ljava/util/concurrent/Executor;[Ljava/lang/Object;)Landroid/os/AsyncTask;	SDK_INT <= -1	ForwardImprovement	"[Info] You should use alternative APIs, since you do not support old Android versions (SDK_INT <= -1). Please, use: android.os.AsyncTask.executeOnExecutor(Ljava/util/concurrent/Executor;[Ljava/lang/Object;)Landroid/os/AsyncTask;."	0.0
com.kabouzeid.gramophone.debug	null	19	27	com.kabouzeid.gramophone.util.CustomArtistImageUtil$1.onResourceReady(Landroid/graphics/Bitmap;Lcom/bumptech/glide/request/animation/GlideAnimation;)V	-1	-1	android.os.AsyncTask.execute([Ljava/lang/Object;)Landroid/os/AsyncTask;	android.os.AsyncTask.executeOnExecutor(Ljava/util/concurrent/Executor;[Ljava/lang/Object;)Landroid/os/AsyncTask;	SDK_INT <= -1	ForwardImprovement	"[Info] You should use alternative APIs, since you do not support old Android versions (SDK_INT <= -1). Please, use: android.os.AsyncTask.executeOnExecutor(Ljava/util/concurrent/Executor;[Ljava/lang/Object;)Landroid/os/AsyncTask;."	0.0
com.kabouzeid.gramophone.debug	null	19	27	com.kabouzeid.gramophone.ui.activities.PurchaseActivity.restorePurchase()V	-1	-1	android.os.AsyncTask.execute([Ljava/lang/Object;)Landroid/os/AsyncTask;	android.os.AsyncTask.executeOnExecutor(Ljava/util/concurrent/Executor;[Ljava/lang/Object;)Landroid/os/AsyncTask;	SDK_INT <= -1	ForwardImprovement	"[Info] You should use alternative APIs, since you do not support old Android versions (SDK_INT <= -1). Please, use: android.os.AsyncTask.executeOnExecutor(Ljava/util/concurrent/Executor;[Ljava/lang/Object;)Landroid/os/AsyncTask;."	0.0
com.kabouzeid.gramophone.debug	null	19	27	com.kabouzeid.gramophone.ui.activities.tageditor.AbsTagEditorActivity.writeValuesToFiles(Ljava/util/Map;Lcom/kabouzeid/gramophone/ui/activities/tageditor/AbsTagEditorActivity$ArtworkInfo;)V	-1	-1	android.os.AsyncTask.execute([Ljava/lang/Object;)Landroid/os/AsyncTask;	android.os.AsyncTask.executeOnExecutor(Ljava/util/concurrent/Executor;[Ljava/lang/Object;)Landroid/os/AsyncTask;	SDK_INT <= -1	ForwardImprovement	"[Info] You should use alternative APIs, since you do not support old Android versions (SDK_INT <= -1). Please, use: android.os.AsyncTask.executeOnExecutor(Ljava/util/concurrent/Executor;[Ljava/lang/Object;)Landroid/os/AsyncTask;."	0.0
com.kabouzeid.gramophone.debug	null	19	27	com.github.ksoichiro.android.observablescrollview.TouchInterceptionFrameLayout.onInterceptTouchEvent(Landroid/view/MotionEvent;)Z	-1	-1	android.view.MotionEvent.getActionMasked()I	android.view.MotionEvent.getAction()I	SDK_INT <= 7	BackwardImprovement	"If you want to support older versions (<= 7), add a check and handle using these APIs: android.view.MotionEvent.getAction()I"	0.0
com.kabouzeid.gramophone.debug	null	19	27	com.github.ksoichiro.android.observablescrollview.TouchInterceptionFrameLayout.onTouchEvent(Landroid/view/MotionEvent;)Z	-1	-1	android.view.MotionEvent.getActionMasked()I	android.view.MotionEvent.getAction()I	SDK_INT <= 7	BackwardImprovement	"If you want to support older versions (<= 7), add a check and handle using these APIs: android.view.MotionEvent.getAction()I"	0.0
com.kabouzeid.gramophone.debug	null	19	27	com.h6ah4i.android.widget.advrecyclerview.touchguard.RecyclerViewTouchActionGuardManager.onInterceptTouchEvent(Landroid/support/v7/widget/RecyclerView;Landroid/view/MotionEvent;)Z	-1	-1	android.view.MotionEvent.getActionMasked()I	android.view.MotionEvent.getAction()I	SDK_INT <= 7	BackwardImprovement	"If you want to support older versions (<= 7), add a check and handle using these APIs: android.view.MotionEvent.getAction()I"	0.0
com.kabouzeid.gramophone.debug	null	19	27	com.h6ah4i.android.widget.advrecyclerview.touchguard.RecyclerViewTouchActionGuardManager.onTouchEvent(Landroid/support/v7/widget/RecyclerView;Landroid/view/MotionEvent;)V	-1	-1	android.view.MotionEvent.getActionMasked()I	android.view.MotionEvent.getAction()I	SDK_INT <= 7	BackwardImprovement	"If you want to support older versions (<= 7), add a check and handle using these APIs: android.view.MotionEvent.getAction()I"	0.0
com.kabouzeid.gramophone.debug	null	19	27	com.kabouzeid.appthemehelper.common.views.ATEStockSwitch.<init>(Landroid/content/Context;)V	-1	-1	android.widget.Switch.<init>(Landroid/content/Context;)V	android.widget.CheckBox.<init>(Landroid/content/Context;)V	SDK_INT <= 13	BackwardImprovement	"If you want to support older versions (<= 13), add a check and handle using these APIs: android.widget.CheckBox.<init>(Landroid/content/Context;)V"	0.0
com.kabouzeid.gramophone.debug	null	19	27	com.nineoldandroids.view.ViewHelper$Honeycomb.setAlpha(Landroid/view/View;F)V	-1	-1	android.view.View.setAlpha(F)V	android.view.View.setVisibility(I)V	SDK_INT <= 10	BackwardImprovement	"If you want to support older versions (<= 10), add a check and handle using these APIs: android.view.View.setVisibility(I)V"	0.0
com.kabouzeid.gramophone.debug	null	19	27	com.nineoldandroids.view.ViewHelper$Honeycomb.setScaleY(Landroid/view/View;F)V	-1	-1	android.view.View.setScaleY(F)V		SDK_INT <= 10	BackwardImprovement	"If you want to support older versions (<= 10), add a check and handle using these APIs: "	0.0
com.kabouzeid.gramophone.debug	null	19	27	com.github.ksoichiro.android.observablescrollview.ObservableGridView.onInterceptTouchEvent(Landroid/view/MotionEvent;)Z	-1	-1	android.view.MotionEvent.getActionMasked()I	android.view.MotionEvent.getAction()I	SDK_INT <= 7	BackwardImprovement	"If you want to support older versions (<= 7), add a check and handle using these APIs: android.view.MotionEvent.getAction()I"	0.0
com.kabouzeid.gramophone.debug	null	19	27	com.github.ksoichiro.android.observablescrollview.ObservableGridView.onTouchEvent(Landroid/view/MotionEvent;)Z	-1	-1	android.view.MotionEvent.getActionMasked()I	android.view.MotionEvent.getAction()I	SDK_INT <= 7	BackwardImprovement	"If you want to support older versions (<= 7), add a check and handle using these APIs: android.view.MotionEvent.getAction()I"	0.0
com.kabouzeid.gramophone.debug	null	19	27	com.github.ksoichiro.android.observablescrollview.ObservableListView.onInterceptTouchEvent(Landroid/view/MotionEvent;)Z	-1	-1	android.view.MotionEvent.getActionMasked()I	android.view.MotionEvent.getAction()I	SDK_INT <= 7	BackwardImprovement	"If you want to support older versions (<= 7), add a check and handle using these APIs: android.view.MotionEvent.getAction()I"	0.0
com.kabouzeid.gramophone.debug	null	19	27	com.github.ksoichiro.android.observablescrollview.ObservableListView.onTouchEvent(Landroid/view/MotionEvent;)Z	-1	-1	android.view.MotionEvent.getActionMasked()I	android.view.MotionEvent.getAction()I	SDK_INT <= 7	BackwardImprovement	"If you want to support older versions (<= 7), add a check and handle using these APIs: android.view.MotionEvent.getAction()I"	0.0
com.kabouzeid.gramophone.debug	null	19	27	com.github.ksoichiro.android.observablescrollview.ObservableScrollView.onInterceptTouchEvent(Landroid/view/MotionEvent;)Z	-1	-1	android.view.MotionEvent.getActionMasked()I	android.view.MotionEvent.getAction()I	SDK_INT <= 7	BackwardImprovement	"If you want to support older versions (<= 7), add a check and handle using these APIs: android.view.MotionEvent.getAction()I"	0.0
com.kabouzeid.gramophone.debug	null	19	27	com.github.ksoichiro.android.observablescrollview.ObservableScrollView.onTouchEvent(Landroid/view/MotionEvent;)Z	-1	-1	android.view.MotionEvent.getActionMasked()I	android.view.MotionEvent.getAction()I	SDK_INT <= 7	BackwardImprovement	"If you want to support older versions (<= 7), add a check and handle using these APIs: android.view.MotionEvent.getAction()I"	0.0
com.kabouzeid.gramophone.debug	null	19	27	com.github.ksoichiro.android.observablescrollview.ObservableWebView.onInterceptTouchEvent(Landroid/view/MotionEvent;)Z	-1	-1	android.view.MotionEvent.getActionMasked()I	android.view.MotionEvent.getAction()I	SDK_INT <= 7	BackwardImprovement	"If you want to support older versions (<= 7), add a check and handle using these APIs: android.view.MotionEvent.getAction()I"	0.0
com.kabouzeid.gramophone.debug	null	19	27	com.github.ksoichiro.android.observablescrollview.ObservableWebView.onTouchEvent(Landroid/view/MotionEvent;)Z	-1	-1	android.view.MotionEvent.getActionMasked()I	android.view.MotionEvent.getAction()I	SDK_INT <= 7	BackwardImprovement	"If you want to support older versions (<= 7), add a check and handle using these APIs: android.view.MotionEvent.getAction()I"	0.0
com.kabouzeid.gramophone.debug	null	19	27	com.h6ah4i.android.widget.advrecyclerview.draggable.BaseDraggableItemDecorator.resetDraggingItemViewEffects(Landroid/view/View;F)V	-1	-1	android.view.View.setAlpha(F)V	android.view.View.setVisibility(I)V	SDK_INT <= 10	BackwardImprovement	"If you want to support older versions (<= 10), add a check and handle using these APIs: android.view.View.setVisibility(I)V"	0.0
com.kabouzeid.gramophone.debug	null	19	27	com.h6ah4i.android.widget.advrecyclerview.draggable.BaseDraggableItemDecorator.resetDraggingItemViewEffects(Landroid/view/View;F)V	-1	-1	android.view.View.setScaleY(F)V		SDK_INT <= 10	BackwardImprovement	"If you want to support older versions (<= 10), add a check and handle using these APIs: "	0.0
com.kabouzeid.gramophone.debug	null	19	27	com.h6ah4i.android.widget.advrecyclerview.draggable.BaseDraggableItemDecorator.moveToDefaultPosition(Landroid/view/View;FFFFZ)V	-1	-1	android.view.View.setScaleY(F)V		SDK_INT <= 10	BackwardImprovement	"If you want to support older versions (<= 10), add a check and handle using these APIs: "	0.0
com.kabouzeid.gramophone.debug	null	19	27	com.h6ah4i.android.widget.advrecyclerview.draggable.BaseDraggableItemDecorator.moveToDefaultPosition(Landroid/view/View;FFFFZ)V	-1	-1	android.view.View.setAlpha(F)V	android.view.View.setVisibility(I)V	SDK_INT <= 10	BackwardImprovement	"If you want to support older versions (<= 10), add a check and handle using these APIs: android.view.View.setVisibility(I)V"	0.0
com.kabouzeid.gramophone.debug	null	19	27	com.h6ah4i.android.widget.advrecyclerview.draggable.RecyclerViewDragDropManager.onInterceptTouchEvent(Landroid/support/v7/widget/RecyclerView;Landroid/view/MotionEvent;)Z	-1	-1	android.view.MotionEvent.getActionMasked()I	android.view.MotionEvent.getAction()I	SDK_INT <= 7	BackwardImprovement	"If you want to support older versions (<= 7), add a check and handle using these APIs: android.view.MotionEvent.getAction()I"	0.0
com.kabouzeid.gramophone.debug	null	19	27	com.h6ah4i.android.widget.advrecyclerview.draggable.RecyclerViewDragDropManager.onTouchEvent(Landroid/support/v7/widget/RecyclerView;Landroid/view/MotionEvent;)V	-1	-1	android.view.MotionEvent.getActionMasked()I	android.view.MotionEvent.getAction()I	SDK_INT <= 7	BackwardImprovement	"If you want to support older versions (<= 7), add a check and handle using these APIs: android.view.MotionEvent.getAction()I"	0.0
com.kabouzeid.gramophone.debug	null	19	27	com.h6ah4i.android.widget.advrecyclerview.expandable.RecyclerViewExpandableItemManager.handleActionUpOrCancel(Landroid/support/v7/widget/RecyclerView;Landroid/view/MotionEvent;)Z	-1	-1	android.view.MotionEvent.getActionMasked()I	android.view.MotionEvent.getAction()I	SDK_INT <= 7	BackwardImprovement	"If you want to support older versions (<= 7), add a check and handle using these APIs: android.view.MotionEvent.getAction()I"	0.0
com.kabouzeid.gramophone.debug	null	19	27	com.h6ah4i.android.widget.advrecyclerview.expandable.RecyclerViewExpandableItemManager.onInterceptTouchEvent(Landroid/support/v7/widget/RecyclerView;Landroid/view/MotionEvent;)Z	-1	-1	android.view.MotionEvent.getActionMasked()I	android.view.MotionEvent.getAction()I	SDK_INT <= 7	BackwardImprovement	"If you want to support older versions (<= 7), add a check and handle using these APIs: android.view.MotionEvent.getAction()I"	0.0
com.kabouzeid.gramophone.debug	null	19	27	com.h6ah4i.android.widget.advrecyclerview.swipeable.RecyclerViewSwipeManager.handleActionUpOrCancel(Landroid/view/MotionEvent;Z)Z	-1	-1	android.view.MotionEvent.getActionMasked()I	android.view.MotionEvent.getAction()I	SDK_INT <= 7	BackwardImprovement	"If you want to support older versions (<= 7), add a check and handle using these APIs: android.view.MotionEvent.getAction()I"	0.0
com.kabouzeid.gramophone.debug	null	19	27	com.h6ah4i.android.widget.advrecyclerview.swipeable.RecyclerViewSwipeManager.onInterceptTouchEvent(Landroid/support/v7/widget/RecyclerView;Landroid/view/MotionEvent;)Z	-1	-1	android.view.MotionEvent.getActionMasked()I	android.view.MotionEvent.getAction()I	SDK_INT <= 7	BackwardImprovement	"If you want to support older versions (<= 7), add a check and handle using these APIs: android.view.MotionEvent.getAction()I"	0.0
com.kabouzeid.gramophone.debug	null	19	27	com.h6ah4i.android.widget.advrecyclerview.swipeable.RecyclerViewSwipeManager.onTouchEvent(Landroid/support/v7/widget/RecyclerView;Landroid/view/MotionEvent;)V	-1	-1	android.view.MotionEvent.getActionMasked()I	android.view.MotionEvent.getAction()I	SDK_INT <= 7	BackwardImprovement	"If you want to support older versions (<= 7), add a check and handle using these APIs: android.view.MotionEvent.getAction()I"	0.0
com.kabouzeid.gramophone.debug	null	19	27	com.kabouzeid.gramophone.adapter.CategoryInfoAdapter.lambda$onBindViewHolder$1(Lcom/kabouzeid/gramophone/adapter/CategoryInfoAdapter;Lcom/kabouzeid/gramophone/adapter/CategoryInfoAdapter$ViewHolder;Landroid/view/View;Landroid/view/MotionEvent;)Z	-1	-1	android.view.MotionEvent.getActionMasked()I	android.view.MotionEvent.getAction()I	SDK_INT <= 7	BackwardImprovement	"If you want to support older versions (<= 7), add a check and handle using these APIs: android.view.MotionEvent.getAction()I"	0.0
com.kabouzeid.gramophone.debug	null	19	27	com.kabouzeid.gramophone.util.SwipeAndDragHelper.onChildDraw(Landroid/graphics/Canvas;Landroid/support/v7/widget/RecyclerView;Landroid/support/v7/widget/RecyclerView$ViewHolder;FFIZ)V	-1	-1	android.view.View.setAlpha(F)V	android.view.View.setVisibility(I)V	SDK_INT <= 10	BackwardImprovement	"If you want to support older versions (<= 10), add a check and handle using these APIs: android.view.View.setVisibility(I)V"	0.0
com.kabouzeid.gramophone.debug	null	19	27	com.nineoldandroids.view.ViewPropertyAnimatorHC.setValue(IF)V	-1	-1	android.view.View.setScaleY(F)V		SDK_INT <= 10	BackwardImprovement	"If you want to support older versions (<= 10), add a check and handle using these APIs: "	0.0
com.kabouzeid.gramophone.debug	null	19	27	com.nineoldandroids.view.ViewPropertyAnimatorHC.setValue(IF)V	-1	-1	android.view.View.setAlpha(F)V	android.view.View.setVisibility(I)V	SDK_INT <= 10	BackwardImprovement	"If you want to support older versions (<= 10), add a check and handle using these APIs: android.view.View.setVisibility(I)V"	0.0
com.kabouzeid.gramophone.debug	null	19	27	com.h6ah4i.android.widget.advrecyclerview.animator.RefactoredDefaultItemAnimator$DefaultItemAddAnimationManager.addPendingAnimation(Landroid/support/v7/widget/RecyclerView$ViewHolder;)Z	-1	-1	android.view.View.setAlpha(F)V	android.view.View.setVisibility(I)V	SDK_INT <= 10	BackwardImprovement	"If you want to support older versions (<= 10), add a check and handle using these APIs: android.view.View.setVisibility(I)V"	0.0
com.kabouzeid.gramophone.debug	null	19	27	com.h6ah4i.android.widget.advrecyclerview.animator.RefactoredDefaultItemAnimator$DefaultItemAddAnimationManager.onAnimationCancel(Lcom/h6ah4i/android/widget/advrecyclerview/animator/impl/AddAnimationInfo;Landroid/support/v7/widget/RecyclerView$ViewHolder;)V	-1	-1	android.view.View.setAlpha(F)V	android.view.View.setVisibility(I)V	SDK_INT <= 10	BackwardImprovement	"If you want to support older versions (<= 10), add a check and handle using these APIs: android.view.View.setVisibility(I)V"	0.0
com.kabouzeid.gramophone.debug	null	19	27	com.h6ah4i.android.widget.advrecyclerview.animator.RefactoredDefaultItemAnimator$DefaultItemAddAnimationManager.onAnimationEndedBeforeStarted(Lcom/h6ah4i/android/widget/advrecyclerview/animator/impl/AddAnimationInfo;Landroid/support/v7/widget/RecyclerView$ViewHolder;)V	-1	-1	android.view.View.setAlpha(F)V	android.view.View.setVisibility(I)V	SDK_INT <= 10	BackwardImprovement	"If you want to support older versions (<= 10), add a check and handle using these APIs: android.view.View.setVisibility(I)V"	0.0
com.kabouzeid.gramophone.debug	null	19	27	com.h6ah4i.android.widget.advrecyclerview.animator.RefactoredDefaultItemAnimator$DefaultItemChangeAnimationManager.addPendingAnimation(Landroid/support/v7/widget/RecyclerView$ViewHolder;Landroid/support/v7/widget/RecyclerView$ViewHolder;IIII)Z	-1	-1	android.view.View.setAlpha(F)V	android.view.View.setVisibility(I)V	SDK_INT <= 10	BackwardImprovement	"If you want to support older versions (<= 10), add a check and handle using these APIs: android.view.View.setVisibility(I)V"	0.0
com.kabouzeid.gramophone.debug	null	19	27	com.h6ah4i.android.widget.advrecyclerview.animator.RefactoredDefaultItemAnimator$DefaultItemChangeAnimationManager.addPendingAnimation(Landroid/support/v7/widget/RecyclerView$ViewHolder;Landroid/support/v7/widget/RecyclerView$ViewHolder;IIII)Z	-1	-1	android.view.View.setAlpha(F)V	android.view.View.setVisibility(I)V	SDK_INT <= 10	BackwardImprovement	"If you want to support older versions (<= 10), add a check and handle using these APIs: android.view.View.setVisibility(I)V"	0.0
com.kabouzeid.gramophone.debug	null	19	27	com.h6ah4i.android.widget.advrecyclerview.animator.RefactoredDefaultItemAnimator$DefaultItemChangeAnimationManager.onAnimationEndedBeforeStarted(Lcom/h6ah4i/android/widget/advrecyclerview/animator/impl/ChangeAnimationInfo;Landroid/support/v7/widget/RecyclerView$ViewHolder;)V	-1	-1	android.view.View.setAlpha(F)V	android.view.View.setVisibility(I)V	SDK_INT <= 10	BackwardImprovement	"If you want to support older versions (<= 10), add a check and handle using these APIs: android.view.View.setVisibility(I)V"	0.0
com.kabouzeid.gramophone.debug	null	19	27	com.h6ah4i.android.widget.advrecyclerview.animator.RefactoredDefaultItemAnimator$DefaultItemChangeAnimationManager.onAnimationEndedSuccessfully(Lcom/h6ah4i/android/widget/advrecyclerview/animator/impl/ChangeAnimationInfo;Landroid/support/v7/widget/RecyclerView$ViewHolder;)V	-1	-1	android.view.View.setAlpha(F)V	android.view.View.setVisibility(I)V	SDK_INT <= 10	BackwardImprovement	"If you want to support older versions (<= 10), add a check and handle using these APIs: android.view.View.setVisibility(I)V"	0.0
com.kabouzeid.gramophone.debug	null	19	27	com.h6ah4i.android.widget.advrecyclerview.animator.RefactoredDefaultItemAnimator$DefaultItemRemoveAnimationManager.onAnimationEndedBeforeStarted(Lcom/h6ah4i/android/widget/advrecyclerview/animator/impl/RemoveAnimationInfo;Landroid/support/v7/widget/RecyclerView$ViewHolder;)V	-1	-1	android.view.View.setAlpha(F)V	android.view.View.setVisibility(I)V	SDK_INT <= 10	BackwardImprovement	"If you want to support older versions (<= 10), add a check and handle using these APIs: android.view.View.setVisibility(I)V"	0.0
com.kabouzeid.gramophone.debug	null	19	27	com.h6ah4i.android.widget.advrecyclerview.animator.RefactoredDefaultItemAnimator$DefaultItemRemoveAnimationManager.onAnimationEndedSuccessfully(Lcom/h6ah4i/android/widget/advrecyclerview/animator/impl/RemoveAnimationInfo;Landroid/support/v7/widget/RecyclerView$ViewHolder;)V	-1	-1	android.view.View.setAlpha(F)V	android.view.View.setVisibility(I)V	SDK_INT <= 10	BackwardImprovement	"If you want to support older versions (<= 10), add a check and handle using these APIs: android.view.View.setVisibility(I)V"	0.0
com.kabouzeid.gramophone.debug	null	19	27	com.h6ah4i.android.widget.advrecyclerview.animator.SwipeDismissItemAnimator$SwipeDismissItemRemoveAnimationManager.onAnimationEndedBeforeStarted(Lcom/h6ah4i/android/widget/advrecyclerview/animator/impl/RemoveAnimationInfo;Landroid/support/v7/widget/RecyclerView$ViewHolder;)V	-1	-1	android.view.View.setAlpha(F)V	android.view.View.setVisibility(I)V	SDK_INT <= 10	BackwardImprovement	"If you want to support older versions (<= 10), add a check and handle using these APIs: android.view.View.setVisibility(I)V"	0.0
com.kabouzeid.gramophone.debug	null	19	27	com.h6ah4i.android.widget.advrecyclerview.animator.SwipeDismissItemAnimator$SwipeDismissItemRemoveAnimationManager.onAnimationEndedSuccessfully(Lcom/h6ah4i/android/widget/advrecyclerview/animator/impl/RemoveAnimationInfo;Landroid/support/v7/widget/RecyclerView$ViewHolder;)V	-1	-1	android.view.View.setAlpha(F)V	android.view.View.setVisibility(I)V	SDK_INT <= 10	BackwardImprovement	"If you want to support older versions (<= 10), add a check and handle using these APIs: android.view.View.setVisibility(I)V"	0.0
com.kabouzeid.gramophone.debug	null	19	27	com.github.ksoichiro.android.observablescrollview.ObservableRecyclerView.onInterceptTouchEvent(Landroid/view/MotionEvent;)Z	-1	-1	android.view.MotionEvent.getActionMasked()I	android.view.MotionEvent.getAction()I	SDK_INT <= 7	BackwardImprovement	"If you want to support older versions (<= 7), add a check and handle using these APIs: android.view.MotionEvent.getAction()I"	0.0
com.kabouzeid.gramophone.debug	null	19	27	com.github.ksoichiro.android.observablescrollview.ObservableRecyclerView.onTouchEvent(Landroid/view/MotionEvent;)Z	-1	-1	android.view.MotionEvent.getActionMasked()I	android.view.MotionEvent.getAction()I	SDK_INT <= 7	BackwardImprovement	"If you want to support older versions (<= 7), add a check and handle using these APIs: android.view.MotionEvent.getAction()I"	0.0
com.kabouzeid.gramophone.debug	null	19	27	com.kabouzeid.gramophone.adapter.song.PlayingQueueAdapter.setAlpha(Lcom/kabouzeid/gramophone/adapter/song/SongAdapter$ViewHolder;F)V	-1	-1	android.view.View.setAlpha(F)V	android.view.View.setVisibility(I)V	SDK_INT <= 10	BackwardImprovement	"If you want to support older versions (<= 10), add a check and handle using these APIs: android.view.View.setVisibility(I)V"	0.0
com.kabouzeid.gramophone.debug	null	19	27	com.kabouzeid.gramophone.adapter.song.PlayingQueueAdapter.setAlpha(Lcom/kabouzeid/gramophone/adapter/song/SongAdapter$ViewHolder;F)V	-1	-1	android.view.View.setAlpha(F)V	android.view.View.setVisibility(I)V	SDK_INT <= 10	BackwardImprovement	"If you want to support older versions (<= 10), add a check and handle using these APIs: android.view.View.setVisibility(I)V"	0.0
com.kabouzeid.gramophone.debug	null	19	27	com.kabouzeid.gramophone.adapter.song.PlayingQueueAdapter.setAlpha(Lcom/kabouzeid/gramophone/adapter/song/SongAdapter$ViewHolder;F)V	-1	-1	android.view.View.setAlpha(F)V	android.view.View.setVisibility(I)V	SDK_INT <= 10	BackwardImprovement	"If you want to support older versions (<= 10), add a check and handle using these APIs: android.view.View.setVisibility(I)V"	0.0
com.kabouzeid.gramophone.debug	null	19	27	com.kabouzeid.gramophone.adapter.song.PlayingQueueAdapter.setAlpha(Lcom/kabouzeid/gramophone/adapter/song/SongAdapter$ViewHolder;F)V	-1	-1	android.view.View.setAlpha(F)V	android.view.View.setVisibility(I)V	SDK_INT <= 10	BackwardImprovement	"If you want to support older versions (<= 10), add a check and handle using these APIs: android.view.View.setVisibility(I)V"	0.0
com.kabouzeid.gramophone.debug	null	19	27	com.kabouzeid.gramophone.adapter.song.PlayingQueueAdapter.setAlpha(Lcom/kabouzeid/gramophone/adapter/song/SongAdapter$ViewHolder;F)V	-1	-1	android.view.View.setAlpha(F)V	android.view.View.setVisibility(I)V	SDK_INT <= 10	BackwardImprovement	"If you want to support older versions (<= 10), add a check and handle using these APIs: android.view.View.setVisibility(I)V"	0.0
com.kabouzeid.gramophone.debug	null	19	27	com.kabouzeid.gramophone.ui.fragments.player.PlayerAlbumCoverFragment.onUpdateProgressViews(II)V	-1	-1	android.view.View.setAlpha(F)V	android.view.View.setVisibility(I)V	SDK_INT <= 10	BackwardImprovement	"If you want to support older versions (<= 10), add a check and handle using these APIs: android.view.View.setVisibility(I)V"	0.0
com.kabouzeid.gramophone.debug	null	19	27	com.kabouzeid.gramophone.ui.fragments.player.PlayerAlbumCoverFragment.onUpdateProgressViews(II)V	-1	-1	android.view.View.setAlpha(F)V	android.view.View.setVisibility(I)V	SDK_INT <= 10	BackwardImprovement	"If you want to support older versions (<= 10), add a check and handle using these APIs: android.view.View.setVisibility(I)V"	0.0
com.kabouzeid.gramophone.debug	null	19	27	com.kabouzeid.gramophone.ui.fragments.player.PlayerAlbumCoverFragment.onUpdateProgressViews(II)V	-1	-1	android.view.View.setAlpha(F)V	android.view.View.setVisibility(I)V	SDK_INT <= 10	BackwardImprovement	"If you want to support older versions (<= 10), add a check and handle using these APIs: android.view.View.setVisibility(I)V"	0.0
com.kabouzeid.gramophone.debug	null	19	27	com.kabouzeid.gramophone.ui.fragments.player.PlayerAlbumCoverFragment.showHeartAnimation()V	-1	-1	android.view.View.setAlpha(F)V	android.view.View.setVisibility(I)V	SDK_INT <= 10	BackwardImprovement	"If you want to support older versions (<= 10), add a check and handle using these APIs: android.view.View.setVisibility(I)V"	0.0
com.kabouzeid.gramophone.debug	null	19	27	com.kabouzeid.gramophone.ui.fragments.player.PlayerAlbumCoverFragment.showHeartAnimation()V	-1	-1	android.view.View.setScaleY(F)V		SDK_INT <= 10	BackwardImprovement	"If you want to support older versions (<= 10), add a check and handle using these APIs: "	0.0
com.kabouzeid.gramophone.debug	null	19	27	com.kabouzeid.gramophone.ui.fragments.player.card.CardPlayerPlaybackControlsFragment.hide()V	-1	-1	android.view.View.setScaleY(F)V		SDK_INT <= 10	BackwardImprovement	"If you want to support older versions (<= 10), add a check and handle using these APIs: "	0.0
com.kabouzeid.gramophone.debug	null	19	27	com.kabouzeid.gramophone.ui.fragments.player.flat.FlatPlayerPlaybackControlsFragment.prepareForAnimation(Landroid/view/View;)V	-1	-1	android.view.View.setScaleY(F)V		SDK_INT <= 10	BackwardImprovement	"If you want to support older versions (<= 10), add a check and handle using these APIs: "	0.0
com.kabouzeid.gramophone.debug	null	19	27	com.heinrichreimersoftware.materialintro.app.IntroActivity.updateBackgroundFade()V	-1	-1	android.view.View.setAlpha(F)V	android.view.View.setVisibility(I)V	SDK_INT <= 10	BackwardImprovement	"If you want to support older versions (<= 10), add a check and handle using these APIs: android.view.View.setVisibility(I)V"	0.0
com.kabouzeid.gramophone.debug	null	19	27	com.heinrichreimersoftware.materialintro.app.IntroActivity.updateBackgroundFade()V	-1	-1	android.view.View.setAlpha(F)V	android.view.View.setVisibility(I)V	SDK_INT <= 10	BackwardImprovement	"If you want to support older versions (<= 10), add a check and handle using these APIs: android.view.View.setVisibility(I)V"	0.0
com.kabouzeid.gramophone.debug	null	19	27	com.heinrichreimersoftware.materialintro.app.IntroActivity.updateButtonCta()V	-1	-1	android.view.View.setScaleY(F)V		SDK_INT <= 10	BackwardImprovement	"If you want to support older versions (<= 10), add a check and handle using these APIs: "	0.0
com.kabouzeid.gramophone.debug	null	19	27	com.heinrichreimersoftware.materialintro.app.IntroActivity.updateButtonCta()V	-1	-1	android.view.View.setAlpha(F)V	android.view.View.setVisibility(I)V	SDK_INT <= 10	BackwardImprovement	"If you want to support older versions (<= 10), add a check and handle using these APIs: android.view.View.setVisibility(I)V"	0.0
com.kabouzeid.gramophone.debug	null	19	27	com.heinrichreimersoftware.materialintro.app.IntroActivity.updateButtonCta()V	-1	-1	android.view.View.setScaleY(F)V		SDK_INT <= 10	BackwardImprovement	"If you want to support older versions (<= 10), add a check and handle using these APIs: "	0.0
com.kabouzeid.gramophone.debug	null	19	27	com.heinrichreimersoftware.materialintro.app.IntroActivity.updateButtonCta()V	-1	-1	android.view.View.setAlpha(F)V	android.view.View.setVisibility(I)V	SDK_INT <= 10	BackwardImprovement	"If you want to support older versions (<= 10), add a check and handle using these APIs: android.view.View.setVisibility(I)V"	0.0
com.kabouzeid.gramophone.debug	null	19	27	com.kabouzeid.gramophone.ui.activities.tageditor.AbsTagEditorActivity.setUpFab()V	-1	-1	android.view.View.setScaleY(F)V		SDK_INT <= 10	BackwardImprovement	"If you want to support older versions (<= 10), add a check and handle using these APIs: "	0.0
com.kabouzeid.gramophone.debug	null	19	27	com.kabouzeid.gramophone.ui.activities.base.AbsSlidingMusicPanelActivity.setMiniPlayerAlphaProgress(F)V	-1	-1	android.view.View.setAlpha(F)V	android.view.View.setVisibility(I)V	SDK_INT <= 10	BackwardImprovement	"If you want to support older versions (<= 10), add a check and handle using these APIs: android.view.View.setVisibility(I)V"	0.0
