app	version	sdk_min	sdk_trg	method	fromLine	toLine	apis	alternative	ruleCheck	warning	message	confidence
ca.rmen.android.poetassistant.test	1.25.1	15	27	ca.rmen.android.poetassistant.databinding.ListItemWordBinding.executeBindings()V	-1	-1	android.widget.ImageView.setAlpha(I)V	android.widget.ImageView.setImageAlpha(I)V	SDK_INT <= -1	ForwardBadSmell	"[Warning] You should use this APIs differently in newer Android versions (SDK_INT > -1). For new versions, consider using these APIs: android.widget.ImageView.setImageAlpha(I)V."	0.0
ca.rmen.android.poetassistant.test	1.25.1	15	27	ca.rmen.android.poetassistant.databinding.ListItemWordBinding.executeBindings()V	-1	-1	android.widget.ImageView.setAlpha(I)V	android.widget.ImageView.setImageAlpha(I)V	SDK_INT <= -1	ForwardBadSmell	"[Warning] You should use this APIs differently in newer Android versions (SDK_INT > -1). For new versions, consider using these APIs: android.widget.ImageView.setImageAlpha(I)V."	0.0
ca.rmen.android.poetassistant.test	1.25.1	15	27	ca.rmen.android.poetassistant.Tts.useVoice(Landroid/speech/tts/TextToSpeech;Ljava/lang/String;)V	-1	-1	android.util.Log.w(Ljava/lang/String;Ljava/lang/String;Ljava/lang/Throwable;)I	android.widget.AdapterView.getLastVisiblePosition()I&android.widget.AdapterView.getFirstVisiblePosition()I&android.util.Log.w(Ljava/lang/String;Ljava/lang/String;Ljava/lang/Throwable;)I	SDK_INT <= 15	ForwardImprovement	"[Info] The APIs you are using should be used in a different way in newer Android versions (SDK_INT > 15). Consider using: android.widget.AdapterView.getLastVisiblePosition()I --- android.widget.AdapterView.getFirstVisiblePosition()I --- android.util.Log.w(Ljava/lang/String;Ljava/lang/String;Ljava/lang/Throwable;)I."	0.0
ca.rmen.android.poetassistant.test	1.25.1	15	27	ca.rmen.android.poetassistant.settings.Voices.getVoices(Landroid/speech/tts/TextToSpeech;)Lio/reactivex/Observable;	-1	-1	android.util.Log.w(Ljava/lang/String;Ljava/lang/String;Ljava/lang/Throwable;)I	android.widget.AdapterView.getLastVisiblePosition()I&android.widget.AdapterView.getFirstVisiblePosition()I&android.util.Log.w(Ljava/lang/String;Ljava/lang/String;Ljava/lang/Throwable;)I	SDK_INT <= 15	ForwardImprovement	"[Info] The APIs you are using should be used in a different way in newer Android versions (SDK_INT > 15). Consider using: android.widget.AdapterView.getLastVisiblePosition()I --- android.widget.AdapterView.getFirstVisiblePosition()I --- android.util.Log.w(Ljava/lang/String;Ljava/lang/String;Ljava/lang/Throwable;)I."	0.0
ca.rmen.android.poetassistant.test	1.25.1	15	27	ca.rmen.android.poetassistant.settings.Voices.getVoices(Landroid/speech/tts/TextToSpeech;)Lio/reactivex/Observable;	-1	-1	android.util.Log.w(Ljava/lang/String;Ljava/lang/String;)I	android.os.PersistableBundle.<init>()V&android.app.job.JobScheduler.schedule(Landroid/app/job/JobInfo;)I&android.app.job.JobInfo$Builder.build()Landroid/app/job/JobInfo;&android.app.job.JobScheduler.getAllPendingJobs()Ljava/util/List;&android.app.job.JobInfo$Builder.<init>(ILandroid/content/ComponentName;)V&android.content.Context.getSystemService(Ljava/lang/String;)Ljava/lang/Object;&android.util.Log.i(Ljava/lang/String;Ljava/lang/String;)I&android.os.BaseBundle.putString(Ljava/lang/String;Ljava/lang/String;)V&android.app.job.JobInfo$Builder.setPeriodic(J)Landroid/app/job/JobInfo$Builder;&android.app.job.JobInfo$Builder.setRequiresCharging(Z)Landroid/app/job/JobInfo$Builder;&android.content.ComponentName.<init>(Landroid/content/Context;Ljava/lang/Class;)V&android.app.job.JobInfo.getId()I&android.app.job.JobInfo$Builder.setExtras(Landroid/os/PersistableBundle;)Landroid/app/job/JobInfo$Builder;&android.content.Context.getApplicationContext()Landroid/content/Context;&android.util.Log.wtf(Ljava/lang/String;Ljava/lang/String;)I&android.app.job.JobInfo$Builder.setRequiresDeviceIdle(Z)Landroid/app/job/JobInfo$Builder;&android.app.job.JobInfo$Builder.setPersisted(Z)Landroid/app/job/JobInfo$Builder;&android.app.job.JobInfo$Builder.setRequiredNetworkType(I)Landroid/app/job/JobInfo$Builder;	SDK_INT <= 20	ForwardImprovement	"[Info] You should use these APIs differently in newer Android releases (SDK_INT > 20). Add a check and handle with: android.os.PersistableBundle.<init>()V --- android.app.job.JobScheduler.schedule(Landroid/app/job/JobInfo;)I --- android.app.job.JobInfo$Builder.build()Landroid/app/job/JobInfo; --- android.app.job.JobScheduler.getAllPendingJobs()Ljava/util/List; --- android.app.job.JobInfo$Builder.<init>(ILandroid/content/ComponentName;)V --- android.content.Context.getSystemService(Ljava/lang/String;)Ljava/lang/Object; --- android.util.Log.i(Ljava/lang/String;Ljava/lang/String;)I --- android.os.BaseBundle.putString(Ljava/lang/String;Ljava/lang/String;)V --- android.app.job.JobInfo$Builder.setPeriodic(J)Landroid/app/job/JobInfo$Builder; --- android.app.job.JobInfo$Builder.setRequiresCharging(Z)Landroid/app/job/JobInfo$Builder; --- android.content.ComponentName.<init>(Landroid/content/Context;Ljava/lang/Class;)V --- android.app.job.JobInfo.getId()I --- android.app.job.JobInfo$Builder.setExtras(Landroid/os/PersistableBundle;)Landroid/app/job/JobInfo$Builder; --- android.content.Context.getApplicationContext()Landroid/content/Context; --- android.util.Log.wtf(Ljava/lang/String;Ljava/lang/String;)I --- android.app.job.JobInfo$Builder.setRequiresDeviceIdle(Z)Landroid/app/job/JobInfo$Builder; --- android.app.job.JobInfo$Builder.setPersisted(Z)Landroid/app/job/JobInfo$Builder; --- android.app.job.JobInfo$Builder.setRequiredNetworkType(I)Landroid/app/job/JobInfo$Builder;."	0.0
ca.rmen.android.poetassistant.test	1.25.1	15	27	ca.rmen.android.poetassistant.settings.Voices.getVoices(Landroid/speech/tts/TextToSpeech;)Lio/reactivex/Observable;	-1	-1	android.util.Log.w(Ljava/lang/String;Ljava/lang/String;)I		SDK_INT <= 20	ForwardImprovement	"[Info] The APIs you are using should be used only in older Android versions (SDK_INT <= 20). Add a check."	0.0
ca.rmen.android.poetassistant.test	1.25.1	15	27	ca.rmen.android.poetassistant.wotd.WotdJob.cancel(Landroid/content/Context;)V	-1	-1	android.util.Log.d(Ljava/lang/String;Ljava/lang/String;)I		SDK_INT <= 20	ForwardImprovement	"[Info] The APIs you are using should be used only in older Android versions (SDK_INT <= 20). Add a check."	0.0
ca.rmen.android.poetassistant.test	1.25.1	15	27	ca.rmen.android.poetassistant.wotd.WotdJob.reschedule(Landroid/content/Context;)V	-1	-1	android.util.Log.d(Ljava/lang/String;Ljava/lang/String;)I		SDK_INT <= 20	ForwardImprovement	"[Info] The APIs you are using should be used only in older Android versions (SDK_INT <= 20). Add a check."	0.0
ca.rmen.android.poetassistant.test	1.25.1	15	27	ca.rmen.android.poetassistant.wotd.WotdJob.schedule(Landroid/content/Context;)V	-1	-1	android.util.Log.d(Ljava/lang/String;Ljava/lang/String;)I		SDK_INT <= 20	ForwardImprovement	"[Info] The APIs you are using should be used only in older Android versions (SDK_INT <= 20). Add a check."	0.0
