app	version	sdk_min	sdk_trg	method	fromLine	toLine	apis	alternative	ruleCheck	warning	message	confidence
com.xargsgrep.portknocker	1.0	7	15	com.actionbarsherlock.internal.nineoldandroids.view.NineViewGroup.setAlpha(F)V	-1	-1	android.view.View.setAlpha(F)V	android.view.View.setVisibility(I)V	SDK_INT <= 10	BackwardCriticalBug	"[Critical] You should use different APIs in old Android versions (SDK_INT > 10). Use these APIs instead: android.view.View.setVisibility(I)V."	0.0
com.xargsgrep.portknocker	1.0	7	15	com.actionbarsherlock.internal.nineoldandroids.widget.NineFrameLayout.setAlpha(F)V	-1	-1	android.view.View.setAlpha(F)V	android.view.View.setVisibility(I)V	SDK_INT <= 10	BackwardCriticalBug	"[Critical] You should use different APIs in old Android versions (SDK_INT > 10). Use these APIs instead: android.view.View.setVisibility(I)V."	0.0
com.xargsgrep.portknocker	1.0	7	15	com.actionbarsherlock.internal.nineoldandroids.widget.NineHorizontalScrollView.setAlpha(F)V	-1	-1	android.view.View.setAlpha(F)V	android.view.View.setVisibility(I)V	SDK_INT <= 10	BackwardCriticalBug	"[Critical] You should use different APIs in old Android versions (SDK_INT > 10). Use these APIs instead: android.view.View.setVisibility(I)V."	0.0
com.xargsgrep.portknocker	1.0	7	15	com.actionbarsherlock.internal.nineoldandroids.widget.NineLinearLayout.setAlpha(F)V	-1	-1	android.view.View.setAlpha(F)V	android.view.View.setVisibility(I)V	SDK_INT <= 10	BackwardCriticalBug	"[Critical] You should use different APIs in old Android versions (SDK_INT > 10). Use these APIs instead: android.view.View.setVisibility(I)V."	0.0
com.xargsgrep.portknocker	1.0	7	15	com.xargsgrep.portknocker.activity.HostListActivity.onCreate(Landroid/os/Bundle;)V	-1	-1	android.os.AsyncTask.execute([Ljava/lang/Object;)Landroid/os/AsyncTask;	android.os.AsyncTask.executeOnExecutor(Ljava/util/concurrent/Executor;[Ljava/lang/Object;)Landroid/os/AsyncTask;	SDK_INT <= -1	ForwardImprovement	"[Info] You should use alternative APIs, since you do not support old Android versions (SDK_INT <= -1). Please, use: android.os.AsyncTask.executeOnExecutor(Ljava/util/concurrent/Executor;[Ljava/lang/Object;)Landroid/os/AsyncTask;."	0.0
com.xargsgrep.portknocker	1.0	7	15	com.xargsgrep.portknocker.adapter.HostArrayAdapter$1.onClick(Landroid/view/View;)V	-1	-1	android.os.AsyncTask.execute([Ljava/lang/Object;)Landroid/os/AsyncTask;	android.os.AsyncTask.executeOnExecutor(Ljava/util/concurrent/Executor;[Ljava/lang/Object;)Landroid/os/AsyncTask;	SDK_INT <= -1	ForwardImprovement	"[Info] You should use alternative APIs, since you do not support old Android versions (SDK_INT <= -1). Please, use: android.os.AsyncTask.executeOnExecutor(Ljava/util/concurrent/Executor;[Ljava/lang/Object;)Landroid/os/AsyncTask;."	0.0
com.xargsgrep.portknocker	1.0	7	15	com.xargsgrep.portknocker.fragment.MiscFragment.onViewCreated(Landroid/view/View;Landroid/os/Bundle;)V	-1	-1	android.os.AsyncTask.execute([Ljava/lang/Object;)Landroid/os/AsyncTask;	android.os.AsyncTask.executeOnExecutor(Ljava/util/concurrent/Executor;[Ljava/lang/Object;)Landroid/os/AsyncTask;	SDK_INT <= -1	ForwardImprovement	"[Info] You should use alternative APIs, since you do not support old Android versions (SDK_INT <= -1). Please, use: android.os.AsyncTask.executeOnExecutor(Ljava/util/concurrent/Executor;[Ljava/lang/Object;)Landroid/os/AsyncTask;."	0.0
