app	version	sdk_min	sdk_trg	method	fromLine	toLine	apis	alternative	ruleCheck	warning	message	confidence
io.mrarm.irc	0.5.4	17	30	androidx.core.widget.TextViewCompat$OreoCallback.isSupportedActivity(Landroid/content/pm/ResolveInfo;Landroid/content/Context;)Z	-1	-1	android.content.Context.checkSelfPermission(Ljava/lang/String;)I		SDK_INT <= 22	BackwardCriticalBug	"[Critical] The APIs you are using must be used only in new Android versions (SDK_INT <= 22). Check the Android version before using them. "	0.0
io.mrarm.irc	0.5.4	17	30	io.mrarm.irc.ServerConnectionManager.saveAutoconnectListAsync()V	-1	-1	android.os.AsyncTask.execute([Ljava/lang/Object;)Landroid/os/AsyncTask;	android.os.AsyncTask.executeOnExecutor(Ljava/util/concurrent/Executor;[Ljava/lang/Object;)Landroid/os/AsyncTask;	SDK_INT <= -1	ForwardImprovement	"[Info] You should use alternative APIs, since you do not support old Android versions (SDK_INT <= -1). Please, use: android.os.AsyncTask.executeOnExecutor(Ljava/util/concurrent/Executor;[Ljava/lang/Object;)Landroid/os/AsyncTask;."	0.0
io.mrarm.irc	0.5.4	17	30	io.mrarm.irc.StorageSettingsAdapter$ConfigurationSummaryHolder.lambda$null$0$StorageSettingsAdapter$ConfigurationSummaryHolder(Landroid/view/View;Landroid/content/DialogInterface;I)V	-1	-1	android.os.AsyncTask.execute([Ljava/lang/Object;)Landroid/os/AsyncTask;	android.os.AsyncTask.executeOnExecutor(Ljava/util/concurrent/Executor;[Ljava/lang/Object;)Landroid/os/AsyncTask;	SDK_INT <= -1	ForwardImprovement	"[Info] You should use alternative APIs, since you do not support old Android versions (SDK_INT <= -1). Please, use: android.os.AsyncTask.executeOnExecutor(Ljava/util/concurrent/Executor;[Ljava/lang/Object;)Landroid/os/AsyncTask;."	0.0
io.mrarm.irc	0.5.4	17	30	io.mrarm.irc.StorageSettingsAdapter$ServerLogsHolder.lambda$showActionsMenu$5$StorageSettingsAdapter$ServerLogsHolder(Lio/mrarm/irc/dialog/MenuBottomSheetDialog$Item;)Z	-1	-1	android.os.AsyncTask.execute([Ljava/lang/Object;)Landroid/os/AsyncTask;	android.os.AsyncTask.executeOnExecutor(Ljava/util/concurrent/Executor;[Ljava/lang/Object;)Landroid/os/AsyncTask;	SDK_INT <= -1	ForwardImprovement	"[Info] You should use alternative APIs, since you do not support old Android versions (SDK_INT <= -1). Please, use: android.os.AsyncTask.executeOnExecutor(Ljava/util/concurrent/Executor;[Ljava/lang/Object;)Landroid/os/AsyncTask;."	0.0
io.mrarm.irc	0.5.4	17	30	io.mrarm.irc.StorageSettingsAdapter$ServerLogsSummaryHolder.lambda$null$4$StorageSettingsAdapter$ServerLogsSummaryHolder(Landroid/view/View;Landroid/content/DialogInterface;I)V	-1	-1	android.os.AsyncTask.execute([Ljava/lang/Object;)Landroid/os/AsyncTask;	android.os.AsyncTask.executeOnExecutor(Ljava/util/concurrent/Executor;[Ljava/lang/Object;)Landroid/os/AsyncTask;	SDK_INT <= -1	ForwardImprovement	"[Info] You should use alternative APIs, since you do not support old Android versions (SDK_INT <= -1). Please, use: android.os.AsyncTask.executeOnExecutor(Ljava/util/concurrent/Executor;[Ljava/lang/Object;)Landroid/os/AsyncTask;."	0.0
io.mrarm.irc	0.5.4	17	30	io.mrarm.irc.StorageSettingsAdapter.refreshServerLogs(Landroid/content/Context;)V	-1	-1	android.os.AsyncTask.execute([Ljava/lang/Object;)Landroid/os/AsyncTask;	android.os.AsyncTask.executeOnExecutor(Ljava/util/concurrent/Executor;[Ljava/lang/Object;)Landroid/os/AsyncTask;	SDK_INT <= -1	ForwardImprovement	"[Info] You should use alternative APIs, since you do not support old Android versions (SDK_INT <= -1). Please, use: android.os.AsyncTask.executeOnExecutor(Ljava/util/concurrent/Executor;[Ljava/lang/Object;)Landroid/os/AsyncTask;."	0.0
io.mrarm.irc	0.5.4	17	30	io.mrarm.irc.ChannelListActivity.requestListUpdate()V	-1	-1	android.os.AsyncTask.execute([Ljava/lang/Object;)Landroid/os/AsyncTask;	android.os.AsyncTask.executeOnExecutor(Ljava/util/concurrent/Executor;[Ljava/lang/Object;)Landroid/os/AsyncTask;	SDK_INT <= -1	ForwardImprovement	"[Info] You should use alternative APIs, since you do not support old Android versions (SDK_INT <= -1). Please, use: android.os.AsyncTask.executeOnExecutor(Ljava/util/concurrent/Executor;[Ljava/lang/Object;)Landroid/os/AsyncTask;."	0.0
io.mrarm.irc	0.5.4	17	30	io.mrarm.irc.setup.BackupProgressActivity.onActivityResult(IILandroid/content/Intent;)V	-1	-1	android.os.AsyncTask.execute([Ljava/lang/Object;)Landroid/os/AsyncTask;	android.os.AsyncTask.executeOnExecutor(Ljava/util/concurrent/Executor;[Ljava/lang/Object;)Landroid/os/AsyncTask;	SDK_INT <= -1	ForwardImprovement	"[Info] You should use alternative APIs, since you do not support old Android versions (SDK_INT <= -1). Please, use: android.os.AsyncTask.executeOnExecutor(Ljava/util/concurrent/Executor;[Ljava/lang/Object;)Landroid/os/AsyncTask;."	0.0
io.mrarm.irc	0.5.4	17	30	io.mrarm.irc.setup.BackupProgressActivity.onActivityResult(IILandroid/content/Intent;)V	-1	-1	android.os.AsyncTask.execute([Ljava/lang/Object;)Landroid/os/AsyncTask;	android.os.AsyncTask.executeOnExecutor(Ljava/util/concurrent/Executor;[Ljava/lang/Object;)Landroid/os/AsyncTask;	SDK_INT <= -1	ForwardImprovement	"[Info] You should use alternative APIs, since you do not support old Android versions (SDK_INT <= -1). Please, use: android.os.AsyncTask.executeOnExecutor(Ljava/util/concurrent/Executor;[Ljava/lang/Object;)Landroid/os/AsyncTask;."	0.0
io.mrarm.irc	0.5.4	17	30	io.mrarm.irc.setup.BackupProgressActivity.onCreate(Landroid/os/Bundle;)V	-1	-1	android.os.AsyncTask.execute([Ljava/lang/Object;)Landroid/os/AsyncTask;	android.os.AsyncTask.executeOnExecutor(Ljava/util/concurrent/Executor;[Ljava/lang/Object;)Landroid/os/AsyncTask;	SDK_INT <= -1	ForwardImprovement	"[Info] You should use alternative APIs, since you do not support old Android versions (SDK_INT <= -1). Please, use: android.os.AsyncTask.executeOnExecutor(Ljava/util/concurrent/Executor;[Ljava/lang/Object;)Landroid/os/AsyncTask;."	0.0
io.mrarm.irc	0.5.4	17	30	io.mrarm.irc.setup.BackupProgressActivity.startRestoreTask(Ljava/lang/String;)V	-1	-1	android.os.AsyncTask.execute([Ljava/lang/Object;)Landroid/os/AsyncTask;	android.os.AsyncTask.executeOnExecutor(Ljava/util/concurrent/Executor;[Ljava/lang/Object;)Landroid/os/AsyncTask;	SDK_INT <= -1	ForwardImprovement	"[Info] You should use alternative APIs, since you do not support old Android versions (SDK_INT <= -1). Please, use: android.os.AsyncTask.executeOnExecutor(Ljava/util/concurrent/Executor;[Ljava/lang/Object;)Landroid/os/AsyncTask;."	0.0
io.mrarm.irc	0.5.4	17	30	androidx.appcompat.app.AppCompatDelegateImpl$6.run()V	-1	-1	android.view.View.setAlpha(F)V	android.view.View.setVisibility(I)V	SDK_INT <= 10	BackwardImprovement	"If you want to support older versions (<= 10), add a check and handle using these APIs: android.view.View.setVisibility(I)V"	0.0
io.mrarm.irc	0.5.4	17	30	androidx.appcompat.app.AppCompatDelegateImpl$6.run()V	-1	-1	android.view.View.setAlpha(F)V	android.view.View.setVisibility(I)V	SDK_INT <= 10	BackwardImprovement	"If you want to support older versions (<= 10), add a check and handle using these APIs: android.view.View.setVisibility(I)V"	0.0
io.mrarm.irc	0.5.4	17	30	androidx.appcompat.widget.AbsActionBarView.onHoverEvent(Landroid/view/MotionEvent;)Z	-1	-1	android.view.MotionEvent.getActionMasked()I	android.view.MotionEvent.getAction()I	SDK_INT <= 7	BackwardImprovement	"If you want to support older versions (<= 7), add a check and handle using these APIs: android.view.MotionEvent.getAction()I"	0.0
io.mrarm.irc	0.5.4	17	30	androidx.appcompat.widget.AbsActionBarView.onTouchEvent(Landroid/view/MotionEvent;)Z	-1	-1	android.view.MotionEvent.getActionMasked()I	android.view.MotionEvent.getAction()I	SDK_INT <= 7	BackwardImprovement	"If you want to support older versions (<= 7), add a check and handle using these APIs: android.view.MotionEvent.getAction()I"	0.0
io.mrarm.irc	0.5.4	17	30	androidx.appcompat.widget.AbsActionBarView.setupAnimatorToVisibility(IJ)Landroidx/core/view/ViewPropertyAnimatorCompat;	-1	-1	android.view.View.setAlpha(F)V	android.view.View.setVisibility(I)V	SDK_INT <= 10	BackwardImprovement	"If you want to support older versions (<= 10), add a check and handle using these APIs: android.view.View.setVisibility(I)V"	0.0
io.mrarm.irc	0.5.4	17	30	androidx.appcompat.widget.DropDownListView.onForwardedEvent(Landroid/view/MotionEvent;I)Z	-1	-1	android.view.MotionEvent.getActionMasked()I	android.view.MotionEvent.getAction()I	SDK_INT <= 7	BackwardImprovement	"If you want to support older versions (<= 7), add a check and handle using these APIs: android.view.MotionEvent.getAction()I"	0.0
io.mrarm.irc	0.5.4	17	30	androidx.appcompat.widget.ForwardingListener.onTouchForwarded(Landroid/view/MotionEvent;)Z	-1	-1	android.view.MotionEvent.getActionMasked()I	android.view.MotionEvent.getAction()I	SDK_INT <= 7	BackwardImprovement	"If you want to support older versions (<= 7), add a check and handle using these APIs: android.view.MotionEvent.getAction()I"	0.0
io.mrarm.irc	0.5.4	17	30	androidx.appcompat.widget.ForwardingListener.onTouchObserved(Landroid/view/MotionEvent;)Z	-1	-1	android.view.MotionEvent.getActionMasked()I	android.view.MotionEvent.getAction()I	SDK_INT <= 7	BackwardImprovement	"If you want to support older versions (<= 7), add a check and handle using these APIs: android.view.MotionEvent.getAction()I"	0.0
io.mrarm.irc	0.5.4	17	30	androidx.appcompat.widget.ScrollingTabContainerView.animateToVisibility(I)V	-1	-1	android.view.View.setAlpha(F)V	android.view.View.setVisibility(I)V	SDK_INT <= 10	BackwardImprovement	"If you want to support older versions (<= 10), add a check and handle using these APIs: android.view.View.setVisibility(I)V"	0.0
io.mrarm.irc	0.5.4	17	30	androidx.appcompat.widget.SwitchCompat.onTouchEvent(Landroid/view/MotionEvent;)Z	-1	-1	android.view.MotionEvent.getActionMasked()I	android.view.MotionEvent.getAction()I	SDK_INT <= 7	BackwardImprovement	"If you want to support older versions (<= 7), add a check and handle using these APIs: android.view.MotionEvent.getAction()I"	0.0
io.mrarm.irc	0.5.4	17	30	androidx.appcompat.widget.Toolbar.onHoverEvent(Landroid/view/MotionEvent;)Z	-1	-1	android.view.MotionEvent.getActionMasked()I	android.view.MotionEvent.getAction()I	SDK_INT <= 7	BackwardImprovement	"If you want to support older versions (<= 7), add a check and handle using these APIs: android.view.MotionEvent.getAction()I"	0.0
io.mrarm.irc	0.5.4	17	30	androidx.appcompat.widget.Toolbar.onTouchEvent(Landroid/view/MotionEvent;)Z	-1	-1	android.view.MotionEvent.getActionMasked()I	android.view.MotionEvent.getAction()I	SDK_INT <= 7	BackwardImprovement	"If you want to support older versions (<= 7), add a check and handle using these APIs: android.view.MotionEvent.getAction()I"	0.0
io.mrarm.irc	0.5.4	17	30	androidx.core.view.MotionEventCompat.getActionMasked(Landroid/view/MotionEvent;)I	-1	-1	android.view.MotionEvent.getActionMasked()I	android.view.MotionEvent.getAction()I	SDK_INT <= 7	BackwardImprovement	"If you want to support older versions (<= 7), add a check and handle using these APIs: android.view.MotionEvent.getAction()I"	0.0
io.mrarm.irc	0.5.4	17	30	androidx.core.view.ViewCompat.setAlpha(Landroid/view/View;F)V	-1	-1	android.view.View.setAlpha(F)V	android.view.View.setVisibility(I)V	SDK_INT <= 10	BackwardImprovement	"If you want to support older versions (<= 10), add a check and handle using these APIs: android.view.View.setVisibility(I)V"	0.0
io.mrarm.irc	0.5.4	17	30	androidx.core.view.ViewCompat.setScaleY(Landroid/view/View;F)V	-1	-1	android.view.View.setScaleY(F)V		SDK_INT <= 10	BackwardImprovement	"If you want to support older versions (<= 10), add a check and handle using these APIs: "	0.0
io.mrarm.irc	0.5.4	17	30	androidx.core.widget.AutoScrollHelper.onTouch(Landroid/view/View;Landroid/view/MotionEvent;)Z	-1	-1	android.view.MotionEvent.getActionMasked()I	android.view.MotionEvent.getAction()I	SDK_INT <= 7	BackwardImprovement	"If you want to support older versions (<= 7), add a check and handle using these APIs: android.view.MotionEvent.getAction()I"	0.0
io.mrarm.irc	0.5.4	17	30	androidx.customview.widget.ViewDragHelper.processTouchEvent(Landroid/view/MotionEvent;)V	-1	-1	android.view.MotionEvent.getActionMasked()I	android.view.MotionEvent.getAction()I	SDK_INT <= 7	BackwardImprovement	"If you want to support older versions (<= 7), add a check and handle using these APIs: android.view.MotionEvent.getAction()I"	0.0
io.mrarm.irc	0.5.4	17	30	androidx.customview.widget.ViewDragHelper.shouldInterceptTouchEvent(Landroid/view/MotionEvent;)Z	-1	-1	android.view.MotionEvent.getActionMasked()I	android.view.MotionEvent.getAction()I	SDK_INT <= 7	BackwardImprovement	"If you want to support older versions (<= 7), add a check and handle using these APIs: android.view.MotionEvent.getAction()I"	0.0
io.mrarm.irc	0.5.4	17	30	androidx.drawerlayout.widget.DrawerLayout.onInterceptTouchEvent(Landroid/view/MotionEvent;)Z	-1	-1	android.view.MotionEvent.getActionMasked()I	android.view.MotionEvent.getAction()I	SDK_INT <= 7	BackwardImprovement	"If you want to support older versions (<= 7), add a check and handle using these APIs: android.view.MotionEvent.getAction()I"	0.0
io.mrarm.irc	0.5.4	17	30	androidx.recyclerview.widget.DefaultItemAnimator$4.onAnimationEnd(Landroid/animation/Animator;)V	-1	-1	android.view.View.setAlpha(F)V	android.view.View.setVisibility(I)V	SDK_INT <= 10	BackwardImprovement	"If you want to support older versions (<= 10), add a check and handle using these APIs: android.view.View.setVisibility(I)V"	0.0
io.mrarm.irc	0.5.4	17	30	androidx.recyclerview.widget.DefaultItemAnimator$5.onAnimationCancel(Landroid/animation/Animator;)V	-1	-1	android.view.View.setAlpha(F)V	android.view.View.setVisibility(I)V	SDK_INT <= 10	BackwardImprovement	"If you want to support older versions (<= 10), add a check and handle using these APIs: android.view.View.setVisibility(I)V"	0.0
io.mrarm.irc	0.5.4	17	30	androidx.recyclerview.widget.DefaultItemAnimator$7.onAnimationEnd(Landroid/animation/Animator;)V	-1	-1	android.view.View.setAlpha(F)V	android.view.View.setVisibility(I)V	SDK_INT <= 10	BackwardImprovement	"If you want to support older versions (<= 10), add a check and handle using these APIs: android.view.View.setVisibility(I)V"	0.0
io.mrarm.irc	0.5.4	17	30	androidx.recyclerview.widget.DefaultItemAnimator$8.onAnimationEnd(Landroid/animation/Animator;)V	-1	-1	android.view.View.setAlpha(F)V	android.view.View.setVisibility(I)V	SDK_INT <= 10	BackwardImprovement	"If you want to support older versions (<= 10), add a check and handle using these APIs: android.view.View.setVisibility(I)V"	0.0
io.mrarm.irc	0.5.4	17	30	androidx.transition.ViewUtilsBase.setAnimationMatrix(Landroid/view/View;Landroid/graphics/Matrix;)V	-1	-1	android.view.View.setScaleY(F)V		SDK_INT <= 10	BackwardImprovement	"If you want to support older versions (<= 10), add a check and handle using these APIs: "	0.0
io.mrarm.irc	0.5.4	17	30	androidx.transition.ViewUtilsBase.setAnimationMatrix(Landroid/view/View;Landroid/graphics/Matrix;)V	-1	-1	android.view.View.setScaleY(F)V		SDK_INT <= 10	BackwardImprovement	"If you want to support older versions (<= 10), add a check and handle using these APIs: "	0.0
io.mrarm.irc	0.5.4	17	30	androidx.transition.ViewUtilsBase.setTransitionAlpha(Landroid/view/View;F)V	-1	-1	android.view.View.setAlpha(F)V	android.view.View.setVisibility(I)V	SDK_INT <= 10	BackwardImprovement	"If you want to support older versions (<= 10), add a check and handle using these APIs: android.view.View.setVisibility(I)V"	0.0
io.mrarm.irc	0.5.4	17	30	androidx.transition.ViewUtilsBase.setTransitionAlpha(Landroid/view/View;F)V	-1	-1	android.view.View.setAlpha(F)V	android.view.View.setVisibility(I)V	SDK_INT <= 10	BackwardImprovement	"If you want to support older versions (<= 10), add a check and handle using these APIs: android.view.View.setVisibility(I)V"	0.0
io.mrarm.irc	0.5.4	17	30	io.mrarm.irc.dialog.MaterialColorPickerDialog.lambda$show$1$MaterialColorPickerDialog(Landroid/widget/TextView;Landroid/view/View;Z)V	-1	-1	android.view.View.setAlpha(F)V	android.view.View.setVisibility(I)V	SDK_INT <= 10	BackwardImprovement	"If you want to support older versions (<= 10), add a check and handle using these APIs: android.view.View.setVisibility(I)V"	0.0
io.mrarm.irc	0.5.4	17	30	io.mrarm.irc.view.RecyclerViewScrollbar.<init>(Landroid/content/Context;Landroid/util/AttributeSet;I)V	-1	-1	android.view.View.setBackground(Landroid/graphics/drawable/Drawable;)V	android.view.View.setBackgroundDrawable(Landroid/graphics/drawable/Drawable;)V	SDK_INT <= 15	BackwardImprovement	"If you want to support older versions (<= 15), add a check and handle using these APIs: android.view.View.setBackgroundDrawable(Landroid/graphics/drawable/Drawable;)V"	0.0
io.mrarm.irc	0.5.4	17	30	io.mrarm.irc.view.TextSelectionHandleView.onTouchEvent(Landroid/view/MotionEvent;)Z	-1	-1	android.view.MotionEvent.getActionMasked()I	android.view.MotionEvent.getAction()I	SDK_INT <= 7	BackwardImprovement	"If you want to support older versions (<= 7), add a check and handle using these APIs: android.view.MotionEvent.getAction()I"	0.0
io.mrarm.irc	0.5.4	17	30	androidx.appcompat.app.AppCompatDelegateImpl.startSupportActionModeFromWindow(Landroidx/appcompat/view/ActionMode$Callback;)Landroidx/appcompat/view/ActionMode;	-1	-1	android.view.View.setAlpha(F)V	android.view.View.setVisibility(I)V	SDK_INT <= 10	BackwardImprovement	"If you want to support older versions (<= 10), add a check and handle using these APIs: android.view.View.setVisibility(I)V"	0.0
io.mrarm.irc	0.5.4	17	30	androidx.appcompat.app.AppCompatDelegateImpl.startSupportActionModeFromWindow(Landroidx/appcompat/view/ActionMode$Callback;)Landroidx/appcompat/view/ActionMode;	-1	-1	android.view.View.setAlpha(F)V	android.view.View.setVisibility(I)V	SDK_INT <= 10	BackwardImprovement	"If you want to support older versions (<= 10), add a check and handle using these APIs: android.view.View.setVisibility(I)V"	0.0
io.mrarm.irc	0.5.4	17	30	androidx.appcompat.app.WindowDecorActionBar.doHide(Z)V	-1	-1	android.view.View.setAlpha(F)V	android.view.View.setVisibility(I)V	SDK_INT <= 10	BackwardImprovement	"If you want to support older versions (<= 10), add a check and handle using these APIs: android.view.View.setVisibility(I)V"	0.0
io.mrarm.irc	0.5.4	17	30	androidx.appcompat.app.WindowDecorActionBar.doShow(Z)V	-1	-1	android.view.View.setAlpha(F)V	android.view.View.setVisibility(I)V	SDK_INT <= 10	BackwardImprovement	"If you want to support older versions (<= 10), add a check and handle using these APIs: android.view.View.setVisibility(I)V"	0.0
io.mrarm.irc	0.5.4	17	30	androidx.fragment.app.FragmentManagerImpl.makeRemovedFragmentsInvisible(Landroidx/collection/ArraySet;)V	-1	-1	android.view.View.setAlpha(F)V	android.view.View.setVisibility(I)V	SDK_INT <= 10	BackwardImprovement	"If you want to support older versions (<= 10), add a check and handle using these APIs: android.view.View.setVisibility(I)V"	0.0
io.mrarm.irc	0.5.4	17	30	androidx.fragment.app.FragmentManagerImpl.completeExecute(Landroidx/fragment/app/BackStackRecord;ZZZ)V	-1	-1	android.view.View.setAlpha(F)V	android.view.View.setVisibility(I)V	SDK_INT <= 10	BackwardImprovement	"If you want to support older versions (<= 10), add a check and handle using these APIs: android.view.View.setVisibility(I)V"	0.0
io.mrarm.irc	0.5.4	17	30	androidx.fragment.app.FragmentManagerImpl.moveFragmentToExpectedState(Landroidx/fragment/app/Fragment;)V	-1	-1	android.view.View.setAlpha(F)V	android.view.View.setVisibility(I)V	SDK_INT <= 10	BackwardImprovement	"If you want to support older versions (<= 10), add a check and handle using these APIs: android.view.View.setVisibility(I)V"	0.0
io.mrarm.irc	0.5.4	17	30	androidx.recyclerview.widget.ItemTouchHelper$2.onInterceptTouchEvent(Landroidx/recyclerview/widget/RecyclerView;Landroid/view/MotionEvent;)Z	-1	-1	android.view.MotionEvent.getActionMasked()I	android.view.MotionEvent.getAction()I	SDK_INT <= 7	BackwardImprovement	"If you want to support older versions (<= 7), add a check and handle using these APIs: android.view.MotionEvent.getAction()I"	0.0
io.mrarm.irc	0.5.4	17	30	androidx.recyclerview.widget.ItemTouchHelper$2.onTouchEvent(Landroidx/recyclerview/widget/RecyclerView;Landroid/view/MotionEvent;)V	-1	-1	android.view.MotionEvent.getActionMasked()I	android.view.MotionEvent.getAction()I	SDK_INT <= 7	BackwardImprovement	"If you want to support older versions (<= 7), add a check and handle using these APIs: android.view.MotionEvent.getAction()I"	0.0
io.mrarm.irc	0.5.4	17	30	androidx.transition.ChangeTransform.setTransforms(Landroid/view/View;FFFFFFFF)V	-1	-1	android.view.View.setScaleY(F)V		SDK_INT <= 10	BackwardImprovement	"If you want to support older versions (<= 10), add a check and handle using these APIs: "	0.0
io.mrarm.irc	0.5.4	17	30	androidx.transition.ViewUtilsApi19.setTransitionAlpha(Landroid/view/View;F)V	-1	-1	android.view.View.setAlpha(F)V	android.view.View.setVisibility(I)V	SDK_INT <= 10	BackwardImprovement	"If you want to support older versions (<= 10), add a check and handle using these APIs: android.view.View.setVisibility(I)V"	0.0
io.mrarm.irc	0.5.4	17	30	io.mrarm.irc.chat.ChatMessagesAdapter$BaseHolder.setSelected(ZZZ)V	-1	-1	android.view.View.setBackground(Landroid/graphics/drawable/Drawable;)V	android.view.View.setBackgroundDrawable(Landroid/graphics/drawable/Drawable;)V	SDK_INT <= 15	BackwardImprovement	"If you want to support older versions (<= 15), add a check and handle using these APIs: android.view.View.setBackgroundDrawable(Landroid/graphics/drawable/Drawable;)V"	0.0
io.mrarm.irc	0.5.4	17	30	io.mrarm.irc.chat.ChatSelectTouchListener.onInterceptTouchEvent(Landroidx/recyclerview/widget/RecyclerView;Landroid/view/MotionEvent;)Z	-1	-1	android.view.MotionEvent.getActionMasked()I	android.view.MotionEvent.getAction()I	SDK_INT <= 7	BackwardImprovement	"If you want to support older versions (<= 7), add a check and handle using these APIs: android.view.MotionEvent.getAction()I"	0.0
io.mrarm.irc	0.5.4	17	30	io.mrarm.irc.chat.ChatSelectTouchListener.onInterceptTouchEvent(Landroidx/recyclerview/widget/RecyclerView;Landroid/view/MotionEvent;)Z	-1	-1	android.view.MotionEvent.getActionMasked()I	android.view.MotionEvent.getAction()I	SDK_INT <= 7	BackwardImprovement	"If you want to support older versions (<= 7), add a check and handle using these APIs: android.view.MotionEvent.getAction()I"	0.0
io.mrarm.irc	0.5.4	17	30	io.mrarm.irc.chat.ChatSelectTouchListener.onInterceptTouchEvent(Landroidx/recyclerview/widget/RecyclerView;Landroid/view/MotionEvent;)Z	-1	-1	android.view.MotionEvent.getActionMasked()I	android.view.MotionEvent.getAction()I	SDK_INT <= 7	BackwardImprovement	"If you want to support older versions (<= 7), add a check and handle using these APIs: android.view.MotionEvent.getAction()I"	0.0
io.mrarm.irc	0.5.4	17	30	io.mrarm.irc.chat.ChatSelectTouchListener.onInterceptTouchEvent(Landroidx/recyclerview/widget/RecyclerView;Landroid/view/MotionEvent;)Z	-1	-1	android.view.MotionEvent.getActionMasked()I	android.view.MotionEvent.getAction()I	SDK_INT <= 7	BackwardImprovement	"If you want to support older versions (<= 7), add a check and handle using these APIs: android.view.MotionEvent.getAction()I"	0.0
io.mrarm.irc	0.5.4	17	30	io.mrarm.irc.util.SelectableRecyclerViewAdapter.onBindViewHolder(Lio/mrarm/irc/util/SelectableRecyclerViewAdapter$ViewHolder;I)V	-1	-1	android.view.View.setBackground(Landroid/graphics/drawable/Drawable;)V	android.view.View.setBackgroundDrawable(Landroid/graphics/drawable/Drawable;)V	SDK_INT <= 15	BackwardImprovement	"If you want to support older versions (<= 15), add a check and handle using these APIs: android.view.View.setBackgroundDrawable(Landroid/graphics/drawable/Drawable;)V"	0.0
io.mrarm.irc	0.5.4	17	30	androidx.appcompat.app.AppCompatDelegateImpl$6$1.onAnimationEnd(Landroid/view/View;)V	-1	-1	android.view.View.setAlpha(F)V	android.view.View.setVisibility(I)V	SDK_INT <= 10	BackwardImprovement	"If you want to support older versions (<= 10), add a check and handle using these APIs: android.view.View.setVisibility(I)V"	0.0
io.mrarm.irc	0.5.4	17	30	androidx.appcompat.app.AppCompatDelegateImpl$7.onAnimationEnd(Landroid/view/View;)V	-1	-1	android.view.View.setAlpha(F)V	android.view.View.setVisibility(I)V	SDK_INT <= 10	BackwardImprovement	"If you want to support older versions (<= 10), add a check and handle using these APIs: android.view.View.setVisibility(I)V"	0.0
io.mrarm.irc	0.5.4	17	30	androidx.recyclerview.widget.DefaultItemAnimator.endChangeAnimationIfNecessary(Landroidx/recyclerview/widget/DefaultItemAnimator$ChangeInfo;Landroidx/recyclerview/widget/RecyclerView$ViewHolder;)Z	-1	-1	android.view.View.setAlpha(F)V	android.view.View.setVisibility(I)V	SDK_INT <= 10	BackwardImprovement	"If you want to support older versions (<= 10), add a check and handle using these APIs: android.view.View.setVisibility(I)V"	0.0
io.mrarm.irc	0.5.4	17	30	androidx.recyclerview.widget.DefaultItemAnimator.animateAdd(Landroidx/recyclerview/widget/RecyclerView$ViewHolder;)Z	-1	-1	android.view.View.setAlpha(F)V	android.view.View.setVisibility(I)V	SDK_INT <= 10	BackwardImprovement	"If you want to support older versions (<= 10), add a check and handle using these APIs: android.view.View.setVisibility(I)V"	0.0
io.mrarm.irc	0.5.4	17	30	androidx.recyclerview.widget.DefaultItemAnimator.animateChange(Landroidx/recyclerview/widget/RecyclerView$ViewHolder;Landroidx/recyclerview/widget/RecyclerView$ViewHolder;IIII)Z	-1	-1	android.view.View.setAlpha(F)V	android.view.View.setVisibility(I)V	SDK_INT <= 10	BackwardImprovement	"If you want to support older versions (<= 10), add a check and handle using these APIs: android.view.View.setVisibility(I)V"	0.0
io.mrarm.irc	0.5.4	17	30	androidx.recyclerview.widget.DefaultItemAnimator.animateChange(Landroidx/recyclerview/widget/RecyclerView$ViewHolder;Landroidx/recyclerview/widget/RecyclerView$ViewHolder;IIII)Z	-1	-1	android.view.View.setAlpha(F)V	android.view.View.setVisibility(I)V	SDK_INT <= 10	BackwardImprovement	"If you want to support older versions (<= 10), add a check and handle using these APIs: android.view.View.setVisibility(I)V"	0.0
io.mrarm.irc	0.5.4	17	30	androidx.recyclerview.widget.DefaultItemAnimator.endAnimation(Landroidx/recyclerview/widget/RecyclerView$ViewHolder;)V	-1	-1	android.view.View.setAlpha(F)V	android.view.View.setVisibility(I)V	SDK_INT <= 10	BackwardImprovement	"If you want to support older versions (<= 10), add a check and handle using these APIs: android.view.View.setVisibility(I)V"	0.0
io.mrarm.irc	0.5.4	17	30	androidx.recyclerview.widget.DefaultItemAnimator.endAnimation(Landroidx/recyclerview/widget/RecyclerView$ViewHolder;)V	-1	-1	android.view.View.setAlpha(F)V	android.view.View.setVisibility(I)V	SDK_INT <= 10	BackwardImprovement	"If you want to support older versions (<= 10), add a check and handle using these APIs: android.view.View.setVisibility(I)V"	0.0
io.mrarm.irc	0.5.4	17	30	androidx.recyclerview.widget.DefaultItemAnimator.endAnimation(Landroidx/recyclerview/widget/RecyclerView$ViewHolder;)V	-1	-1	android.view.View.setAlpha(F)V	android.view.View.setVisibility(I)V	SDK_INT <= 10	BackwardImprovement	"If you want to support older versions (<= 10), add a check and handle using these APIs: android.view.View.setVisibility(I)V"	0.0
io.mrarm.irc	0.5.4	17	30	androidx.recyclerview.widget.DefaultItemAnimator.endAnimations()V	-1	-1	android.view.View.setAlpha(F)V	android.view.View.setVisibility(I)V	SDK_INT <= 10	BackwardImprovement	"If you want to support older versions (<= 10), add a check and handle using these APIs: android.view.View.setVisibility(I)V"	0.0
io.mrarm.irc	0.5.4	17	30	androidx.recyclerview.widget.DefaultItemAnimator.endAnimations()V	-1	-1	android.view.View.setAlpha(F)V	android.view.View.setVisibility(I)V	SDK_INT <= 10	BackwardImprovement	"If you want to support older versions (<= 10), add a check and handle using these APIs: android.view.View.setVisibility(I)V"	0.0
io.mrarm.irc	0.5.4	17	30	io.mrarm.irc.NotificationRulesAdapter$UserRuleHolder.lambda$new$1$NotificationRulesAdapter$UserRuleHolder(Lio/mrarm/irc/NotificationRulesAdapter;Landroid/view/View;Landroid/view/MotionEvent;)Z	-1	-1	android.view.MotionEvent.getActionMasked()I	android.view.MotionEvent.getAction()I	SDK_INT <= 7	BackwardImprovement	"If you want to support older versions (<= 7), add a check and handle using these APIs: android.view.MotionEvent.getAction()I"	0.0
io.mrarm.irc	0.5.4	17	30	io.mrarm.irc.chat.ChatMessagesAdapter$MessageHolder.<init>(Lio/mrarm/irc/chat/ChatMessagesAdapter;Landroid/view/View;)V	-1	-1	android.view.View.setBackground(Landroid/graphics/drawable/Drawable;)V	android.view.View.setBackgroundDrawable(Landroid/graphics/drawable/Drawable;)V	SDK_INT <= 15	BackwardImprovement	"If you want to support older versions (<= 15), add a check and handle using these APIs: android.view.View.setBackgroundDrawable(Landroid/graphics/drawable/Drawable;)V"	0.0
io.mrarm.irc	0.5.4	17	30	io.mrarm.irc.chat.ChatMessagesAdapter$MessageHolder.<init>(Lio/mrarm/irc/chat/ChatMessagesAdapter;Landroid/view/View;)V	-1	-1	android.view.View.setBackground(Landroid/graphics/drawable/Drawable;)V	android.view.View.setBackgroundDrawable(Landroid/graphics/drawable/Drawable;)V	SDK_INT <= 15	BackwardImprovement	"If you want to support older versions (<= 15), add a check and handle using these APIs: android.view.View.setBackgroundDrawable(Landroid/graphics/drawable/Drawable;)V"	0.0
io.mrarm.irc	0.5.4	17	30	io.mrarm.irc.util.theme.live.ThemedEditText.setBackgroundActiveColor(Landroid/view/View;Lio/mrarm/irc/util/theme/live/LiveThemeComponent;)V	-1	-1	android.view.View.setBackground(Landroid/graphics/drawable/Drawable;)V	android.view.View.setBackgroundDrawable(Landroid/graphics/drawable/Drawable;)V	SDK_INT <= 15	BackwardImprovement	"If you want to support older versions (<= 15), add a check and handle using these APIs: android.view.View.setBackgroundDrawable(Landroid/graphics/drawable/Drawable;)V"	0.0
io.mrarm.irc	0.5.4	17	30	androidx.coordinatorlayout.widget.CoordinatorLayout.performIntercept(Landroid/view/MotionEvent;I)Z	-1	-1	android.view.MotionEvent.getActionMasked()I	android.view.MotionEvent.getAction()I	SDK_INT <= 7	BackwardImprovement	"If you want to support older versions (<= 7), add a check and handle using these APIs: android.view.MotionEvent.getAction()I"	0.0
io.mrarm.irc	0.5.4	17	30	androidx.coordinatorlayout.widget.CoordinatorLayout.onInterceptTouchEvent(Landroid/view/MotionEvent;)Z	-1	-1	android.view.MotionEvent.getActionMasked()I	android.view.MotionEvent.getAction()I	SDK_INT <= 7	BackwardImprovement	"If you want to support older versions (<= 7), add a check and handle using these APIs: android.view.MotionEvent.getAction()I"	0.0
io.mrarm.irc	0.5.4	17	30	androidx.coordinatorlayout.widget.CoordinatorLayout.onTouchEvent(Landroid/view/MotionEvent;)Z	-1	-1	android.view.MotionEvent.getActionMasked()I	android.view.MotionEvent.getAction()I	SDK_INT <= 7	BackwardImprovement	"If you want to support older versions (<= 7), add a check and handle using these APIs: android.view.MotionEvent.getAction()I"	0.0
io.mrarm.irc	0.5.4	17	30	androidx.core.widget.NestedScrollView.onTouchEvent(Landroid/view/MotionEvent;)Z	-1	-1	android.view.MotionEvent.getActionMasked()I	android.view.MotionEvent.getAction()I	SDK_INT <= 7	BackwardImprovement	"If you want to support older versions (<= 7), add a check and handle using these APIs: android.view.MotionEvent.getAction()I"	0.0
io.mrarm.irc	0.5.4	17	30	androidx.recyclerview.widget.RecyclerView.onInterceptTouchEvent(Landroid/view/MotionEvent;)Z	-1	-1	android.view.MotionEvent.getActionMasked()I	android.view.MotionEvent.getAction()I	SDK_INT <= 7	BackwardImprovement	"If you want to support older versions (<= 7), add a check and handle using these APIs: android.view.MotionEvent.getAction()I"	0.0
io.mrarm.irc	0.5.4	17	30	androidx.recyclerview.widget.RecyclerView.onTouchEvent(Landroid/view/MotionEvent;)Z	-1	-1	android.view.MotionEvent.getActionMasked()I	android.view.MotionEvent.getAction()I	SDK_INT <= 7	BackwardImprovement	"If you want to support older versions (<= 7), add a check and handle using these APIs: android.view.MotionEvent.getAction()I"	0.0
