app	version	sdk_min	sdk_trg	method	fromLine	toLine	apis	alternative	ruleCheck	warning	message	confidence
im.vector.alpha	null	16	28	com.facebook.react.modules.network.ForwardingCookieHandler.addCookies(Ljava/lang/String;Ljava/util/List;)V	-1	-1	android.webkit.CookieManager.flush()V		SDK_INT <= 20	BackwardCriticalBug	"[Critical] The APIs you are using must be used only in new Android versions (SDK_INT <= 20). Check the Android version before using them. "	0.0
im.vector.alpha	null	16	28	com.facebook.react.views.webview.ReactWebViewManager.setMediaPlaybackRequiresUserAction(Landroid/webkit/WebView;Z)V	-1	-1	android.webkit.WebSettings.setMediaPlaybackRequiresUserGesture(Z)V		SDK_INT <= 16	BackwardCriticalBug	"[Critical] The APIs you are using must be used only in new Android versions (SDK_INT <= 16). Check the Android version before using them. "	0.0
im.vector.alpha	null	16	28	org.matrix.androidsdk.call.MXChromeCall$1$1.run()V	-1	-1	android.webkit.CookieManager.setAcceptThirdPartyCookies(Landroid/webkit/WebView;Z)V		SDK_INT <= 20	BackwardCriticalBug	"[Critical] The APIs you are using must be used only in new Android versions (SDK_INT <= 20). Check the Android version before using them. "	0.0
im.vector.alpha	null	16	28	org.jitsi.meet.sdk.AudioModeModule$1.run()V	-1	-1	android.util.Log.d(Ljava/lang/String;Ljava/lang/String;)I		SDK_INT <= 20	ForwardImprovement	"[Info] The APIs you are using should be used only in older Android versions (SDK_INT <= 20). Add a check."	0.0
im.vector.alpha	null	16	28	co.apptailor.googlesignin.RNGoogleSigninModule.handleSignInTaskResult(Lcom/google/android/gms/tasks/Task;)V	-1	-1	android.os.AsyncTask.execute([Ljava/lang/Object;)Landroid/os/AsyncTask;	android.os.AsyncTask.executeOnExecutor(Ljava/util/concurrent/Executor;[Ljava/lang/Object;)Landroid/os/AsyncTask;	SDK_INT <= -1	ForwardImprovement	"[Info] You should use alternative APIs, since you do not support old Android versions (SDK_INT <= -1). Please, use: android.os.AsyncTask.executeOnExecutor(Ljava/util/concurrent/Executor;[Ljava/lang/Object;)Landroid/os/AsyncTask;."	0.0
im.vector.alpha	null	16	28	org.jitsi.meet.sdk.PictureInPictureModule.enterPictureInPicture()V	-1	-1	android.util.Log.d(Ljava/lang/String;Ljava/lang/String;)I		SDK_INT <= 20	ForwardImprovement	"[Info] The APIs you are using should be used only in older Android versions (SDK_INT <= 20). Add a check."	0.0
im.vector.alpha	null	16	28	com.facebook.react.modules.network.ForwardingCookieHandler.runInBackground(Ljava/lang/Runnable;)V	-1	-1	android.os.AsyncTask.execute([Ljava/lang/Object;)Landroid/os/AsyncTask;	android.os.AsyncTask.executeOnExecutor(Ljava/util/concurrent/Executor;[Ljava/lang/Object;)Landroid/os/AsyncTask;	SDK_INT <= -1	ForwardImprovement	"[Info] You should use alternative APIs, since you do not support old Android versions (SDK_INT <= -1). Please, use: android.os.AsyncTask.executeOnExecutor(Ljava/util/concurrent/Executor;[Ljava/lang/Object;)Landroid/os/AsyncTask;."	0.0
im.vector.alpha	null	16	28	com.facebook.react.modules.network.ForwardingCookieHandler.clearCookies(Lcom/facebook/react/bridge/Callback;)V	-1	-1	android.os.AsyncTask.execute([Ljava/lang/Object;)Landroid/os/AsyncTask;	android.os.AsyncTask.executeOnExecutor(Ljava/util/concurrent/Executor;[Ljava/lang/Object;)Landroid/os/AsyncTask;	SDK_INT <= -1	ForwardImprovement	"[Info] You should use alternative APIs, since you do not support old Android versions (SDK_INT <= -1). Please, use: android.os.AsyncTask.executeOnExecutor(Ljava/util/concurrent/Executor;[Ljava/lang/Object;)Landroid/os/AsyncTask;."	0.0
im.vector.alpha	null	16	28	im.vector.util.BugReporter.sendBugReport(Landroid/content/Context;ZZZLjava/lang/String;Lim/vector/util/BugReporter$IMXBugReportListener;)V	-1	-1	android.os.AsyncTask.execute([Ljava/lang/Object;)Landroid/os/AsyncTask;	android.os.AsyncTask.executeOnExecutor(Ljava/util/concurrent/Executor;[Ljava/lang/Object;)Landroid/os/AsyncTask;	SDK_INT <= -1	ForwardImprovement	"[Info] You should use alternative APIs, since you do not support old Android versions (SDK_INT <= -1). Please, use: android.os.AsyncTask.executeOnExecutor(Ljava/util/concurrent/Executor;[Ljava/lang/Object;)Landroid/os/AsyncTask;."	0.0
im.vector.alpha	null	16	28	im.vector.util.VectorImageGetter.getDrawable(Ljava/lang/String;)Landroid/graphics/drawable/Drawable;	-1	-1	android.os.AsyncTask.execute([Ljava/lang/Object;)Landroid/os/AsyncTask;	android.os.AsyncTask.executeOnExecutor(Ljava/util/concurrent/Executor;[Ljava/lang/Object;)Landroid/os/AsyncTask;	SDK_INT <= -1	ForwardImprovement	"[Info] You should use alternative APIs, since you do not support old Android versions (SDK_INT <= -1). Please, use: android.os.AsyncTask.executeOnExecutor(Ljava/util/concurrent/Executor;[Ljava/lang/Object;)Landroid/os/AsyncTask;."	0.0
im.vector.alpha	null	16	28	com.facebook.react.devsupport.InspectorPackagerConnection$Connection.send(Lorg/json/JSONObject;)V	-1	-1	android.os.AsyncTask.execute([Ljava/lang/Object;)Landroid/os/AsyncTask;	android.os.AsyncTask.executeOnExecutor(Ljava/util/concurrent/Executor;[Ljava/lang/Object;)Landroid/os/AsyncTask;	SDK_INT <= -1	ForwardImprovement	"[Info] You should use alternative APIs, since you do not support old Android versions (SDK_INT <= -1). Please, use: android.os.AsyncTask.executeOnExecutor(Ljava/util/concurrent/Executor;[Ljava/lang/Object;)Landroid/os/AsyncTask;."	0.0
im.vector.alpha	null	16	28	com.facebook.react.views.scroll.ReactHorizontalScrollView.predictFinalScrollPosition(I)I	-1	-1	android.view.View.getContext()Landroid/content/Context;		SDK_INT <= 13	ForwardImprovement	"[Info] You should not use these APIs, which are commonly used in old Android versions which you do not support (SDK_INT <= 13)."	0.0
im.vector.alpha	null	16	28	com.facebook.react.views.scroll.ReactHorizontalScrollView.onInterceptTouchEvent(Landroid/view/MotionEvent;)Z	-1	-1	android.util.Log.w(Ljava/lang/String;Ljava/lang/String;Ljava/lang/Throwable;)I	android.widget.AdapterView.getLastVisiblePosition()I&android.widget.AdapterView.getFirstVisiblePosition()I&android.util.Log.w(Ljava/lang/String;Ljava/lang/String;Ljava/lang/Throwable;)I	SDK_INT <= 15	ForwardImprovement	"[Info] You should use alternative APIs, since you do not support old Android versions (SDK_INT <= 15). Please, use: android.widget.AdapterView.getLastVisiblePosition()I --- android.widget.AdapterView.getFirstVisiblePosition()I --- android.util.Log.w(Ljava/lang/String;Ljava/lang/String;Ljava/lang/Throwable;)I."	0.0
im.vector.alpha	null	16	28	com.facebook.react.views.scroll.ReactHorizontalScrollView.onTouchEvent(Landroid/view/MotionEvent;)Z	-1	-1	android.view.MotionEvent.getAction()I	android.view.MotionEvent.getActionMasked()I	SDK_INT <= 7	ForwardImprovement	"[Info] You should use alternative APIs, since you do not support old Android versions (SDK_INT <= 7). Please, use: android.view.MotionEvent.getActionMasked()I."	0.0
im.vector.alpha	null	16	28	com.facebook.react.views.scroll.ReactScrollView.onTouchEvent(Landroid/view/MotionEvent;)Z	-1	-1	android.view.MotionEvent.getAction()I	android.view.MotionEvent.getActionMasked()I	SDK_INT <= 7	ForwardImprovement	"[Info] You should use alternative APIs, since you do not support old Android versions (SDK_INT <= 7). Please, use: android.view.MotionEvent.getActionMasked()I."	0.0
im.vector.alpha	null	16	28	com.facebook.react.devsupport.DevSupportManagerImpl.showDevOptionsDialog()V	-1	-1	android.app.AlertDialog$Builder.<init>(Landroid/content/Context;)V	android.app.AlertDialog$Builder.<init>(Landroid/content/Context;I)V	SDK_INT <= 10	ForwardImprovement	"[Info] You should use alternative APIs, since you do not support old Android versions (SDK_INT <= 10). Please, use: android.app.AlertDialog$Builder.<init>(Landroid/content/Context;I)V."	0.0
im.vector.alpha	null	16	28	com.facebook.react.modules.network.NetworkingModule.cancelRequest(I)V	-1	-1	android.os.AsyncTask.execute([Ljava/lang/Object;)Landroid/os/AsyncTask;	android.os.AsyncTask.executeOnExecutor(Ljava/util/concurrent/Executor;[Ljava/lang/Object;)Landroid/os/AsyncTask;	SDK_INT <= -1	ForwardImprovement	"[Info] You should use alternative APIs, since you do not support old Android versions (SDK_INT <= -1). Please, use: android.os.AsyncTask.executeOnExecutor(Ljava/util/concurrent/Executor;[Ljava/lang/Object;)Landroid/os/AsyncTask;."	0.0
im.vector.alpha	null	16	28	com.facebook.react.views.view.ReactViewManager.setNativeForeground(Lcom/facebook/react/views/view/ReactViewGroup;Lcom/facebook/react/bridge/ReadableMap;)V	-1	-1	android.view.View.getContext()Landroid/content/Context;		SDK_INT <= 13	ForwardImprovement	"[Info] You should not use these APIs, which are commonly used in old Android versions which you do not support (SDK_INT <= 13)."	0.0
im.vector.alpha	null	16	28	com.facebook.react.uimanager.layoutanimation.OpacityAnimation.applyTransformation(FLandroid/view/animation/Transformation;)V	-1	-1	android.view.View.setAlpha(F)V	android.view.View.setVisibility(I)V	SDK_INT <= 10	BackwardImprovement	"If you want to support older versions (<= 10), add a check and handle using these APIs: android.view.View.setVisibility(I)V"	0.0
im.vector.alpha	null	16	28	com.getbase.floatingactionbutton.FloatingActionsMenu.onLayout(ZIIII)V	-1	-1	android.view.View.setAlpha(F)V	android.view.View.setVisibility(I)V	SDK_INT <= 10	BackwardImprovement	"If you want to support older versions (<= 10), add a check and handle using these APIs: android.view.View.setVisibility(I)V"	0.0
im.vector.alpha	null	16	28	com.getbase.floatingactionbutton.FloatingActionsMenu.onLayout(ZIIII)V	-1	-1	android.view.View.setAlpha(F)V	android.view.View.setVisibility(I)V	SDK_INT <= 10	BackwardImprovement	"If you want to support older versions (<= 10), add a check and handle using these APIs: android.view.View.setVisibility(I)V"	0.0
im.vector.alpha	null	16	28	com.getbase.floatingactionbutton.FloatingActionsMenu.onLayout(ZIIII)V	-1	-1	android.view.View.setAlpha(F)V	android.view.View.setVisibility(I)V	SDK_INT <= 10	BackwardImprovement	"If you want to support older versions (<= 10), add a check and handle using these APIs: android.view.View.setVisibility(I)V"	0.0
im.vector.alpha	null	16	28	im.vector.activity.LockScreenActivity$1.onTextChanged(Ljava/lang/CharSequence;III)V	-1	-1	android.view.View.setAlpha(F)V	android.view.View.setVisibility(I)V	SDK_INT <= 10	BackwardImprovement	"If you want to support older versions (<= 10), add a check and handle using these APIs: android.view.View.setVisibility(I)V"	0.0
im.vector.alpha	null	16	28	im.vector.activity.LockScreenActivity$1.onTextChanged(Ljava/lang/CharSequence;III)V	-1	-1	android.view.View.setAlpha(F)V	android.view.View.setVisibility(I)V	SDK_INT <= 10	BackwardImprovement	"If you want to support older versions (<= 10), add a check and handle using these APIs: android.view.View.setVisibility(I)V"	0.0
im.vector.alpha	null	16	28	im.vector.activity.VectorMediaPickerActivity$14$1.run()V	-1	-1	android.view.View.setBackground(Landroid/graphics/drawable/Drawable;)V	android.view.View.setBackgroundDrawable(Landroid/graphics/drawable/Drawable;)V	SDK_INT <= 15	BackwardImprovement	"If you want to support older versions (<= 15), add a check and handle using these APIs: android.view.View.setBackgroundDrawable(Landroid/graphics/drawable/Drawable;)V"	0.0
im.vector.alpha	null	16	28	im.vector.activity.VectorMediaPickerActivity$14.onClick(Landroid/view/View;)V	-1	-1	android.view.View.setBackground(Landroid/graphics/drawable/Drawable;)V	android.view.View.setBackgroundDrawable(Landroid/graphics/drawable/Drawable;)V	SDK_INT <= 15	BackwardImprovement	"If you want to support older versions (<= 15), add a check and handle using these APIs: android.view.View.setBackgroundDrawable(Landroid/graphics/drawable/Drawable;)V"	0.0
im.vector.alpha	null	16	28	im.vector.activity.VectorMediaPickerActivity$15.onCompletion(Landroid/media/MediaPlayer;)V	-1	-1	android.view.View.setBackground(Landroid/graphics/drawable/Drawable;)V	android.view.View.setBackgroundDrawable(Landroid/graphics/drawable/Drawable;)V	SDK_INT <= 15	BackwardImprovement	"If you want to support older versions (<= 15), add a check and handle using these APIs: android.view.View.setBackgroundDrawable(Landroid/graphics/drawable/Drawable;)V"	0.0
im.vector.alpha	null	16	28	im.vector.activity.VectorMediaPickerActivity$16.onError(Landroid/media/MediaPlayer;II)Z	-1	-1	android.view.View.setBackground(Landroid/graphics/drawable/Drawable;)V	android.view.View.setBackgroundDrawable(Landroid/graphics/drawable/Drawable;)V	SDK_INT <= 15	BackwardImprovement	"If you want to support older versions (<= 15), add a check and handle using these APIs: android.view.View.setBackgroundDrawable(Landroid/graphics/drawable/Drawable;)V"	0.0
im.vector.alpha	null	16	28	im.vector.activity.VectorMediaPickerActivity$18$1.run()V	-1	-1	android.view.View.setAlpha(F)V	android.view.View.setVisibility(I)V	SDK_INT <= 10	BackwardImprovement	"If you want to support older versions (<= 10), add a check and handle using these APIs: android.view.View.setVisibility(I)V"	0.0
im.vector.alpha	null	16	28	im.vector.adapters.VectorParticipantsAdapter.getChildView(IIZLandroid/view/View;Landroid/view/ViewGroup;)Landroid/view/View;	-1	-1	android.view.View.setAlpha(F)V	android.view.View.setVisibility(I)V	SDK_INT <= 10	BackwardImprovement	"If you want to support older versions (<= 10), add a check and handle using these APIs: android.view.View.setVisibility(I)V"	0.0
im.vector.alpha	null	16	28	im.vector.util.ViewUtilKt.setRoundBackground(Landroid/view/View;I)V	-1	-1	android.view.View.setBackground(Landroid/graphics/drawable/Drawable;)V	android.view.View.setBackgroundDrawable(Landroid/graphics/drawable/Drawable;)V	SDK_INT <= 15	BackwardImprovement	"If you want to support older versions (<= 15), add a check and handle using these APIs: android.view.View.setBackgroundDrawable(Landroid/graphics/drawable/Drawable;)V"	0.0
im.vector.alpha	null	16	28	im.vector.view.PillView.initData(Ljava/lang/CharSequence;Ljava/lang/String;Lorg/matrix/androidsdk/MXSession;Lim/vector/view/PillView$OnUpdateListener;)V	-1	-1	android.view.View.setBackground(Landroid/graphics/drawable/Drawable;)V	android.view.View.setBackgroundDrawable(Landroid/graphics/drawable/Drawable;)V	SDK_INT <= 15	BackwardImprovement	"If you want to support older versions (<= 15), add a check and handle using these APIs: android.view.View.setBackgroundDrawable(Landroid/graphics/drawable/Drawable;)V"	0.0
im.vector.alpha	null	16	28	im.vector.view.PillView.setHighlighted(Z)V	-1	-1	android.view.View.setBackground(Landroid/graphics/drawable/Drawable;)V	android.view.View.setBackgroundDrawable(Landroid/graphics/drawable/Drawable;)V	SDK_INT <= 15	BackwardImprovement	"If you want to support older versions (<= 15), add a check and handle using these APIs: android.view.View.setBackgroundDrawable(Landroid/graphics/drawable/Drawable;)V"	0.0
im.vector.alpha	null	16	28	im.vector.activity.BugReportActivity$sendBugReport$1.onUploadFailed(Ljava/lang/String;)V	-1	-1	android.view.View.setAlpha(F)V	android.view.View.setVisibility(I)V	SDK_INT <= 10	BackwardImprovement	"If you want to support older versions (<= 10), add a check and handle using these APIs: android.view.View.setVisibility(I)V"	0.0
im.vector.alpha	null	16	28	im.vector.activity.VectorMediaViewerActivity$DepthPageTransformer.transformPage(Landroid/view/View;F)V	-1	-1	android.view.View.setAlpha(F)V	android.view.View.setVisibility(I)V	SDK_INT <= 10	BackwardImprovement	"If you want to support older versions (<= 10), add a check and handle using these APIs: android.view.View.setVisibility(I)V"	0.0
im.vector.alpha	null	16	28	im.vector.activity.VectorMediaViewerActivity$DepthPageTransformer.transformPage(Landroid/view/View;F)V	-1	-1	android.view.View.setAlpha(F)V	android.view.View.setVisibility(I)V	SDK_INT <= 10	BackwardImprovement	"If you want to support older versions (<= 10), add a check and handle using these APIs: android.view.View.setVisibility(I)V"	0.0
im.vector.alpha	null	16	28	im.vector.activity.VectorMediaViewerActivity$DepthPageTransformer.transformPage(Landroid/view/View;F)V	-1	-1	android.view.View.setAlpha(F)V	android.view.View.setVisibility(I)V	SDK_INT <= 10	BackwardImprovement	"If you want to support older versions (<= 10), add a check and handle using these APIs: android.view.View.setVisibility(I)V"	0.0
im.vector.alpha	null	16	28	im.vector.activity.VectorMediaViewerActivity$DepthPageTransformer.transformPage(Landroid/view/View;F)V	-1	-1	android.view.View.setScaleY(F)V		SDK_INT <= 10	BackwardImprovement	"If you want to support older versions (<= 10), add a check and handle using these APIs: "	0.0
im.vector.alpha	null	16	28	im.vector.activity.VectorMediaViewerActivity$DepthPageTransformer.transformPage(Landroid/view/View;F)V	-1	-1	android.view.View.setScaleY(F)V		SDK_INT <= 10	BackwardImprovement	"If you want to support older versions (<= 10), add a check and handle using these APIs: "	0.0
im.vector.alpha	null	16	28	im.vector.activity.VectorMediaViewerActivity$DepthPageTransformer.transformPage(Landroid/view/View;F)V	-1	-1	android.view.View.setAlpha(F)V	android.view.View.setVisibility(I)V	SDK_INT <= 10	BackwardImprovement	"If you want to support older versions (<= 10), add a check and handle using these APIs: android.view.View.setVisibility(I)V"	0.0
im.vector.alpha	null	16	28	im.vector.adapters.VectorMessagesAdapter.getImageVideoView(IILandroid/view/View;Landroid/view/ViewGroup;)Landroid/view/View;	-1	-1	android.view.View.setAlpha(F)V	android.view.View.setVisibility(I)V	SDK_INT <= 10	BackwardImprovement	"If you want to support older versions (<= 10), add a check and handle using these APIs: android.view.View.setVisibility(I)V"	0.0
im.vector.alpha	null	16	28	im.vector.adapters.VectorMessagesAdapter.getMergeView(ILandroid/view/View;Landroid/view/ViewGroup;)Landroid/view/View;	-1	-1	android.view.View.setAlpha(F)V	android.view.View.setVisibility(I)V	SDK_INT <= 10	BackwardImprovement	"If you want to support older versions (<= 10), add a check and handle using these APIs: android.view.View.setVisibility(I)V"	0.0
im.vector.alpha	null	16	28	im.vector.adapters.VectorMessagesAdapter.getNoticeRoomMemberView(IILandroid/view/View;Landroid/view/ViewGroup;)Landroid/view/View;	-1	-1	android.view.View.setAlpha(F)V	android.view.View.setVisibility(I)V	SDK_INT <= 10	BackwardImprovement	"If you want to support older versions (<= 10), add a check and handle using these APIs: android.view.View.setVisibility(I)V"	0.0
im.vector.alpha	null	16	28	im.vector.adapters.VectorMessagesAdapter.manageSelectionMode(Landroid/view/View;Lorg/matrix/androidsdk/rest/model/Event;I)V	-1	-1	android.view.View.setAlpha(F)V	android.view.View.setVisibility(I)V	SDK_INT <= 10	BackwardImprovement	"If you want to support older versions (<= 10), add a check and handle using these APIs: android.view.View.setVisibility(I)V"	0.0
im.vector.alpha	null	16	28	im.vector.adapters.VectorMessagesAdapter.manageSelectionMode(Landroid/view/View;Lorg/matrix/androidsdk/rest/model/Event;I)V	-1	-1	android.view.View.setAlpha(F)V	android.view.View.setVisibility(I)V	SDK_INT <= 10	BackwardImprovement	"If you want to support older versions (<= 10), add a check and handle using these APIs: android.view.View.setVisibility(I)V"	0.0
im.vector.alpha	null	16	28	im.vector.adapters.VectorMessagesAdapter.manageSelectionMode(Landroid/view/View;Lorg/matrix/androidsdk/rest/model/Event;I)V	-1	-1	android.view.View.setAlpha(F)V	android.view.View.setVisibility(I)V	SDK_INT <= 10	BackwardImprovement	"If you want to support older versions (<= 10), add a check and handle using these APIs: android.view.View.setVisibility(I)V"	0.0
im.vector.alpha	null	16	28	com.facebook.react.animation.OpacityAnimationPropertyUpdater.setProperty(Landroid/view/View;F)V	-1	-1	android.view.View.setAlpha(F)V	android.view.View.setVisibility(I)V	SDK_INT <= 10	BackwardImprovement	"If you want to support older versions (<= 10), add a check and handle using these APIs: android.view.View.setVisibility(I)V"	0.0
im.vector.alpha	null	16	28	com.facebook.react.animation.ScaleXYAnimationPairPropertyUpdater.setProperty(Landroid/view/View;[F)V	-1	-1	android.view.View.setScaleY(F)V		SDK_INT <= 10	BackwardImprovement	"If you want to support older versions (<= 10), add a check and handle using these APIs: "	0.0
im.vector.alpha	null	16	28	com.facebook.react.animation.ScaleYAnimationPropertyUpdater.setProperty(Landroid/view/View;F)V	-1	-1	android.view.View.setScaleY(F)V		SDK_INT <= 10	BackwardImprovement	"If you want to support older versions (<= 10), add a check and handle using these APIs: "	0.0
im.vector.alpha	null	16	28	com.facebook.react.uimanager.BaseViewManager.resetTransformProperty(Landroid/view/View;)V	-1	-1	android.view.View.setScaleY(F)V		SDK_INT <= 10	BackwardImprovement	"If you want to support older versions (<= 10), add a check and handle using these APIs: "	0.0
im.vector.alpha	null	16	28	com.facebook.react.uimanager.BaseViewManager.setTransformProperty(Landroid/view/View;Lcom/facebook/react/bridge/ReadableArray;)V	-1	-1	android.view.View.setScaleY(F)V		SDK_INT <= 10	BackwardImprovement	"If you want to support older versions (<= 10), add a check and handle using these APIs: "	0.0
im.vector.alpha	null	16	28	com.facebook.react.uimanager.BaseViewManager.setOpacity(Landroid/view/View;F)V	-1	-1	android.view.View.setAlpha(F)V	android.view.View.setVisibility(I)V	SDK_INT <= 10	BackwardImprovement	"If you want to support older versions (<= 10), add a check and handle using these APIs: android.view.View.setVisibility(I)V"	0.0
im.vector.alpha	null	16	28	com.facebook.react.uimanager.BaseViewManager.setScaleY(Landroid/view/View;F)V	-1	-1	android.view.View.setScaleY(F)V		SDK_INT <= 10	BackwardImprovement	"If you want to support older versions (<= 10), add a check and handle using these APIs: "	0.0
im.vector.alpha	null	16	28	im.vector.fragments.VectorRecentsListFragment.startDragAndDrop()V	-1	-1	android.view.View.setAlpha(F)V	android.view.View.setVisibility(I)V	SDK_INT <= 10	BackwardImprovement	"If you want to support older versions (<= 10), add a check and handle using these APIs: android.view.View.setVisibility(I)V"	0.0
im.vector.alpha	null	16	28	com.facebook.react.views.webview.ReactWebViewManager.setAllowUniversalAccessFromFileURLs(Landroid/webkit/WebView;Z)V	-1	-1	android.webkit.WebSettings.setAllowUniversalAccessFromFileURLs(Z)V		SDK_INT <= 15	BackwardImprovement	"If you want to support older versions (<= 15), add a check and handle using these APIs: "	0.0
im.vector.alpha	null	16	28	im.vector.activity.AbstractWidgetActivity.initWebView()V	-1	-1	android.webkit.WebSettings.setAllowUniversalAccessFromFileURLs(Z)V		SDK_INT <= 15	BackwardImprovement	"If you want to support older versions (<= 15), add a check and handle using these APIs: "	0.0
im.vector.alpha	null	16	28	im.vector.activity.LockScreenActivity.initUiAndData()V	-1	-1	android.view.View.setAlpha(F)V	android.view.View.setVisibility(I)V	SDK_INT <= 10	BackwardImprovement	"If you want to support older versions (<= 10), add a check and handle using these APIs: android.view.View.setVisibility(I)V"	0.0
im.vector.alpha	null	16	28	im.vector.activity.VectorWebViewActivity.initUiAndData()V	-1	-1	android.webkit.WebSettings.setAllowUniversalAccessFromFileURLs(Z)V		SDK_INT <= 15	BackwardImprovement	"If you want to support older versions (<= 15), add a check and handle using these APIs: "	0.0
im.vector.alpha	null	16	28	im.vector.activity.policies.AccountCreationTermsActivity.renderState()V	-1	-1	android.view.View.setAlpha(F)V	android.view.View.setVisibility(I)V	SDK_INT <= 10	BackwardImprovement	"If you want to support older versions (<= 10), add a check and handle using these APIs: android.view.View.setVisibility(I)V"	0.0
im.vector.alpha	null	16	28	im.vector.activity.policies.AccountCreationTermsActivity.renderState()V	-1	-1	android.view.View.setAlpha(F)V	android.view.View.setVisibility(I)V	SDK_INT <= 10	BackwardImprovement	"If you want to support older versions (<= 10), add a check and handle using these APIs: android.view.View.setVisibility(I)V"	0.0
im.vector.alpha	null	16	28	im.vector.activity.BugReportActivity.sendBugReport()V	-1	-1	android.view.View.setAlpha(F)V	android.view.View.setVisibility(I)V	SDK_INT <= 10	BackwardImprovement	"If you want to support older versions (<= 10), add a check and handle using these APIs: android.view.View.setVisibility(I)V"	0.0
im.vector.alpha	null	16	28	org.matrix.androidsdk.call.MXChromeCall$1$1.run()V	-1	-1	android.webkit.WebSettings.setAllowUniversalAccessFromFileURLs(Z)V		SDK_INT <= 15	BackwardImprovement	"If you want to support older versions (<= 15), add a check and handle using these APIs: "	0.0
im.vector.alpha	null	16	28	im.vector.util.VectorMarkdownParser.initialize()V	-1	-1	android.webkit.WebSettings.setAllowUniversalAccessFromFileURLs(Z)V		SDK_INT <= 15	BackwardImprovement	"If you want to support older versions (<= 15), add a check and handle using these APIs: "	0.0
im.vector.alpha	null	16	28	im.vector.activity.WidgetActivity.configureWebView()V	-1	-1	android.webkit.WebSettings.setAllowUniversalAccessFromFileURLs(Z)V		SDK_INT <= 15	BackwardImprovement	"If you want to support older versions (<= 15), add a check and handle using these APIs: "	0.0
im.vector.alpha	null	16	28	im.vector.activity.VectorMediaPickerActivity.refreshRecentMediaList()V	-1	-1	android.view.View.setAlpha(F)V	android.view.View.setVisibility(I)V	SDK_INT <= 10	BackwardImprovement	"If you want to support older versions (<= 10), add a check and handle using these APIs: android.view.View.setVisibility(I)V"	0.0
im.vector.alpha	null	16	28	im.vector.activity.VectorMediaPickerActivity.startVideoPreviewVideo(Landroid/graphics/Bitmap;)V	-1	-1	android.view.View.setBackground(Landroid/graphics/drawable/Drawable;)V	android.view.View.setBackgroundDrawable(Landroid/graphics/drawable/Drawable;)V	SDK_INT <= 15	BackwardImprovement	"If you want to support older versions (<= 15), add a check and handle using these APIs: android.view.View.setBackgroundDrawable(Landroid/graphics/drawable/Drawable;)V"	0.0
im.vector.alpha	null	16	28	im.vector.activity.VectorMediaPickerActivity.startVideoRecord()V	-1	-1	android.view.View.setAlpha(F)V	android.view.View.setVisibility(I)V	SDK_INT <= 10	BackwardImprovement	"If you want to support older versions (<= 10), add a check and handle using these APIs: android.view.View.setVisibility(I)V"	0.0
im.vector.alpha	null	16	28	im.vector.activity.VectorMediaPickerActivity.stopVideoRecord()V	-1	-1	android.view.View.setAlpha(F)V	android.view.View.setVisibility(I)V	SDK_INT <= 10	BackwardImprovement	"If you want to support older versions (<= 10), add a check and handle using these APIs: android.view.View.setVisibility(I)V"	0.0
