app	version	sdk_min	sdk_trg	method	fromLine	toLine	apis	alternative	ruleCheck	warning	message	confidence
com.bijoysingh.quicknote	4.5.0	19	27	com.bijoysingh.quicknote.views.ColorView.setColor(IZ)V	-1	-1	android.view.View.setBackground(Landroid/graphics/drawable/Drawable;)V	android.view.View.setBackgroundDrawable(Landroid/graphics/drawable/Drawable;)V	SDK_INT <= 15	BackwardImprovement	"If you want to support older versions (<= 15), add a check and handle using these APIs: android.view.View.setBackgroundDrawable(Landroid/graphics/drawable/Drawable;)V"	0.0
com.bijoysingh.quicknote	4.5.0	19	27	com.bsk.floatingbubblelib.FloatingBubbleService.setupViews()V	-1	-1	android.view.View.setAlpha(F)V	android.view.View.setVisibility(I)V	SDK_INT <= 10	BackwardImprovement	"If you want to support older versions (<= 10), add a check and handle using these APIs: android.view.View.setVisibility(I)V"	0.0
com.bijoysingh.quicknote	4.5.0	19	27	com.bsk.floatingbubblelib.FloatingBubbleTouch.onTouch(Landroid/view/View;Landroid/view/MotionEvent;)Z	-1	-1	android.view.MotionEvent.getActionMasked()I	android.view.MotionEvent.getAction()I	SDK_INT <= 7	BackwardImprovement	"If you want to support older versions (<= 7), add a check and handle using these APIs: android.view.MotionEvent.getAction()I"	0.0
com.bijoysingh.quicknote	4.5.0	19	27	com.bijoysingh.quicknote.recyclerview.FormatListViewHolder.populate(Lcom/bijoysingh/quicknote/formats/Format;Landroid/os/Bundle;)V	-1	-1	android.view.View.setAlpha(F)V	android.view.View.setVisibility(I)V	SDK_INT <= 10	BackwardImprovement	"If you want to support older versions (<= 10), add a check and handle using these APIs: android.view.View.setVisibility(I)V"	0.0
com.bijoysingh.quicknote	4.5.0	19	27	com.bijoysingh.quicknote.recyclerview.FormatListViewHolder.populate(Lcom/bijoysingh/quicknote/formats/Format;Landroid/os/Bundle;)V	-1	-1	android.view.View.setAlpha(F)V	android.view.View.setVisibility(I)V	SDK_INT <= 10	BackwardImprovement	"If you want to support older versions (<= 10), add a check and handle using these APIs: android.view.View.setVisibility(I)V"	0.0
com.bijoysingh.quicknote	4.5.0	19	27	com.bijoysingh.quicknote.recyclerview.SelectableNoteRecyclerViewHolder.populate(Lcom/bijoysingh/quicknote/items/RecyclerItem;Landroid/os/Bundle;)V	-1	-1	android.view.View.setAlpha(F)V	android.view.View.setVisibility(I)V	SDK_INT <= 10	BackwardImprovement	"If you want to support older versions (<= 10), add a check and handle using these APIs: android.view.View.setVisibility(I)V"	0.0
com.bijoysingh.quicknote	4.5.0	19	27	com.bijoysingh.quicknote.activities.ViewAdvancedNoteActivity.setNoteColor(I)V	-1	-1	android.view.View.setBackground(Landroid/graphics/drawable/Drawable;)V	android.view.View.setBackgroundDrawable(Landroid/graphics/drawable/Drawable;)V	SDK_INT <= 15	BackwardImprovement	"If you want to support older versions (<= 15), add a check and handle using these APIs: android.view.View.setBackgroundDrawable(Landroid/graphics/drawable/Drawable;)V"	0.0
com.bijoysingh.quicknote	4.5.0	19	27	com.bijoysingh.quicknote.activities.sheets.GridBottomSheetBase.setOptions(Landroid/app/Dialog;Ljava/util/List;)V	-1	-1	android.view.View.setAlpha(F)V	android.view.View.setVisibility(I)V	SDK_INT <= 10	BackwardImprovement	"If you want to support older versions (<= 10), add a check and handle using these APIs: android.view.View.setVisibility(I)V"	0.0
com.bijoysingh.quicknote	4.5.0	19	27	com.bijoysingh.quicknote.activities.sheets.TagOptionItemBottomSheetBase.setAddTagOption(Landroid/app/Dialog;)V	-1	-1	android.view.View.setAlpha(F)V	android.view.View.setVisibility(I)V	SDK_INT <= 10	BackwardImprovement	"If you want to support older versions (<= 10), add a check and handle using these APIs: android.view.View.setVisibility(I)V"	0.0
com.bijoysingh.quicknote	4.5.0	19	27	com.bijoysingh.quicknote.activities.sheets.WhatsNewItemsBottomSheet.setContent(Landroid/app/Dialog;)V	-1	-1	android.view.View.setBackground(Landroid/graphics/drawable/Drawable;)V	android.view.View.setBackgroundDrawable(Landroid/graphics/drawable/Drawable;)V	SDK_INT <= 15	BackwardImprovement	"If you want to support older versions (<= 15), add a check and handle using these APIs: android.view.View.setBackgroundDrawable(Landroid/graphics/drawable/Drawable;)V"	0.0
com.bijoysingh.quicknote	4.5.0	19	27	com.bijoysingh.quicknote.activities.CreateOrEditAdvancedNoteActivity.setNoteColor(I)V	-1	-1	android.view.View.setBackground(Landroid/graphics/drawable/Drawable;)V	android.view.View.setBackgroundDrawable(Landroid/graphics/drawable/Drawable;)V	SDK_INT <= 15	BackwardImprovement	"If you want to support older versions (<= 15), add a check and handle using these APIs: android.view.View.setBackgroundDrawable(Landroid/graphics/drawable/Drawable;)V"	0.0
com.bijoysingh.quicknote	4.5.0	19	27	com.bijoysingh.quicknote.activities.sheets.HomeNavigationBottomSheet.setAddTagOption(Landroid/app/Dialog;)V	-1	-1	android.view.View.setAlpha(F)V	android.view.View.setVisibility(I)V	SDK_INT <= 10	BackwardImprovement	"If you want to support older versions (<= 10), add a check and handle using these APIs: android.view.View.setVisibility(I)V"	0.0
