app	version	sdk_min	sdk_trg	method	fromLine	toLine	apis	alternative	ruleCheck	warning	message	confidence
com.seafile.seadroid2.debug	2.2.11	16	26	br.tiagohm.markdownview.MarkdownView.loadMarkdownFromUrl(Ljava/lang/String;)V	-1	-1	android.os.AsyncTask.execute([Ljava/lang/Object;)Landroid/os/AsyncTask;	android.os.AsyncTask.executeOnExecutor(Ljava/util/concurrent/Executor;[Ljava/lang/Object;)Landroid/os/AsyncTask;	SDK_INT <= -1	ForwardImprovement	"[Info] You should use alternative APIs, since you do not support old Android versions (SDK_INT <= -1). Please, use: android.os.AsyncTask.executeOnExecutor(Ljava/util/concurrent/Executor;[Ljava/lang/Object;)Landroid/os/AsyncTask;."	0.0
com.seafile.seadroid2.debug	2.2.11	16	26	com.seafile.seadroid2.provider.SeafileProvider.createDocument(Ljava/lang/String;Ljava/lang/String;Ljava/lang/String;)Ljava/lang/String;	-1	-1	android.util.Log.d(Ljava/lang/String;Ljava/lang/String;)I		SDK_INT <= 20	ForwardImprovement	"[Info] The APIs you are using should be used only in older Android versions (SDK_INT <= 20). Add a check."	0.0
com.seafile.seadroid2.debug	2.2.11	16	26	com.seafile.seadroid2.provider.SeafileProvider.openDocument(Ljava/lang/String;Ljava/lang/String;Landroid/os/CancellationSignal;)Landroid/os/ParcelFileDescriptor;	-1	-1	android.util.Log.d(Ljava/lang/String;Ljava/lang/String;)I		SDK_INT <= 20	ForwardImprovement	"[Info] The APIs you are using should be used only in older Android versions (SDK_INT <= 20). Add a check."	0.0
com.seafile.seadroid2.debug	2.2.11	16	26	com.seafile.seadroid2.provider.SeafileProvider.openDocument(Ljava/lang/String;Ljava/lang/String;Landroid/os/CancellationSignal;)Landroid/os/ParcelFileDescriptor;	-1	-1	android.util.Log.d(Ljava/lang/String;Ljava/lang/String;)I		SDK_INT <= 20	ForwardImprovement	"[Info] The APIs you are using should be used only in older Android versions (SDK_INT <= 20). Add a check."	0.0
com.seafile.seadroid2.debug	2.2.11	16	26	com.seafile.seadroid2.provider.SeafileProvider.openDocumentThumbnail(Ljava/lang/String;Landroid/graphics/Point;Landroid/os/CancellationSignal;)Landroid/content/res/AssetFileDescriptor;	-1	-1	android.util.Log.d(Ljava/lang/String;Ljava/lang/String;)I		SDK_INT <= 20	ForwardImprovement	"[Info] The APIs you are using should be used only in older Android versions (SDK_INT <= 20). Add a check."	0.0
com.seafile.seadroid2.debug	2.2.11	16	26	com.seafile.seadroid2.provider.SeafileProvider.queryChildDocuments(Ljava/lang/String;[Ljava/lang/String;Ljava/lang/String;)Landroid/database/Cursor;	-1	-1	android.util.Log.d(Ljava/lang/String;Ljava/lang/String;)I		SDK_INT <= 20	ForwardImprovement	"[Info] The APIs you are using should be used only in older Android versions (SDK_INT <= 20). Add a check."	0.0
com.seafile.seadroid2.debug	2.2.11	16	26	com.seafile.seadroid2.provider.SeafileProvider.queryDocument(Ljava/lang/String;[Ljava/lang/String;)Landroid/database/Cursor;	-1	-1	android.util.Log.d(Ljava/lang/String;Ljava/lang/String;)I		SDK_INT <= 20	ForwardImprovement	"[Info] The APIs you are using should be used only in older Android versions (SDK_INT <= 20). Add a check."	0.0
com.seafile.seadroid2.debug	2.2.11	16	26	com.seafile.seadroid2.provider.SeafileProvider.queryRoots([Ljava/lang/String;)Landroid/database/Cursor;	-1	-1	android.util.Log.d(Ljava/lang/String;Ljava/lang/String;)I		SDK_INT <= 20	ForwardImprovement	"[Info] The APIs you are using should be used only in older Android versions (SDK_INT <= 20). Add a check."	0.0
com.seafile.seadroid2.debug	2.2.11	16	26	com.transitionseverywhere.TransitionUtils.copyViewImage(Landroid/view/ViewGroup;Landroid/view/View;Landroid/view/View;)Landroid/view/View;	-1	-1	android.view.View.getContext()Landroid/content/Context;		SDK_INT <= 13	ForwardImprovement	"[Info] You should not use these APIs, which are commonly used in old Android versions which you do not support (SDK_INT <= 13)."	0.0
com.seafile.seadroid2.debug	2.2.11	16	26	com.transitionseverywhere.utils.ViewOverlayPreJellybean.getOverlay(Landroid/view/ViewGroup;)Lcom/transitionseverywhere/utils/ViewOverlayPreJellybean;	-1	-1	android.view.View.getContext()Landroid/content/Context;		SDK_INT <= 13	ForwardImprovement	"[Info] You should not use these APIs, which are commonly used in old Android versions which you do not support (SDK_INT <= 13)."	0.0
com.seafile.seadroid2.debug	2.2.11	16	26	com.transitionseverywhere.ChangeBounds.createAnimator(Landroid/view/ViewGroup;Lcom/transitionseverywhere/TransitionValues;Lcom/transitionseverywhere/TransitionValues;)Landroid/animation/Animator;	-1	-1	android.view.View.getContext()Landroid/content/Context;		SDK_INT <= 13	ForwardImprovement	"[Info] You should not use these APIs, which are commonly used in old Android versions which you do not support (SDK_INT <= 13)."	0.0
com.seafile.seadroid2.debug	2.2.11	16	26	com.seafile.seadroid2.ui.fragment.ActivitiesFragment.refreshView()V	-1	-1	android.os.AsyncTask.execute([Ljava/lang/Object;)Landroid/os/AsyncTask;	android.os.AsyncTask.executeOnExecutor(Ljava/util/concurrent/Executor;[Ljava/lang/Object;)Landroid/os/AsyncTask;	SDK_INT <= -1	ForwardImprovement	"[Info] You should use alternative APIs, since you do not support old Android versions (SDK_INT <= -1). Please, use: android.os.AsyncTask.executeOnExecutor(Ljava/util/concurrent/Executor;[Ljava/lang/Object;)Landroid/os/AsyncTask;."	0.0
com.seafile.seadroid2.debug	2.2.11	16	26	com.transitionseverywhere.ChangeBounds$9.onAnimationEnd(Landroid/animation/Animator;)V	-1	-1	android.view.View.setAlpha(F)V	android.view.View.setVisibility(I)V	SDK_INT <= 10	BackwardImprovement	"If you want to support older versions (<= 10), add a check and handle using these APIs: android.view.View.setVisibility(I)V"	0.0
com.seafile.seadroid2.debug	2.2.11	16	26	com.transitionseverywhere.Fade$FadeAnimatorListener.onAnimationEnd(Landroid/animation/Animator;)V	-1	-1	android.view.View.setAlpha(F)V	android.view.View.setVisibility(I)V	SDK_INT <= 10	BackwardImprovement	"If you want to support older versions (<= 10), add a check and handle using these APIs: android.view.View.setVisibility(I)V"	0.0
com.seafile.seadroid2.debug	2.2.11	16	26	com.seafile.seadroid2.ui.ZoomOutPageTransformer.transformPage(Landroid/view/View;F)V	-1	-1	android.view.View.setAlpha(F)V	android.view.View.setVisibility(I)V	SDK_INT <= 10	BackwardImprovement	"If you want to support older versions (<= 10), add a check and handle using these APIs: android.view.View.setVisibility(I)V"	0.0
com.seafile.seadroid2.debug	2.2.11	16	26	com.seafile.seadroid2.ui.ZoomOutPageTransformer.transformPage(Landroid/view/View;F)V	-1	-1	android.view.View.setAlpha(F)V	android.view.View.setVisibility(I)V	SDK_INT <= 10	BackwardImprovement	"If you want to support older versions (<= 10), add a check and handle using these APIs: android.view.View.setVisibility(I)V"	0.0
com.seafile.seadroid2.debug	2.2.11	16	26	com.seafile.seadroid2.ui.ZoomOutPageTransformer.transformPage(Landroid/view/View;F)V	-1	-1	android.view.View.setScaleY(F)V		SDK_INT <= 10	BackwardImprovement	"If you want to support older versions (<= 10), add a check and handle using these APIs: "	0.0
com.seafile.seadroid2.debug	2.2.11	16	26	com.seafile.seadroid2.ui.ZoomOutPageTransformer.transformPage(Landroid/view/View;F)V	-1	-1	android.view.View.setAlpha(F)V	android.view.View.setVisibility(I)V	SDK_INT <= 10	BackwardImprovement	"If you want to support older versions (<= 10), add a check and handle using these APIs: android.view.View.setVisibility(I)V"	0.0
com.seafile.seadroid2.debug	2.2.11	16	26	com.transitionseverywhere.Visibility$DisappearListener.hideViewWhenNotCanceled()V	-1	-1	android.view.View.setAlpha(F)V	android.view.View.setVisibility(I)V	SDK_INT <= 10	BackwardImprovement	"If you want to support older versions (<= 10), add a check and handle using these APIs: android.view.View.setVisibility(I)V"	0.0
com.seafile.seadroid2.debug	2.2.11	16	26	com.transitionseverywhere.Fade$1.onTransitionEnd(Lcom/transitionseverywhere/Transition;)V	-1	-1	android.view.View.setAlpha(F)V	android.view.View.setVisibility(I)V	SDK_INT <= 10	BackwardImprovement	"If you want to support older versions (<= 10), add a check and handle using these APIs: android.view.View.setVisibility(I)V"	0.0
com.seafile.seadroid2.debug	2.2.11	16	26	com.transitionseverywhere.extra.Scale$1.onTransitionEnd(Lcom/transitionseverywhere/Transition;)V	-1	-1	android.view.View.setScaleY(F)V		SDK_INT <= 10	BackwardImprovement	"If you want to support older versions (<= 10), add a check and handle using these APIs: "	0.0
