app	version	sdk_min	sdk_trg	method	fromLine	toLine	apis	alternative	ruleCheck	warning	message	confidence
com.a5corp.weather	5.1	17	27	com.a5corp.weather.activity.WeatherActivity$11.run()V	-1	-1	android.os.AsyncTask.execute([Ljava/lang/Object;)Landroid/os/AsyncTask;	android.os.AsyncTask.executeOnExecutor(Ljava/util/concurrent/Executor;[Ljava/lang/Object;)Landroid/os/AsyncTask;	SDK_INT <= -1	ForwardImprovement	"[Info] You should use alternative APIs, since you do not support old Android versions (SDK_INT <= -1). Please, use: android.os.AsyncTask.executeOnExecutor(Ljava/util/concurrent/Executor;[Ljava/lang/Object;)Landroid/os/AsyncTask;."	0.0
com.a5corp.weather	5.1	17	27	com.a5corp.weather.fragment.WeatherFragment$4.run()V	-1	-1	android.os.AsyncTask.execute([Ljava/lang/Object;)Landroid/os/AsyncTask;	android.os.AsyncTask.executeOnExecutor(Ljava/util/concurrent/Executor;[Ljava/lang/Object;)Landroid/os/AsyncTask;	SDK_INT <= -1	ForwardImprovement	"[Info] You should use alternative APIs, since you do not support old Android versions (SDK_INT <= -1). Please, use: android.os.AsyncTask.executeOnExecutor(Ljava/util/concurrent/Executor;[Ljava/lang/Object;)Landroid/os/AsyncTask;."	0.0
com.a5corp.weather	5.1	17	27	com.a5corp.weather.fragment.WeatherFragment$4.run()V	-1	-1	android.os.AsyncTask.execute([Ljava/lang/Object;)Landroid/os/AsyncTask;	android.os.AsyncTask.executeOnExecutor(Ljava/util/concurrent/Executor;[Ljava/lang/Object;)Landroid/os/AsyncTask;	SDK_INT <= -1	ForwardImprovement	"[Info] You should use alternative APIs, since you do not support old Android versions (SDK_INT <= -1). Please, use: android.os.AsyncTask.executeOnExecutor(Ljava/util/concurrent/Executor;[Ljava/lang/Object;)Landroid/os/AsyncTask;."	0.0
com.a5corp.weather	5.1	17	27	com.github.clans.fab.FloatingActionButton.<init>(Landroid/content/Context;Landroid/util/AttributeSet;II)V	-1	-1	android.view.View.getContext()Landroid/content/Context;		SDK_INT <= 13	ForwardImprovement	"[Info] You should not use these APIs, which are commonly used in old Android versions which you do not support (SDK_INT <= 13)."	0.0
com.a5corp.weather	5.1	17	27	com.github.clans.fab.FloatingActionButton.<init>(Landroid/content/Context;Landroid/util/AttributeSet;II)V	-1	-1	android.view.View.getContext()Landroid/content/Context;		SDK_INT <= 13	ForwardImprovement	"[Info] You should not use these APIs, which are commonly used in old Android versions which you do not support (SDK_INT <= 13)."	0.0
com.a5corp.weather	5.1	17	27	com.github.clans.fab.FloatingActionButton.<init>(Landroid/content/Context;Landroid/util/AttributeSet;II)V	-1	-1	android.view.View.getContext()Landroid/content/Context;		SDK_INT <= 13	ForwardImprovement	"[Info] You should not use these APIs, which are commonly used in old Android versions which you do not support (SDK_INT <= 13)."	0.0
com.a5corp.weather	5.1	17	27	com.github.clans.fab.FloatingActionButton.<init>(Landroid/content/Context;Landroid/util/AttributeSet;II)V	-1	-1	android.view.View.getContext()Landroid/content/Context;		SDK_INT <= 13	ForwardImprovement	"[Info] You should not use these APIs, which are commonly used in old Android versions which you do not support (SDK_INT <= 13)."	0.0
com.a5corp.weather	5.1	17	27	com.github.clans.fab.FloatingActionButton.<init>(Landroid/content/Context;Landroid/util/AttributeSet;II)V	-1	-1	android.view.View.getContext()Landroid/content/Context;		SDK_INT <= 13	ForwardImprovement	"[Info] You should not use these APIs, which are commonly used in old Android versions which you do not support (SDK_INT <= 13)."	0.0
com.a5corp.weather	5.1	17	27	com.github.clans.fab.FloatingActionButton.<init>(Landroid/content/Context;Landroid/util/AttributeSet;II)V	-1	-1	android.view.View.getContext()Landroid/content/Context;		SDK_INT <= 13	ForwardImprovement	"[Info] You should not use these APIs, which are commonly used in old Android versions which you do not support (SDK_INT <= 13)."	0.0
com.a5corp.weather	5.1	17	27	it.gmariotti.cardslib.library.view.component.CardThumbnailView.loadBitmap(ILandroid/widget/ImageView;)V	-1	-1	android.os.AsyncTask.execute([Ljava/lang/Object;)Landroid/os/AsyncTask;	android.os.AsyncTask.executeOnExecutor(Ljava/util/concurrent/Executor;[Ljava/lang/Object;)Landroid/os/AsyncTask;	SDK_INT <= -1	ForwardImprovement	"[Info] You should use alternative APIs, since you do not support old Android versions (SDK_INT <= -1). Please, use: android.os.AsyncTask.executeOnExecutor(Ljava/util/concurrent/Executor;[Ljava/lang/Object;)Landroid/os/AsyncTask;."	0.0
com.a5corp.weather	5.1	17	27	it.gmariotti.cardslib.library.view.component.CardThumbnailView.loadBitmap(Lit/gmariotti/cardslib/library/internal/CardThumbnail$CustomSource;Landroid/widget/ImageView;)V	-1	-1	android.os.AsyncTask.execute([Ljava/lang/Object;)Landroid/os/AsyncTask;	android.os.AsyncTask.executeOnExecutor(Ljava/util/concurrent/Executor;[Ljava/lang/Object;)Landroid/os/AsyncTask;	SDK_INT <= -1	ForwardImprovement	"[Info] You should use alternative APIs, since you do not support old Android versions (SDK_INT <= -1). Please, use: android.os.AsyncTask.executeOnExecutor(Ljava/util/concurrent/Executor;[Ljava/lang/Object;)Landroid/os/AsyncTask;."	0.0
com.a5corp.weather	5.1	17	27	it.gmariotti.cardslib.library.view.component.CardThumbnailView.loadBitmap(Ljava/lang/String;Landroid/widget/ImageView;)V	-1	-1	android.os.AsyncTask.execute([Ljava/lang/Object;)Landroid/os/AsyncTask;	android.os.AsyncTask.executeOnExecutor(Ljava/util/concurrent/Executor;[Ljava/lang/Object;)Landroid/os/AsyncTask;	SDK_INT <= -1	ForwardImprovement	"[Info] You should use alternative APIs, since you do not support old Android versions (SDK_INT <= -1). Please, use: android.os.AsyncTask.executeOnExecutor(Ljava/util/concurrent/Executor;[Ljava/lang/Object;)Landroid/os/AsyncTask;."	0.0
com.a5corp.weather	5.1	17	27	com.a5corp.weather.app.MyApplication.onCreate()V	-1	-1	android.content.res.Configuration.setLocale(Ljava/util/Locale;)V		SDK_INT <= 16	BackwardImprovement	"If you want to support older versions (<= 16), add a check and handle using these APIs: "	0.0
com.a5corp.weather	5.1	17	27	com.github.jorgecastilloprz.progressarc.ProgressArcView$1.run()V	-1	-1	android.view.View.setAlpha(F)V	android.view.View.setVisibility(I)V	SDK_INT <= 10	BackwardImprovement	"If you want to support older versions (<= 10), add a check and handle using these APIs: android.view.View.setVisibility(I)V"	0.0
com.a5corp.weather	5.1	17	27	com.github.jorgecastilloprz.progressarc.ProgressArcView.setupInitialAlpha()V	-1	-1	android.view.View.setAlpha(F)V	android.view.View.setVisibility(I)V	SDK_INT <= 10	BackwardImprovement	"If you want to support older versions (<= 10), add a check and handle using these APIs: android.view.View.setVisibility(I)V"	0.0
com.a5corp.weather	5.1	17	27	it.gmariotti.cardslib.library.internal.dismissanimation.BaseDismissAnimation$1.onAnimationEnd(Landroid/animation/Animator;)V	-1	-1	android.view.View.setAlpha(F)V	android.view.View.setVisibility(I)V	SDK_INT <= 10	BackwardImprovement	"If you want to support older versions (<= 10), add a check and handle using these APIs: android.view.View.setVisibility(I)V"	0.0
com.a5corp.weather	5.1	17	27	it.gmariotti.cardslib.library.prototypes.SwipeDismissListItemViewTouchListener.onTouch(Landroid/view/View;Landroid/view/MotionEvent;)Z	-1	-1	android.view.MotionEvent.getActionMasked()I	android.view.MotionEvent.getAction()I	SDK_INT <= 7	BackwardImprovement	"If you want to support older versions (<= 7), add a check and handle using these APIs: android.view.MotionEvent.getAction()I"	0.0
com.a5corp.weather	5.1	17	27	it.gmariotti.cardslib.library.view.listener.SwipeDismissListViewTouchListener$2.onAnimationEnd(Landroid/animation/Animator;)V	-1	-1	android.view.View.setAlpha(F)V	android.view.View.setVisibility(I)V	SDK_INT <= 10	BackwardImprovement	"If you want to support older versions (<= 10), add a check and handle using these APIs: android.view.View.setVisibility(I)V"	0.0
com.a5corp.weather	5.1	17	27	it.gmariotti.cardslib.library.view.listener.SwipeDismissListViewTouchListener.onTouch(Landroid/view/View;Landroid/view/MotionEvent;)Z	-1	-1	android.view.MotionEvent.getActionMasked()I	android.view.MotionEvent.getAction()I	SDK_INT <= 7	BackwardImprovement	"If you want to support older versions (<= 7), add a check and handle using these APIs: android.view.MotionEvent.getAction()I"	0.0
com.a5corp.weather	5.1	17	27	it.gmariotti.cardslib.library.view.listener.SwipeDismissListViewTouchListener.onTouch(Landroid/view/View;Landroid/view/MotionEvent;)Z	-1	-1	android.view.View.setAlpha(F)V	android.view.View.setVisibility(I)V	SDK_INT <= 10	BackwardImprovement	"If you want to support older versions (<= 10), add a check and handle using these APIs: android.view.View.setVisibility(I)V"	0.0
com.a5corp.weather	5.1	17	27	it.gmariotti.cardslib.library.view.listener.SwipeDismissTopBottomTouchListener$2.onAnimationEnd(Landroid/animation/Animator;)V	-1	-1	android.view.View.setAlpha(F)V	android.view.View.setVisibility(I)V	SDK_INT <= 10	BackwardImprovement	"If you want to support older versions (<= 10), add a check and handle using these APIs: android.view.View.setVisibility(I)V"	0.0
com.a5corp.weather	5.1	17	27	it.gmariotti.cardslib.library.view.listener.SwipeDismissTopBottomTouchListener.onTouch(Landroid/view/View;Landroid/view/MotionEvent;)Z	-1	-1	android.view.View.setAlpha(F)V	android.view.View.setVisibility(I)V	SDK_INT <= 10	BackwardImprovement	"If you want to support older versions (<= 10), add a check and handle using these APIs: android.view.View.setVisibility(I)V"	0.0
com.a5corp.weather	5.1	17	27	it.gmariotti.cardslib.library.view.listener.SwipeDismissTopBottomTouchListener.onTouch(Landroid/view/View;Landroid/view/MotionEvent;)Z	-1	-1	android.view.MotionEvent.getActionMasked()I	android.view.MotionEvent.getAction()I	SDK_INT <= 7	BackwardImprovement	"If you want to support older versions (<= 7), add a check and handle using these APIs: android.view.MotionEvent.getAction()I"	0.0
com.a5corp.weather	5.1	17	27	it.gmariotti.cardslib.library.view.listener.SwipeDismissTouchListener$2.onAnimationEnd(Landroid/animation/Animator;)V	-1	-1	android.view.View.setAlpha(F)V	android.view.View.setVisibility(I)V	SDK_INT <= 10	BackwardImprovement	"If you want to support older versions (<= 10), add a check and handle using these APIs: android.view.View.setVisibility(I)V"	0.0
com.a5corp.weather	5.1	17	27	it.gmariotti.cardslib.library.view.listener.SwipeDismissTouchListener.onTouch(Landroid/view/View;Landroid/view/MotionEvent;)Z	-1	-1	android.view.MotionEvent.getActionMasked()I	android.view.MotionEvent.getAction()I	SDK_INT <= 7	BackwardImprovement	"If you want to support older versions (<= 7), add a check and handle using these APIs: android.view.MotionEvent.getAction()I"	0.0
com.a5corp.weather	5.1	17	27	it.gmariotti.cardslib.library.view.listener.SwipeDismissTouchListener.onTouch(Landroid/view/View;Landroid/view/MotionEvent;)Z	-1	-1	android.view.View.setAlpha(F)V	android.view.View.setVisibility(I)V	SDK_INT <= 10	BackwardImprovement	"If you want to support older versions (<= 10), add a check and handle using these APIs: android.view.View.setVisibility(I)V"	0.0
com.a5corp.weather	5.1	17	27	it.gmariotti.cardslib.library.view.listener.SwipeDismissViewTouchListener$2.onAnimationEnd(Landroid/animation/Animator;)V	-1	-1	android.view.View.setAlpha(F)V	android.view.View.setVisibility(I)V	SDK_INT <= 10	BackwardImprovement	"If you want to support older versions (<= 10), add a check and handle using these APIs: android.view.View.setVisibility(I)V"	0.0
com.a5corp.weather	5.1	17	27	it.gmariotti.cardslib.library.view.listener.SwipeDismissViewTouchListener.onTouch(Landroid/view/View;Landroid/view/MotionEvent;)Z	-1	-1	android.view.View.setAlpha(F)V	android.view.View.setVisibility(I)V	SDK_INT <= 10	BackwardImprovement	"If you want to support older versions (<= 10), add a check and handle using these APIs: android.view.View.setVisibility(I)V"	0.0
com.a5corp.weather	5.1	17	27	it.gmariotti.cardslib.library.view.listener.SwipeDismissViewTouchListener.onTouch(Landroid/view/View;Landroid/view/MotionEvent;)Z	-1	-1	android.view.MotionEvent.getActionMasked()I	android.view.MotionEvent.getAction()I	SDK_INT <= 7	BackwardImprovement	"If you want to support older versions (<= 7), add a check and handle using these APIs: android.view.MotionEvent.getAction()I"	0.0
com.a5corp.weather	5.1	17	27	it.gmariotti.cardslib.library.view.listener.UndoBarController.hideUndoBar(Z)V	-1	-1	android.view.View.setAlpha(F)V	android.view.View.setVisibility(I)V	SDK_INT <= 10	BackwardImprovement	"If you want to support older versions (<= 10), add a check and handle using these APIs: android.view.View.setVisibility(I)V"	0.0
com.a5corp.weather	5.1	17	27	it.gmariotti.cardslib.library.view.listener.UndoBarController.showUndoBar(ZLjava/lang/CharSequence;Landroid/os/Parcelable;Lit/gmariotti/cardslib/library/view/listener/UndoBarController$UndoBarHideListener;)V	-1	-1	android.view.View.setAlpha(F)V	android.view.View.setVisibility(I)V	SDK_INT <= 10	BackwardImprovement	"If you want to support older versions (<= 10), add a check and handle using these APIs: android.view.View.setVisibility(I)V"	0.0
com.a5corp.weather	5.1	17	27	it.sephiroth.android.library.bottomnavigation.FixedLayout$1.onTouch(Landroid/view/View;Landroid/view/MotionEvent;)Z	-1	-1	android.view.MotionEvent.getActionMasked()I	android.view.MotionEvent.getAction()I	SDK_INT <= 7	BackwardImprovement	"If you want to support older versions (<= 7), add a check and handle using these APIs: android.view.MotionEvent.getAction()I"	0.0
com.a5corp.weather	5.1	17	27	it.sephiroth.android.library.bottomnavigation.ShiftingLayout$1.onTouch(Landroid/view/View;Landroid/view/MotionEvent;)Z	-1	-1	android.view.MotionEvent.getActionMasked()I	android.view.MotionEvent.getAction()I	SDK_INT <= 7	BackwardImprovement	"If you want to support older versions (<= 7), add a check and handle using these APIs: android.view.MotionEvent.getAction()I"	0.0
com.a5corp.weather	5.1	17	27	it.sephiroth.android.library.bottomnavigation.TabletLayout$1.onTouch(Landroid/view/View;Landroid/view/MotionEvent;)Z	-1	-1	android.view.MotionEvent.getActionMasked()I	android.view.MotionEvent.getAction()I	SDK_INT <= 7	BackwardImprovement	"If you want to support older versions (<= 7), add a check and handle using these APIs: android.view.MotionEvent.getAction()I"	0.0
com.a5corp.weather	5.1	17	27	com.github.mikephil.charting.listener.BarLineChartTouchListener.onTouch(Landroid/view/View;Landroid/view/MotionEvent;)Z	-1	-1	android.view.MotionEvent.getActionMasked()I	android.view.MotionEvent.getAction()I	SDK_INT <= 7	BackwardImprovement	"If you want to support older versions (<= 7), add a check and handle using these APIs: android.view.MotionEvent.getAction()I"	0.0
com.a5corp.weather	5.1	17	27	it.sephiroth.android.library.bottomnavigation.BottomNavigation.initialize(Landroid/content/Context;Landroid/util/AttributeSet;II)V	-1	-1	android.view.View.setBackground(Landroid/graphics/drawable/Drawable;)V	android.view.View.setBackgroundDrawable(Landroid/graphics/drawable/Drawable;)V	SDK_INT <= 15	BackwardImprovement	"If you want to support older versions (<= 15), add a check and handle using these APIs: android.view.View.setBackgroundDrawable(Landroid/graphics/drawable/Drawable;)V"	0.0
com.a5corp.weather	5.1	17	27	it.sephiroth.android.library.bottomnavigation.BottomNavigation.initializeUI(I)V	-1	-1	android.view.View.setBackground(Landroid/graphics/drawable/Drawable;)V	android.view.View.setBackgroundDrawable(Landroid/graphics/drawable/Drawable;)V	SDK_INT <= 15	BackwardImprovement	"If you want to support older versions (<= 15), add a check and handle using these APIs: android.view.View.setBackgroundDrawable(Landroid/graphics/drawable/Drawable;)V"	0.0
