app	version	sdk_min	sdk_trg	method	fromLine	toLine	apis	alternative	ruleCheck	warning	message	confidence
apps.jizzu.simpletodo	1.3	19	27	com.miguelcatalan.materialsearchview.utils.AnimationUtil.reveal(Landroid/view/View;Lcom/miguelcatalan/materialsearchview/utils/AnimationUtil$AnimationListener;)V	-1	-1	android.view.View.setVisibility(I)V	android.view.View.setAlpha(F)V	SDK_INT <= 10	ForwardImprovement	"[Info] You should use alternative APIs, since you do not support old Android versions (SDK_INT <= 10). Please, use: android.view.View.setAlpha(F)V."	0.0
apps.jizzu.simpletodo	1.3	19	27	com.miguelcatalan.materialsearchview.utils.AnimationUtil.reveal(Landroid/view/View;Lcom/miguelcatalan/materialsearchview/utils/AnimationUtil$AnimationListener;)V	-1	-1	android.view.View.setVisibility(I)V	android.view.animation.AlphaAnimation.<init>(FF)V&android.view.animation.Animation.setRepeatCount(I)V&android.view.View.startAnimation(Landroid/view/animation/Animation;)V&android.view.animation.Animation.setFillAfter(Z)V&android.view.animation.Animation.setDuration(J)V	SDK_INT <= 10	ForwardImprovement	"[Info] You should use alternative APIs, since you do not support old Android versions (SDK_INT <= 10). Please, use: android.view.animation.AlphaAnimation.<init>(FF)V --- android.view.animation.Animation.setRepeatCount(I)V --- android.view.View.startAnimation(Landroid/view/animation/Animation;)V --- android.view.animation.Animation.setFillAfter(Z)V --- android.view.animation.Animation.setDuration(J)V."	0.0
apps.jizzu.simpletodo	1.3	19	27	apps.jizzu.simpletodo.adapter.RecyclerViewAdapter.saveTasksOrderFromDB()V	-1	-1	android.os.AsyncTask.execute([Ljava/lang/Object;)Landroid/os/AsyncTask;	android.os.AsyncTask.executeOnExecutor(Ljava/util/concurrent/Executor;[Ljava/lang/Object;)Landroid/os/AsyncTask;	SDK_INT <= -1	ForwardImprovement	"[Info] You should use alternative APIs, since you do not support old Android versions (SDK_INT <= -1). Please, use: android.os.AsyncTask.executeOnExecutor(Ljava/util/concurrent/Executor;[Ljava/lang/Object;)Landroid/os/AsyncTask;."	0.0
apps.jizzu.simpletodo	1.3	19	27	apps.jizzu.simpletodo.adapter.RecyclerViewAdapter.saveTasksOrderFromRV()V	-1	-1	android.os.AsyncTask.execute([Ljava/lang/Object;)Landroid/os/AsyncTask;	android.os.AsyncTask.executeOnExecutor(Ljava/util/concurrent/Executor;[Ljava/lang/Object;)Landroid/os/AsyncTask;	SDK_INT <= -1	ForwardImprovement	"[Info] You should use alternative APIs, since you do not support old Android versions (SDK_INT <= -1). Please, use: android.os.AsyncTask.executeOnExecutor(Ljava/util/concurrent/Executor;[Ljava/lang/Object;)Landroid/os/AsyncTask;."	0.0
apps.jizzu.simpletodo	1.3	19	27	com.miguelcatalan.materialsearchview.utils.AnimationUtil.fadeInView(Landroid/view/View;ILcom/miguelcatalan/materialsearchview/utils/AnimationUtil$AnimationListener;)V	-1	-1	android.view.View.setAlpha(F)V	android.view.View.setVisibility(I)V	SDK_INT <= 10	BackwardImprovement	"If you want to support older versions (<= 10), add a check and handle using these APIs: android.view.View.setVisibility(I)V"	0.0
