app	version	sdk_min	sdk_trg	method	fromLine	toLine	apis	alternative	ruleCheck	warning	message	confidence
rkr.simplekeyboard.inputmethod	3.24	19	30	rkr.simplekeyboard.inputmethod.keyboard.internal.KeyPreviewChoreographer.getKeyPreviewView(Lrkr/simplekeyboard/inputmethod/keyboard/Key;Landroid/view/ViewGroup;)Lrkr/simplekeyboard/inputmethod/keyboard/internal/KeyPreviewView;	-1	-1	android.view.View.setScaleY(F)V		SDK_INT <= 10	BackwardImprovement	"If you want to support older versions (<= 10), add a check and handle using these APIs: "	0.0
rkr.simplekeyboard.inputmethod	3.24	19	30	rkr.simplekeyboard.inputmethod.keyboard.internal.KeyPreviewChoreographer.getKeyPreviewView(Lrkr/simplekeyboard/inputmethod/keyboard/Key;Landroid/view/ViewGroup;)Lrkr/simplekeyboard/inputmethod/keyboard/internal/KeyPreviewView;	-1	-1	android.view.View.setScaleY(F)V		SDK_INT <= 10	BackwardImprovement	"If you want to support older versions (<= 10), add a check and handle using these APIs: "	0.0
rkr.simplekeyboard.inputmethod	3.24	19	30	rkr.simplekeyboard.inputmethod.keyboard.internal.NonDistinctMultitouchHelper.processMotionEvent(Landroid/view/MotionEvent;Lrkr/simplekeyboard/inputmethod/keyboard/KeyDetector;)V	-1	-1	android.view.MotionEvent.getActionMasked()I	android.view.MotionEvent.getAction()I	SDK_INT <= 7	BackwardImprovement	"If you want to support older versions (<= 7), add a check and handle using these APIs: android.view.MotionEvent.getAction()I"	0.0
rkr.simplekeyboard.inputmethod	3.24	19	30	rkr.simplekeyboard.inputmethod.keyboard.MoreKeysKeyboardView.onTouchEvent(Landroid/view/MotionEvent;)Z	-1	-1	android.view.MotionEvent.getActionMasked()I	android.view.MotionEvent.getAction()I	SDK_INT <= 7	BackwardImprovement	"If you want to support older versions (<= 7), add a check and handle using these APIs: android.view.MotionEvent.getAction()I"	0.0
rkr.simplekeyboard.inputmethod	3.24	19	30	rkr.simplekeyboard.inputmethod.keyboard.PointerTracker.processMotionEvent(Landroid/view/MotionEvent;Lrkr/simplekeyboard/inputmethod/keyboard/KeyDetector;)V	-1	-1	android.view.MotionEvent.getActionMasked()I	android.view.MotionEvent.getAction()I	SDK_INT <= 7	BackwardImprovement	"If you want to support older versions (<= 7), add a check and handle using these APIs: android.view.MotionEvent.getAction()I"	0.0
