app	version	sdk_min	sdk_trg	method	fromLine	toLine	apis	alternative	ruleCheck	warning	message	confidence
it.rignanese.leo.slimfacebook	3.6.5	19	23	it.rignanese.leo.slimfacebook.utility.MyAdvancedWebView$1.onReceivedSslError(Landroid/webkit/WebView;Landroid/webkit/SslErrorHandler;Landroid/net/http/SslError;)V	-1	-1	android.webkit.WebViewClient.onReceivedSslError(Landroid/webkit/WebView;Landroid/webkit/SslErrorHandler;Landroid/net/http/SslError;)V	android.os.Bundle.<init>()V&android.os.BaseBundle.putInt(Ljava/lang/String;I)V&android.os.BaseBundle.putString(Ljava/lang/String;Ljava/lang/String;)V&android.os.Bundle.toString()Ljava/lang/String;&android.net.http.SslError.toString()Ljava/lang/String;	SDK_INT <= 7	BackwardImprovement	"If you want to support older versions (<= 7), add a check and handle using these APIs: android.os.Bundle.<init>()V --- android.os.BaseBundle.putInt(Ljava/lang/String;I)V --- android.os.BaseBundle.putString(Ljava/lang/String;Ljava/lang/String;)V --- android.os.Bundle.toString()Ljava/lang/String; --- android.net.http.SslError.toString()Ljava/lang/String;"	0.0
it.rignanese.leo.slimfacebook	3.6.5	19	23	it.rignanese.leo.slimfacebook.utility.MyAdvancedWebView$1.onReceivedSslError(Landroid/webkit/WebView;Landroid/webkit/SslErrorHandler;Landroid/net/http/SslError;)V	-1	-1	android.webkit.WebViewClient.onReceivedSslError(Landroid/webkit/WebView;Landroid/webkit/SslErrorHandler;Landroid/net/http/SslError;)V	android.os.Bundle.<init>()V&android.os.BaseBundle.putInt(Ljava/lang/String;I)V&android.net.http.SslError.getPrimaryError()I&android.net.http.SslError.getUrl()Ljava/lang/String;&android.util.Log.i(Ljava/lang/String;Ljava/lang/String;)I&android.os.BaseBundle.putString(Ljava/lang/String;Ljava/lang/String;)V&android.content.Context.getPackageName()Ljava/lang/String;&android.text.TextUtils.isEmpty(Ljava/lang/CharSequence;)Z	SDK_INT <= 7	BackwardImprovement	"If you want to support older versions (<= 7), add a check and handle using these APIs: android.os.Bundle.<init>()V --- android.os.BaseBundle.putInt(Ljava/lang/String;I)V --- android.net.http.SslError.getPrimaryError()I --- android.net.http.SslError.getUrl()Ljava/lang/String; --- android.util.Log.i(Ljava/lang/String;Ljava/lang/String;)I --- android.os.BaseBundle.putString(Ljava/lang/String;Ljava/lang/String;)V --- android.content.Context.getPackageName()Ljava/lang/String; --- android.text.TextUtils.isEmpty(Ljava/lang/CharSequence;)Z"	0.0
it.rignanese.leo.slimfacebook	3.6.5	19	23	it.rignanese.leo.slimfacebook.utility.MyAdvancedWebView$1.onReceivedSslError(Landroid/webkit/WebView;Landroid/webkit/SslErrorHandler;Landroid/net/http/SslError;)V	-1	-1	android.webkit.WebViewClient.onReceivedSslError(Landroid/webkit/WebView;Landroid/webkit/SslErrorHandler;Landroid/net/http/SslError;)V	android.os.Bundle.<init>()V&android.os.BaseBundle.putInt(Ljava/lang/String;I)V&android.os.BaseBundle.putString(Ljava/lang/String;Ljava/lang/String;)V&android.os.Bundle.toString()Ljava/lang/String;&android.net.http.SslError.toString()Ljava/lang/String;	SDK_INT <= 7	BackwardImprovement	"If you want to support older versions (<= 7), add a check and handle using these APIs: android.os.Bundle.<init>()V --- android.os.BaseBundle.putInt(Ljava/lang/String;I)V --- android.os.BaseBundle.putString(Ljava/lang/String;Ljava/lang/String;)V --- android.os.Bundle.toString()Ljava/lang/String; --- android.net.http.SslError.toString()Ljava/lang/String;"	0.0
it.rignanese.leo.slimfacebook	3.6.5	19	23	it.rignanese.leo.slimfacebook.utility.MyAdvancedWebView$1.onReceivedSslError(Landroid/webkit/WebView;Landroid/webkit/SslErrorHandler;Landroid/net/http/SslError;)V	-1	-1	android.webkit.WebViewClient.onReceivedSslError(Landroid/webkit/WebView;Landroid/webkit/SslErrorHandler;Landroid/net/http/SslError;)V	android.os.Bundle.<init>()V&android.os.BaseBundle.putInt(Ljava/lang/String;I)V&android.net.http.SslError.getPrimaryError()I&android.net.http.SslError.getUrl()Ljava/lang/String;&android.util.Log.i(Ljava/lang/String;Ljava/lang/String;)I&android.os.BaseBundle.putString(Ljava/lang/String;Ljava/lang/String;)V&android.content.Context.getPackageName()Ljava/lang/String;&android.text.TextUtils.isEmpty(Ljava/lang/CharSequence;)Z	SDK_INT <= 7	BackwardImprovement	"If you want to support older versions (<= 7), add a check and handle using these APIs: android.os.Bundle.<init>()V --- android.os.BaseBundle.putInt(Ljava/lang/String;I)V --- android.net.http.SslError.getPrimaryError()I --- android.net.http.SslError.getUrl()Ljava/lang/String; --- android.util.Log.i(Ljava/lang/String;Ljava/lang/String;)I --- android.os.BaseBundle.putString(Ljava/lang/String;Ljava/lang/String;)V --- android.content.Context.getPackageName()Ljava/lang/String; --- android.text.TextUtils.isEmpty(Ljava/lang/CharSequence;)Z"	0.0
