app	version	sdk_min	sdk_trg	method	fromLine	toLine	apis	alternative	ruleCheck	warning	message	confidence
com.cookiegames.smartcookie	10.1.0	19	29	leakcanary.internal.RequestStoragePermissionActivity.hasStoragePermission()Z	-1	-1	android.content.ContextWrapper.checkSelfPermission(Ljava/lang/String;)I		SDK_INT <= 22	BackwardCriticalBug	"[Critical] The APIs you are using must be used only in new Android versions (SDK_INT <= 22). Check the Android version before using them. "	0.0
com.cookiegames.smartcookie	10.1.0	19	29	leakcanary.internal.RequestStoragePermissionActivity.onCreate(Landroid/os/Bundle;)V	-1	-1	android.app.Activity.requestPermissions([Ljava/lang/String;I)V		SDK_INT <= 22	BackwardCriticalBug	"[Critical] The APIs you are using must be used only in new Android versions (SDK_INT <= 22). Check the Android version before using them. "	0.0
com.cookiegames.smartcookie	10.1.0	19	29	androidx.core.widget.TextViewCompat$OreoCallback.isSupportedActivity(Landroid/content/pm/ResolveInfo;Landroid/content/Context;)Z	-1	-1	android.content.Context.checkSelfPermission(Ljava/lang/String;)I		SDK_INT <= 22	BackwardCriticalBug	"[Critical] The APIs you are using must be used only in new Android versions (SDK_INT <= 22). Check the Android version before using them. "	0.0
com.cookiegames.smartcookie	10.1.0	19	29	com.cookiegames.smartcookie.view.SmartCookieView.initializeSettings(Landroid/webkit/WebView;)V	-1	-1	android.webkit.WebSettings.setMixedContentMode(I)V		SDK_INT <= 20	BackwardCriticalBug	"[Critical] The APIs you are using must be used only in new Android versions (SDK_INT <= 20). Check the Android version before using them. "	0.0
com.cookiegames.smartcookie	10.1.0	19	29	com.cookiegames.smartcookie.view.SmartCookieView.initializeSettings(Landroid/webkit/WebView;)V	-1	-1	android.webkit.WebSettings.setMixedContentMode(I)V		SDK_INT <= 20	BackwardCriticalBug	"[Critical] The APIs you are using must be used only in new Android versions (SDK_INT <= 20). Check the Android version before using them. "	0.0
com.cookiegames.smartcookie	10.1.0	19	29	androidx.print.PrintHelper$PrintUriAdapter.onLayout(Landroid/print/PrintAttributes;Landroid/print/PrintAttributes;Landroid/os/CancellationSignal;Landroid/print/PrintDocumentAdapter$LayoutResultCallback;Landroid/os/Bundle;)V	-1	-1	android.os.AsyncTask.execute([Ljava/lang/Object;)Landroid/os/AsyncTask;	android.os.AsyncTask.executeOnExecutor(Ljava/util/concurrent/Executor;[Ljava/lang/Object;)Landroid/os/AsyncTask;	SDK_INT <= -1	ForwardImprovement	"[Info] You should use alternative APIs, since you do not support old Android versions (SDK_INT <= -1). Please, use: android.os.AsyncTask.executeOnExecutor(Ljava/util/concurrent/Executor;[Ljava/lang/Object;)Landroid/os/AsyncTask;."	0.0
com.cookiegames.smartcookie	10.1.0	19	29	androidx.print.PrintHelper.writeBitmap(Landroid/print/PrintAttributes;ILandroid/graphics/Bitmap;Landroid/os/ParcelFileDescriptor;Landroid/os/CancellationSignal;Landroid/print/PrintDocumentAdapter$WriteResultCallback;)V	-1	-1	android.os.AsyncTask.execute([Ljava/lang/Object;)Landroid/os/AsyncTask;	android.os.AsyncTask.executeOnExecutor(Ljava/util/concurrent/Executor;[Ljava/lang/Object;)Landroid/os/AsyncTask;	SDK_INT <= -1	ForwardImprovement	"[Info] You should use alternative APIs, since you do not support old Android versions (SDK_INT <= -1). Please, use: android.os.AsyncTask.executeOnExecutor(Ljava/util/concurrent/Executor;[Ljava/lang/Object;)Landroid/os/AsyncTask;."	0.0
com.cookiegames.smartcookie	10.1.0	19	29	com.cookiegames.smartcookie.reading.activity.ReadingActivity.loadPage(Landroid/content/Intent;)Z	-1	-1	android.os.AsyncTask.execute([Ljava/lang/Object;)Landroid/os/AsyncTask;	android.os.AsyncTask.executeOnExecutor(Ljava/util/concurrent/Executor;[Ljava/lang/Object;)Landroid/os/AsyncTask;	SDK_INT <= -1	ForwardImprovement	"[Info] You should use alternative APIs, since you do not support old Android versions (SDK_INT <= -1). Please, use: android.os.AsyncTask.executeOnExecutor(Ljava/util/concurrent/Executor;[Ljava/lang/Object;)Landroid/os/AsyncTask;."	0.0
com.cookiegames.smartcookie	10.1.0	19	29	androidx.appcompat.widget.Toolbar.onHoverEvent(Landroid/view/MotionEvent;)Z	-1	-1	android.view.MotionEvent.getActionMasked()I	android.view.MotionEvent.getAction()I	SDK_INT <= 7	BackwardImprovement	"If you want to support older versions (<= 7), add a check and handle using these APIs: android.view.MotionEvent.getAction()I"	0.0
com.cookiegames.smartcookie	10.1.0	19	29	androidx.appcompat.widget.Toolbar.onTouchEvent(Landroid/view/MotionEvent;)Z	-1	-1	android.view.MotionEvent.getActionMasked()I	android.view.MotionEvent.getAction()I	SDK_INT <= 7	BackwardImprovement	"If you want to support older versions (<= 7), add a check and handle using these APIs: android.view.MotionEvent.getAction()I"	0.0
com.cookiegames.smartcookie	10.1.0	19	29	androidx.appcompat.app.AppCompatDelegateImpl.startSupportActionModeFromWindow(Landroidx/appcompat/view/ActionMode$Callback;)Landroidx/appcompat/view/ActionMode;	-1	-1	android.view.View.setAlpha(F)V	android.view.View.setVisibility(I)V	SDK_INT <= 10	BackwardImprovement	"If you want to support older versions (<= 10), add a check and handle using these APIs: android.view.View.setVisibility(I)V"	0.0
com.cookiegames.smartcookie	10.1.0	19	29	androidx.appcompat.app.AppCompatDelegateImpl.startSupportActionModeFromWindow(Landroidx/appcompat/view/ActionMode$Callback;)Landroidx/appcompat/view/ActionMode;	-1	-1	android.view.View.setAlpha(F)V	android.view.View.setVisibility(I)V	SDK_INT <= 10	BackwardImprovement	"If you want to support older versions (<= 10), add a check and handle using these APIs: android.view.View.setVisibility(I)V"	0.0
com.cookiegames.smartcookie	10.1.0	19	29	leakcanary.internal.activity.LeakActivity.onNewScreen(Lleakcanary/internal/navigation/Screen;)V	-1	-1	android.view.View.setAlpha(F)V	android.view.View.setVisibility(I)V	SDK_INT <= 10	BackwardImprovement	"If you want to support older versions (<= 10), add a check and handle using these APIs: android.view.View.setVisibility(I)V"	0.0
com.cookiegames.smartcookie	10.1.0	19	29	leakcanary.internal.activity.LeakActivity.onNewScreen(Lleakcanary/internal/navigation/Screen;)V	-1	-1	android.view.View.setAlpha(F)V	android.view.View.setVisibility(I)V	SDK_INT <= 10	BackwardImprovement	"If you want to support older versions (<= 10), add a check and handle using these APIs: android.view.View.setVisibility(I)V"	0.0
com.cookiegames.smartcookie	10.1.0	19	29	leakcanary.internal.activity.LeakActivity.onNewScreen(Lleakcanary/internal/navigation/Screen;)V	-1	-1	android.view.View.setAlpha(F)V	android.view.View.setVisibility(I)V	SDK_INT <= 10	BackwardImprovement	"If you want to support older versions (<= 10), add a check and handle using these APIs: android.view.View.setVisibility(I)V"	0.0
com.cookiegames.smartcookie	10.1.0	19	29	leakcanary.internal.activity.LeakActivity.onNewScreen(Lleakcanary/internal/navigation/Screen;)V	-1	-1	android.view.View.setAlpha(F)V	android.view.View.setVisibility(I)V	SDK_INT <= 10	BackwardImprovement	"If you want to support older versions (<= 10), add a check and handle using these APIs: android.view.View.setVisibility(I)V"	0.0
com.cookiegames.smartcookie	10.1.0	19	29	leakcanary.internal.activity.LeakActivity.onNewScreen(Lleakcanary/internal/navigation/Screen;)V	-1	-1	android.view.View.setAlpha(F)V	android.view.View.setVisibility(I)V	SDK_INT <= 10	BackwardImprovement	"If you want to support older versions (<= 10), add a check and handle using these APIs: android.view.View.setVisibility(I)V"	0.0
com.cookiegames.smartcookie	10.1.0	19	29	leakcanary.internal.activity.LeakActivity.onNewScreen(Lleakcanary/internal/navigation/Screen;)V	-1	-1	android.view.View.setAlpha(F)V	android.view.View.setVisibility(I)V	SDK_INT <= 10	BackwardImprovement	"If you want to support older versions (<= 10), add a check and handle using these APIs: android.view.View.setVisibility(I)V"	0.0
com.cookiegames.smartcookie	10.1.0	19	29	leakcanary.internal.activity.LeakActivity.onNewScreen(Lleakcanary/internal/navigation/Screen;)V	-1	-1	android.view.View.setAlpha(F)V	android.view.View.setVisibility(I)V	SDK_INT <= 10	BackwardImprovement	"If you want to support older versions (<= 10), add a check and handle using these APIs: android.view.View.setVisibility(I)V"	0.0
com.cookiegames.smartcookie	10.1.0	19	29	leakcanary.internal.activity.LeakActivity.onNewScreen(Lleakcanary/internal/navigation/Screen;)V	-1	-1	android.view.View.setAlpha(F)V	android.view.View.setVisibility(I)V	SDK_INT <= 10	BackwardImprovement	"If you want to support older versions (<= 10), add a check and handle using these APIs: android.view.View.setVisibility(I)V"	0.0
com.cookiegames.smartcookie	10.1.0	19	29	leakcanary.internal.activity.LeakActivity.onNewScreen(Lleakcanary/internal/navigation/Screen;)V	-1	-1	android.view.View.setAlpha(F)V	android.view.View.setVisibility(I)V	SDK_INT <= 10	BackwardImprovement	"If you want to support older versions (<= 10), add a check and handle using these APIs: android.view.View.setVisibility(I)V"	0.0
com.cookiegames.smartcookie	10.1.0	19	29	leakcanary.internal.activity.screen.LeakScreen.onLeakTraceSelected(Landroid/view/View;Lshark/HeapAnalysisSuccess;JI)V	-1	-1	android.view.View.setAlpha(F)V	android.view.View.setVisibility(I)V	SDK_INT <= 10	BackwardImprovement	"If you want to support older versions (<= 10), add a check and handle using these APIs: android.view.View.setVisibility(I)V"	0.0
com.cookiegames.smartcookie	10.1.0	19	29	androidx.appcompat.app.AppCompatDelegateImpl$6.run()V	-1	-1	android.view.View.setAlpha(F)V	android.view.View.setVisibility(I)V	SDK_INT <= 10	BackwardImprovement	"If you want to support older versions (<= 10), add a check and handle using these APIs: android.view.View.setVisibility(I)V"	0.0
com.cookiegames.smartcookie	10.1.0	19	29	androidx.appcompat.app.AppCompatDelegateImpl$6.run()V	-1	-1	android.view.View.setAlpha(F)V	android.view.View.setVisibility(I)V	SDK_INT <= 10	BackwardImprovement	"If you want to support older versions (<= 10), add a check and handle using these APIs: android.view.View.setVisibility(I)V"	0.0
com.cookiegames.smartcookie	10.1.0	19	29	androidx.appcompat.widget.AbsActionBarView.onHoverEvent(Landroid/view/MotionEvent;)Z	-1	-1	android.view.MotionEvent.getActionMasked()I	android.view.MotionEvent.getAction()I	SDK_INT <= 7	BackwardImprovement	"If you want to support older versions (<= 7), add a check and handle using these APIs: android.view.MotionEvent.getAction()I"	0.0
com.cookiegames.smartcookie	10.1.0	19	29	androidx.appcompat.widget.AbsActionBarView.onTouchEvent(Landroid/view/MotionEvent;)Z	-1	-1	android.view.MotionEvent.getActionMasked()I	android.view.MotionEvent.getAction()I	SDK_INT <= 7	BackwardImprovement	"If you want to support older versions (<= 7), add a check and handle using these APIs: android.view.MotionEvent.getAction()I"	0.0
com.cookiegames.smartcookie	10.1.0	19	29	androidx.appcompat.widget.AbsActionBarView.setupAnimatorToVisibility(IJ)Landroidx/core/view/ViewPropertyAnimatorCompat;	-1	-1	android.view.View.setAlpha(F)V	android.view.View.setVisibility(I)V	SDK_INT <= 10	BackwardImprovement	"If you want to support older versions (<= 10), add a check and handle using these APIs: android.view.View.setVisibility(I)V"	0.0
com.cookiegames.smartcookie	10.1.0	19	29	androidx.appcompat.widget.DropDownListView.onForwardedEvent(Landroid/view/MotionEvent;I)Z	-1	-1	android.view.MotionEvent.getActionMasked()I	android.view.MotionEvent.getAction()I	SDK_INT <= 7	BackwardImprovement	"If you want to support older versions (<= 7), add a check and handle using these APIs: android.view.MotionEvent.getAction()I"	0.0
com.cookiegames.smartcookie	10.1.0	19	29	androidx.appcompat.widget.ForwardingListener.onTouchForwarded(Landroid/view/MotionEvent;)Z	-1	-1	android.view.MotionEvent.getActionMasked()I	android.view.MotionEvent.getAction()I	SDK_INT <= 7	BackwardImprovement	"If you want to support older versions (<= 7), add a check and handle using these APIs: android.view.MotionEvent.getAction()I"	0.0
com.cookiegames.smartcookie	10.1.0	19	29	androidx.appcompat.widget.ForwardingListener.onTouchObserved(Landroid/view/MotionEvent;)Z	-1	-1	android.view.MotionEvent.getActionMasked()I	android.view.MotionEvent.getAction()I	SDK_INT <= 7	BackwardImprovement	"If you want to support older versions (<= 7), add a check and handle using these APIs: android.view.MotionEvent.getAction()I"	0.0
com.cookiegames.smartcookie	10.1.0	19	29	androidx.appcompat.widget.ScrollingTabContainerView.animateToVisibility(I)V	-1	-1	android.view.View.setAlpha(F)V	android.view.View.setVisibility(I)V	SDK_INT <= 10	BackwardImprovement	"If you want to support older versions (<= 10), add a check and handle using these APIs: android.view.View.setVisibility(I)V"	0.0
com.cookiegames.smartcookie	10.1.0	19	29	androidx.appcompat.widget.SwitchCompat.onTouchEvent(Landroid/view/MotionEvent;)Z	-1	-1	android.view.MotionEvent.getActionMasked()I	android.view.MotionEvent.getAction()I	SDK_INT <= 7	BackwardImprovement	"If you want to support older versions (<= 7), add a check and handle using these APIs: android.view.MotionEvent.getAction()I"	0.0
com.cookiegames.smartcookie	10.1.0	19	29	androidx.constraintlayout.widget.ConstraintProperties.alpha(F)Landroidx/constraintlayout/widget/ConstraintProperties;	-1	-1	android.view.View.setAlpha(F)V	android.view.View.setVisibility(I)V	SDK_INT <= 10	BackwardImprovement	"If you want to support older versions (<= 10), add a check and handle using these APIs: android.view.View.setVisibility(I)V"	0.0
com.cookiegames.smartcookie	10.1.0	19	29	androidx.constraintlayout.widget.ConstraintProperties.scaleX(F)Landroidx/constraintlayout/widget/ConstraintProperties;	-1	-1	android.view.View.setScaleY(F)V		SDK_INT <= 10	BackwardImprovement	"If you want to support older versions (<= 10), add a check and handle using these APIs: "	0.0
com.cookiegames.smartcookie	10.1.0	19	29	androidx.core.view.MotionEventCompat.getActionMasked(Landroid/view/MotionEvent;)I	-1	-1	android.view.MotionEvent.getActionMasked()I	android.view.MotionEvent.getAction()I	SDK_INT <= 7	BackwardImprovement	"If you want to support older versions (<= 7), add a check and handle using these APIs: android.view.MotionEvent.getAction()I"	0.0
com.cookiegames.smartcookie	10.1.0	19	29	androidx.core.view.ViewCompat.setAlpha(Landroid/view/View;F)V	-1	-1	android.view.View.setAlpha(F)V	android.view.View.setVisibility(I)V	SDK_INT <= 10	BackwardImprovement	"If you want to support older versions (<= 10), add a check and handle using these APIs: android.view.View.setVisibility(I)V"	0.0
com.cookiegames.smartcookie	10.1.0	19	29	androidx.core.view.ViewCompat.setScaleY(Landroid/view/View;F)V	-1	-1	android.view.View.setScaleY(F)V		SDK_INT <= 10	BackwardImprovement	"If you want to support older versions (<= 10), add a check and handle using these APIs: "	0.0
com.cookiegames.smartcookie	10.1.0	19	29	androidx.core.widget.AutoScrollHelper.onTouch(Landroid/view/View;Landroid/view/MotionEvent;)Z	-1	-1	android.view.MotionEvent.getActionMasked()I	android.view.MotionEvent.getAction()I	SDK_INT <= 7	BackwardImprovement	"If you want to support older versions (<= 7), add a check and handle using these APIs: android.view.MotionEvent.getAction()I"	0.0
com.cookiegames.smartcookie	10.1.0	19	29	androidx.customview.widget.ViewDragHelper.processTouchEvent(Landroid/view/MotionEvent;)V	-1	-1	android.view.MotionEvent.getActionMasked()I	android.view.MotionEvent.getAction()I	SDK_INT <= 7	BackwardImprovement	"If you want to support older versions (<= 7), add a check and handle using these APIs: android.view.MotionEvent.getAction()I"	0.0
com.cookiegames.smartcookie	10.1.0	19	29	androidx.customview.widget.ViewDragHelper.shouldInterceptTouchEvent(Landroid/view/MotionEvent;)Z	-1	-1	android.view.MotionEvent.getActionMasked()I	android.view.MotionEvent.getAction()I	SDK_INT <= 7	BackwardImprovement	"If you want to support older versions (<= 7), add a check and handle using these APIs: android.view.MotionEvent.getAction()I"	0.0
com.cookiegames.smartcookie	10.1.0	19	29	androidx.fragment.app.FragmentManager.makeRemovedFragmentsInvisible(Landroidx/collection/ArraySet;)V	-1	-1	android.view.View.setAlpha(F)V	android.view.View.setVisibility(I)V	SDK_INT <= 10	BackwardImprovement	"If you want to support older versions (<= 10), add a check and handle using these APIs: android.view.View.setVisibility(I)V"	0.0
com.cookiegames.smartcookie	10.1.0	19	29	androidx.fragment.app.FragmentManager.completeExecute(Landroidx/fragment/app/BackStackRecord;ZZZ)V	-1	-1	android.view.View.setAlpha(F)V	android.view.View.setVisibility(I)V	SDK_INT <= 10	BackwardImprovement	"If you want to support older versions (<= 10), add a check and handle using these APIs: android.view.View.setVisibility(I)V"	0.0
com.cookiegames.smartcookie	10.1.0	19	29	androidx.fragment.app.FragmentManager.moveFragmentToExpectedState(Landroidx/fragment/app/Fragment;)V	-1	-1	android.view.View.setAlpha(F)V	android.view.View.setVisibility(I)V	SDK_INT <= 10	BackwardImprovement	"If you want to support older versions (<= 10), add a check and handle using these APIs: android.view.View.setVisibility(I)V"	0.0
com.cookiegames.smartcookie	10.1.0	19	29	androidx.recyclerview.widget.DefaultItemAnimator$4.onAnimationEnd(Landroid/animation/Animator;)V	-1	-1	android.view.View.setAlpha(F)V	android.view.View.setVisibility(I)V	SDK_INT <= 10	BackwardImprovement	"If you want to support older versions (<= 10), add a check and handle using these APIs: android.view.View.setVisibility(I)V"	0.0
com.cookiegames.smartcookie	10.1.0	19	29	androidx.recyclerview.widget.DefaultItemAnimator$5.onAnimationCancel(Landroid/animation/Animator;)V	-1	-1	android.view.View.setAlpha(F)V	android.view.View.setVisibility(I)V	SDK_INT <= 10	BackwardImprovement	"If you want to support older versions (<= 10), add a check and handle using these APIs: android.view.View.setVisibility(I)V"	0.0
com.cookiegames.smartcookie	10.1.0	19	29	androidx.recyclerview.widget.DefaultItemAnimator$7.onAnimationEnd(Landroid/animation/Animator;)V	-1	-1	android.view.View.setAlpha(F)V	android.view.View.setVisibility(I)V	SDK_INT <= 10	BackwardImprovement	"If you want to support older versions (<= 10), add a check and handle using these APIs: android.view.View.setVisibility(I)V"	0.0
com.cookiegames.smartcookie	10.1.0	19	29	androidx.recyclerview.widget.DefaultItemAnimator$8.onAnimationEnd(Landroid/animation/Animator;)V	-1	-1	android.view.View.setAlpha(F)V	android.view.View.setVisibility(I)V	SDK_INT <= 10	BackwardImprovement	"If you want to support older versions (<= 10), add a check and handle using these APIs: android.view.View.setVisibility(I)V"	0.0
com.cookiegames.smartcookie	10.1.0	19	29	androidx.slidingpanelayout.widget.SlidingPaneLayout.onInterceptTouchEvent(Landroid/view/MotionEvent;)Z	-1	-1	android.view.MotionEvent.getActionMasked()I	android.view.MotionEvent.getAction()I	SDK_INT <= 7	BackwardImprovement	"If you want to support older versions (<= 7), add a check and handle using these APIs: android.view.MotionEvent.getAction()I"	0.0
com.cookiegames.smartcookie	10.1.0	19	29	androidx.slidingpanelayout.widget.SlidingPaneLayout.onTouchEvent(Landroid/view/MotionEvent;)Z	-1	-1	android.view.MotionEvent.getActionMasked()I	android.view.MotionEvent.getAction()I	SDK_INT <= 7	BackwardImprovement	"If you want to support older versions (<= 7), add a check and handle using these APIs: android.view.MotionEvent.getAction()I"	0.0
com.cookiegames.smartcookie	10.1.0	19	29	androidx.transition.ViewUtilsBase.setAnimationMatrix(Landroid/view/View;Landroid/graphics/Matrix;)V	-1	-1	android.view.View.setScaleY(F)V		SDK_INT <= 10	BackwardImprovement	"If you want to support older versions (<= 10), add a check and handle using these APIs: "	0.0
com.cookiegames.smartcookie	10.1.0	19	29	androidx.transition.ViewUtilsBase.setAnimationMatrix(Landroid/view/View;Landroid/graphics/Matrix;)V	-1	-1	android.view.View.setScaleY(F)V		SDK_INT <= 10	BackwardImprovement	"If you want to support older versions (<= 10), add a check and handle using these APIs: "	0.0
com.cookiegames.smartcookie	10.1.0	19	29	androidx.transition.ViewUtilsBase.setTransitionAlpha(Landroid/view/View;F)V	-1	-1	android.view.View.setAlpha(F)V	android.view.View.setVisibility(I)V	SDK_INT <= 10	BackwardImprovement	"If you want to support older versions (<= 10), add a check and handle using these APIs: android.view.View.setVisibility(I)V"	0.0
com.cookiegames.smartcookie	10.1.0	19	29	androidx.transition.ViewUtilsBase.setTransitionAlpha(Landroid/view/View;F)V	-1	-1	android.view.View.setAlpha(F)V	android.view.View.setVisibility(I)V	SDK_INT <= 10	BackwardImprovement	"If you want to support older versions (<= 10), add a check and handle using these APIs: android.view.View.setVisibility(I)V"	0.0
com.cookiegames.smartcookie	10.1.0	19	29	com.cookiegames.smartcookie.favicon.FaviconModel$faviconCache$1.sizeOf(Ljava/lang/String;Landroid/graphics/Bitmap;)I	-1	-1	android.graphics.Bitmap.getByteCount()I	android.graphics.Bitmap.getRowBytes()I&android.graphics.Bitmap.getHeight()I	SDK_INT <= 11	BackwardImprovement	"If you want to support older versions (<= 11), add a check and handle using these APIs: android.graphics.Bitmap.getRowBytes()I --- android.graphics.Bitmap.getHeight()I"	0.0
com.cookiegames.smartcookie	10.1.0	19	29	com.cookiegames.smartcookie.view.SmartCookieView.initializeSettings(Landroid/webkit/WebView;)V	-1	-1	android.webkit.WebSettings.setMediaPlaybackRequiresUserGesture(Z)V		SDK_INT <= 16	BackwardImprovement	"If you want to support older versions (<= 16), add a check and handle using these APIs: "	0.0
com.cookiegames.smartcookie	10.1.0	19	29	com.cookiegames.smartcookie.view.SmartCookieView.initializeSettings(Landroid/webkit/WebView;)V	-1	-1	android.webkit.WebSettings.setAllowUniversalAccessFromFileURLs(Z)V		SDK_INT <= 15	BackwardImprovement	"If you want to support older versions (<= 15), add a check and handle using these APIs: "	0.0
com.cookiegames.smartcookie	10.1.0	19	29	androidx.appcompat.app.WindowDecorActionBar.doHide(Z)V	-1	-1	android.view.View.setAlpha(F)V	android.view.View.setVisibility(I)V	SDK_INT <= 10	BackwardImprovement	"If you want to support older versions (<= 10), add a check and handle using these APIs: android.view.View.setVisibility(I)V"	0.0
com.cookiegames.smartcookie	10.1.0	19	29	androidx.appcompat.app.WindowDecorActionBar.doShow(Z)V	-1	-1	android.view.View.setAlpha(F)V	android.view.View.setVisibility(I)V	SDK_INT <= 10	BackwardImprovement	"If you want to support older versions (<= 10), add a check and handle using these APIs: android.view.View.setVisibility(I)V"	0.0
com.cookiegames.smartcookie	10.1.0	19	29	androidx.constraintlayout.helper.widget.Layer.transform()V	-1	-1	android.view.View.setScaleY(F)V		SDK_INT <= 10	BackwardImprovement	"If you want to support older versions (<= 10), add a check and handle using these APIs: "	0.0
com.cookiegames.smartcookie	10.1.0	19	29	androidx.constraintlayout.motion.widget.KeyCycleOscillator$AlphaSet.setProperty(Landroid/view/View;F)V	-1	-1	android.view.View.setAlpha(F)V	android.view.View.setVisibility(I)V	SDK_INT <= 10	BackwardImprovement	"If you want to support older versions (<= 10), add a check and handle using these APIs: android.view.View.setVisibility(I)V"	0.0
com.cookiegames.smartcookie	10.1.0	19	29	androidx.constraintlayout.motion.widget.KeyCycleOscillator$ScaleYset.setProperty(Landroid/view/View;F)V	-1	-1	android.view.View.setScaleY(F)V		SDK_INT <= 10	BackwardImprovement	"If you want to support older versions (<= 10), add a check and handle using these APIs: "	0.0
com.cookiegames.smartcookie	10.1.0	19	29	androidx.constraintlayout.motion.widget.SplineSet$AlphaSet.setProperty(Landroid/view/View;F)V	-1	-1	android.view.View.setAlpha(F)V	android.view.View.setVisibility(I)V	SDK_INT <= 10	BackwardImprovement	"If you want to support older versions (<= 10), add a check and handle using these APIs: android.view.View.setVisibility(I)V"	0.0
com.cookiegames.smartcookie	10.1.0	19	29	androidx.constraintlayout.motion.widget.SplineSet$ScaleYset.setProperty(Landroid/view/View;F)V	-1	-1	android.view.View.setScaleY(F)V		SDK_INT <= 10	BackwardImprovement	"If you want to support older versions (<= 10), add a check and handle using these APIs: "	0.0
com.cookiegames.smartcookie	10.1.0	19	29	androidx.constraintlayout.motion.widget.TimeCycleSplineSet$AlphaSet.setProperty(Landroid/view/View;FJLandroidx/constraintlayout/motion/widget/KeyCache;)Z	-1	-1	android.view.View.setAlpha(F)V	android.view.View.setVisibility(I)V	SDK_INT <= 10	BackwardImprovement	"If you want to support older versions (<= 10), add a check and handle using these APIs: android.view.View.setVisibility(I)V"	0.0
com.cookiegames.smartcookie	10.1.0	19	29	androidx.constraintlayout.motion.widget.TimeCycleSplineSet$ScaleYset.setProperty(Landroid/view/View;FJLandroidx/constraintlayout/motion/widget/KeyCache;)Z	-1	-1	android.view.View.setScaleY(F)V		SDK_INT <= 10	BackwardImprovement	"If you want to support older versions (<= 10), add a check and handle using these APIs: "	0.0
com.cookiegames.smartcookie	10.1.0	19	29	androidx.drawerlayout.widget.DrawerLayout.onInterceptTouchEvent(Landroid/view/MotionEvent;)Z	-1	-1	android.view.MotionEvent.getActionMasked()I	android.view.MotionEvent.getAction()I	SDK_INT <= 7	BackwardImprovement	"If you want to support older versions (<= 7), add a check and handle using these APIs: android.view.MotionEvent.getAction()I"	0.0
com.cookiegames.smartcookie	10.1.0	19	29	androidx.recyclerview.widget.ItemTouchHelper$2.onInterceptTouchEvent(Landroidx/recyclerview/widget/RecyclerView;Landroid/view/MotionEvent;)Z	-1	-1	android.view.MotionEvent.getActionMasked()I	android.view.MotionEvent.getAction()I	SDK_INT <= 7	BackwardImprovement	"If you want to support older versions (<= 7), add a check and handle using these APIs: android.view.MotionEvent.getAction()I"	0.0
com.cookiegames.smartcookie	10.1.0	19	29	androidx.recyclerview.widget.ItemTouchHelper$2.onTouchEvent(Landroidx/recyclerview/widget/RecyclerView;Landroid/view/MotionEvent;)V	-1	-1	android.view.MotionEvent.getActionMasked()I	android.view.MotionEvent.getAction()I	SDK_INT <= 7	BackwardImprovement	"If you want to support older versions (<= 7), add a check and handle using these APIs: android.view.MotionEvent.getAction()I"	0.0
com.cookiegames.smartcookie	10.1.0	19	29	androidx.swiperefreshlayout.widget.SwipeRefreshLayout.moveSpinner(F)V	-1	-1	android.view.View.setScaleY(F)V		SDK_INT <= 10	BackwardImprovement	"If you want to support older versions (<= 10), add a check and handle using these APIs: "	0.0
com.cookiegames.smartcookie	10.1.0	19	29	androidx.swiperefreshlayout.widget.SwipeRefreshLayout.onInterceptTouchEvent(Landroid/view/MotionEvent;)Z	-1	-1	android.view.MotionEvent.getActionMasked()I	android.view.MotionEvent.getAction()I	SDK_INT <= 7	BackwardImprovement	"If you want to support older versions (<= 7), add a check and handle using these APIs: android.view.MotionEvent.getAction()I"	0.0
com.cookiegames.smartcookie	10.1.0	19	29	androidx.swiperefreshlayout.widget.SwipeRefreshLayout.onTouchEvent(Landroid/view/MotionEvent;)Z	-1	-1	android.view.MotionEvent.getActionMasked()I	android.view.MotionEvent.getAction()I	SDK_INT <= 7	BackwardImprovement	"If you want to support older versions (<= 7), add a check and handle using these APIs: android.view.MotionEvent.getAction()I"	0.0
com.cookiegames.smartcookie	10.1.0	19	29	androidx.swiperefreshlayout.widget.SwipeRefreshLayout.setAnimationProgress(F)V	-1	-1	android.view.View.setScaleY(F)V		SDK_INT <= 10	BackwardImprovement	"If you want to support older versions (<= 10), add a check and handle using these APIs: "	0.0
com.cookiegames.smartcookie	10.1.0	19	29	androidx.transition.ChangeTransform.setTransforms(Landroid/view/View;FFFFFFFF)V	-1	-1	android.view.View.setScaleY(F)V		SDK_INT <= 10	BackwardImprovement	"If you want to support older versions (<= 10), add a check and handle using these APIs: "	0.0
com.cookiegames.smartcookie	10.1.0	19	29	androidx.transition.ViewUtilsApi19.setTransitionAlpha(Landroid/view/View;F)V	-1	-1	android.view.View.setAlpha(F)V	android.view.View.setVisibility(I)V	SDK_INT <= 10	BackwardImprovement	"If you want to support older versions (<= 10), add a check and handle using these APIs: android.view.View.setVisibility(I)V"	0.0
com.cookiegames.smartcookie	10.1.0	19	29	com.cookiegames.smartcookie.browser.tabs.TabsDesktopAdapter.updateViewHolderAppearance(Lcom/cookiegames/smartcookie/browser/tabs/TabViewHolder;Landroid/graphics/Bitmap;Z)V	-1	-1	android.view.View.setBackground(Landroid/graphics/drawable/Drawable;)V	android.view.View.setBackgroundDrawable(Landroid/graphics/drawable/Drawable;)V	SDK_INT <= 15	BackwardImprovement	"If you want to support older versions (<= 15), add a check and handle using these APIs: android.view.View.setBackgroundDrawable(Landroid/graphics/drawable/Drawable;)V"	0.0
com.cookiegames.smartcookie	10.1.0	19	29	com.cookiegames.smartcookie.browser.tabs.TabsDesktopAdapter.updateViewHolderAppearance(Lcom/cookiegames/smartcookie/browser/tabs/TabViewHolder;Landroid/graphics/Bitmap;Z)V	-1	-1	android.view.View.setBackground(Landroid/graphics/drawable/Drawable;)V	android.view.View.setBackgroundDrawable(Landroid/graphics/drawable/Drawable;)V	SDK_INT <= 15	BackwardImprovement	"If you want to support older versions (<= 15), add a check and handle using these APIs: android.view.View.setBackgroundDrawable(Landroid/graphics/drawable/Drawable;)V"	0.0
com.cookiegames.smartcookie	10.1.0	19	29	com.cookiegames.smartcookie.browser.tabs.TabsDrawerAdapter.onCreateViewHolder(Landroid/view/ViewGroup;I)Lcom/cookiegames/smartcookie/browser/tabs/TabViewHolder;	-1	-1	android.view.View.setBackground(Landroid/graphics/drawable/Drawable;)V	android.view.View.setBackgroundDrawable(Landroid/graphics/drawable/Drawable;)V	SDK_INT <= 15	BackwardImprovement	"If you want to support older versions (<= 15), add a check and handle using these APIs: android.view.View.setBackgroundDrawable(Landroid/graphics/drawable/Drawable;)V"	0.0
com.cookiegames.smartcookie	10.1.0	19	29	androidx.appcompat.app.AppCompatDelegateImpl$6$1.onAnimationEnd(Landroid/view/View;)V	-1	-1	android.view.View.setAlpha(F)V	android.view.View.setVisibility(I)V	SDK_INT <= 10	BackwardImprovement	"If you want to support older versions (<= 10), add a check and handle using these APIs: android.view.View.setVisibility(I)V"	0.0
com.cookiegames.smartcookie	10.1.0	19	29	androidx.appcompat.app.AppCompatDelegateImpl$7.onAnimationEnd(Landroid/view/View;)V	-1	-1	android.view.View.setAlpha(F)V	android.view.View.setVisibility(I)V	SDK_INT <= 10	BackwardImprovement	"If you want to support older versions (<= 10), add a check and handle using these APIs: android.view.View.setVisibility(I)V"	0.0
com.cookiegames.smartcookie	10.1.0	19	29	androidx.recyclerview.widget.DefaultItemAnimator.endChangeAnimationIfNecessary(Landroidx/recyclerview/widget/DefaultItemAnimator$ChangeInfo;Landroidx/recyclerview/widget/RecyclerView$ViewHolder;)Z	-1	-1	android.view.View.setAlpha(F)V	android.view.View.setVisibility(I)V	SDK_INT <= 10	BackwardImprovement	"If you want to support older versions (<= 10), add a check and handle using these APIs: android.view.View.setVisibility(I)V"	0.0
com.cookiegames.smartcookie	10.1.0	19	29	androidx.recyclerview.widget.DefaultItemAnimator.animateAdd(Landroidx/recyclerview/widget/RecyclerView$ViewHolder;)Z	-1	-1	android.view.View.setAlpha(F)V	android.view.View.setVisibility(I)V	SDK_INT <= 10	BackwardImprovement	"If you want to support older versions (<= 10), add a check and handle using these APIs: android.view.View.setVisibility(I)V"	0.0
com.cookiegames.smartcookie	10.1.0	19	29	androidx.recyclerview.widget.DefaultItemAnimator.animateChange(Landroidx/recyclerview/widget/RecyclerView$ViewHolder;Landroidx/recyclerview/widget/RecyclerView$ViewHolder;IIII)Z	-1	-1	android.view.View.setAlpha(F)V	android.view.View.setVisibility(I)V	SDK_INT <= 10	BackwardImprovement	"If you want to support older versions (<= 10), add a check and handle using these APIs: android.view.View.setVisibility(I)V"	0.0
com.cookiegames.smartcookie	10.1.0	19	29	androidx.recyclerview.widget.DefaultItemAnimator.animateChange(Landroidx/recyclerview/widget/RecyclerView$ViewHolder;Landroidx/recyclerview/widget/RecyclerView$ViewHolder;IIII)Z	-1	-1	android.view.View.setAlpha(F)V	android.view.View.setVisibility(I)V	SDK_INT <= 10	BackwardImprovement	"If you want to support older versions (<= 10), add a check and handle using these APIs: android.view.View.setVisibility(I)V"	0.0
com.cookiegames.smartcookie	10.1.0	19	29	androidx.recyclerview.widget.DefaultItemAnimator.endAnimation(Landroidx/recyclerview/widget/RecyclerView$ViewHolder;)V	-1	-1	android.view.View.setAlpha(F)V	android.view.View.setVisibility(I)V	SDK_INT <= 10	BackwardImprovement	"If you want to support older versions (<= 10), add a check and handle using these APIs: android.view.View.setVisibility(I)V"	0.0
com.cookiegames.smartcookie	10.1.0	19	29	androidx.recyclerview.widget.DefaultItemAnimator.endAnimation(Landroidx/recyclerview/widget/RecyclerView$ViewHolder;)V	-1	-1	android.view.View.setAlpha(F)V	android.view.View.setVisibility(I)V	SDK_INT <= 10	BackwardImprovement	"If you want to support older versions (<= 10), add a check and handle using these APIs: android.view.View.setVisibility(I)V"	0.0
com.cookiegames.smartcookie	10.1.0	19	29	androidx.recyclerview.widget.DefaultItemAnimator.endAnimation(Landroidx/recyclerview/widget/RecyclerView$ViewHolder;)V	-1	-1	android.view.View.setAlpha(F)V	android.view.View.setVisibility(I)V	SDK_INT <= 10	BackwardImprovement	"If you want to support older versions (<= 10), add a check and handle using these APIs: android.view.View.setVisibility(I)V"	0.0
com.cookiegames.smartcookie	10.1.0	19	29	androidx.recyclerview.widget.DefaultItemAnimator.endAnimations()V	-1	-1	android.view.View.setAlpha(F)V	android.view.View.setVisibility(I)V	SDK_INT <= 10	BackwardImprovement	"If you want to support older versions (<= 10), add a check and handle using these APIs: android.view.View.setVisibility(I)V"	0.0
com.cookiegames.smartcookie	10.1.0	19	29	androidx.recyclerview.widget.DefaultItemAnimator.endAnimations()V	-1	-1	android.view.View.setAlpha(F)V	android.view.View.setVisibility(I)V	SDK_INT <= 10	BackwardImprovement	"If you want to support older versions (<= 10), add a check and handle using these APIs: android.view.View.setVisibility(I)V"	0.0
com.cookiegames.smartcookie	10.1.0	19	29	androidx.coordinatorlayout.widget.CoordinatorLayout.performIntercept(Landroid/view/MotionEvent;I)Z	-1	-1	android.view.MotionEvent.getActionMasked()I	android.view.MotionEvent.getAction()I	SDK_INT <= 7	BackwardImprovement	"If you want to support older versions (<= 7), add a check and handle using these APIs: android.view.MotionEvent.getAction()I"	0.0
com.cookiegames.smartcookie	10.1.0	19	29	androidx.coordinatorlayout.widget.CoordinatorLayout.onInterceptTouchEvent(Landroid/view/MotionEvent;)Z	-1	-1	android.view.MotionEvent.getActionMasked()I	android.view.MotionEvent.getAction()I	SDK_INT <= 7	BackwardImprovement	"If you want to support older versions (<= 7), add a check and handle using these APIs: android.view.MotionEvent.getAction()I"	0.0
com.cookiegames.smartcookie	10.1.0	19	29	androidx.coordinatorlayout.widget.CoordinatorLayout.onTouchEvent(Landroid/view/MotionEvent;)Z	-1	-1	android.view.MotionEvent.getActionMasked()I	android.view.MotionEvent.getAction()I	SDK_INT <= 7	BackwardImprovement	"If you want to support older versions (<= 7), add a check and handle using these APIs: android.view.MotionEvent.getAction()I"	0.0
com.cookiegames.smartcookie	10.1.0	19	29	androidx.core.widget.NestedScrollView.onTouchEvent(Landroid/view/MotionEvent;)Z	-1	-1	android.view.MotionEvent.getActionMasked()I	android.view.MotionEvent.getAction()I	SDK_INT <= 7	BackwardImprovement	"If you want to support older versions (<= 7), add a check and handle using these APIs: android.view.MotionEvent.getAction()I"	0.0
com.cookiegames.smartcookie	10.1.0	19	29	androidx.recyclerview.widget.RecyclerView.onInterceptTouchEvent(Landroid/view/MotionEvent;)Z	-1	-1	android.view.MotionEvent.getActionMasked()I	android.view.MotionEvent.getAction()I	SDK_INT <= 7	BackwardImprovement	"If you want to support older versions (<= 7), add a check and handle using these APIs: android.view.MotionEvent.getAction()I"	0.0
com.cookiegames.smartcookie	10.1.0	19	29	androidx.recyclerview.widget.RecyclerView.onTouchEvent(Landroid/view/MotionEvent;)Z	-1	-1	android.view.MotionEvent.getActionMasked()I	android.view.MotionEvent.getAction()I	SDK_INT <= 7	BackwardImprovement	"If you want to support older versions (<= 7), add a check and handle using these APIs: android.view.MotionEvent.getAction()I"	0.0
com.cookiegames.smartcookie	10.1.0	19	29	com.cookiegames.smartcookie.reading.activity.ReadingActivity.setText(Ljava/lang/String;Landroid/text/Spanned;)V	-1	-1	android.view.View.setAlpha(F)V	android.view.View.setVisibility(I)V	SDK_INT <= 10	BackwardImprovement	"If you want to support older versions (<= 10), add a check and handle using these APIs: android.view.View.setVisibility(I)V"	0.0
com.cookiegames.smartcookie	10.1.0	19	29	com.cookiegames.smartcookie.reading.activity.ReadingActivity.setText(Ljava/lang/String;Landroid/text/Spanned;)V	-1	-1	android.view.View.setAlpha(F)V	android.view.View.setVisibility(I)V	SDK_INT <= 10	BackwardImprovement	"If you want to support older versions (<= 10), add a check and handle using these APIs: android.view.View.setVisibility(I)V"	0.0
